<ns3modulegen_core_customizations.SmartPointerTransformation object at 0x7fca1d6d7048>
>>>>>>>>>>>>>>>> [['ns3::ObjectBase *', 'ns3::empty', 'ns3::empty', 'ns3::empty', 'ns3::empty', 'ns3::empty', 'ns3::empty', 'ns3::empty', 'ns3::empty', 'ns3::empty'], ['void', 'ns3::Ptr<ns3::NetDevice>', 'ns3::Ptr<const ns3::Packet>', 'unsigned short', 'const ns3::Address &', 'const ns3::Address &', 'ns3::NetDevice::PacketType', 'ns3::empty', 'ns3::empty', 'ns3::empty'], ['void', 'ns3::Ptr<ns3::NetDevice>', 'ns3::empty', 'ns3::empty', 'ns3::empty', 'ns3::empty', 'ns3::empty', 'ns3::empty', 'ns3::empty', 'ns3::empty'], ['void', 'ns3::Ptr<ns3::Socket>', 'ns3::empty', 'ns3::empty', 'ns3::empty', 'ns3::empty', 'ns3::empty', 'ns3::empty', 'ns3::empty', 'ns3::empty'], ['bool', 'ns3::Ptr<ns3::Socket>', 'const ns3::Address &', 'ns3::empty', 'ns3::empty', 'ns3::empty', 'ns3::empty', 'ns3::empty', 'ns3::empty', 'ns3::empty'], ['void', 'ns3::Ptr<ns3::Socket>', 'const ns3::Address &', 'ns3::empty', 'ns3::empty', 'ns3::empty', 'ns3::empty', 'ns3::empty', 'ns3::empty', 'ns3::empty'], ['void', 'ns3::Ptr<ns3::Socket>', 'unsigned int', 'ns3::empty', 'ns3::empty', 'ns3::empty', 'ns3::empty', 'ns3::empty', 'ns3::empty', 'ns3::empty'], ['void', 'ns3::Ptr<ns3::Ipv4Route>', 'ns3::Ptr<const ns3::Packet>', 'const ns3::Ipv4Header &', 'ns3::empty', 'ns3::empty', 'ns3::empty', 'ns3::empty', 'ns3::empty', 'ns3::empty'], ['void', 'ns3::Ptr<const ns3::Packet>', 'const ns3::Ipv4Header &', 'ns3::Socket::SocketErrno', 'ns3::empty', 'ns3::empty', 'ns3::empty', 'ns3::empty', 'ns3::empty', 'ns3::empty'], ['void', 'const ns3::Ipv4Header &', 'ns3::Ptr<const ns3::Packet>', 'unsigned int', 'ns3::empty', 'ns3::empty', 'ns3::empty', 'ns3::empty', 'ns3::empty', 'ns3::empty'], ['void', 'ns3::Ptr<const ns3::Packet>', 'ns3::Ptr<ns3::Ipv4>', 'unsigned int', 'ns3::empty', 'ns3::empty', 'ns3::empty', 'ns3::empty', 'ns3::empty', 'ns3::empty'], ['void', 'const ns3::Ipv4Header &', 'ns3::Ptr<const ns3::Packet>', 'ns3::Ipv4L3Protocol::DropReason', 'ns3::Ptr<ns3::Ipv4>', 'unsigned int', 'ns3::empty', 'ns3::empty', 'ns3::empty', 'ns3::empty']]
DEBUG:pybindgen.typehandlers:TypeMatcher.lookup('std::basic_string< char, std::char_traits< char >, std::allocator< char > >')
DEBUG:pybindgen.typehandlers:try to lookup type handler for 'std::basic_string< char, std::char_traits< char >, std::allocator< char > >' => failure
'std::basic_string< char, std::char_traits< char >, std::allocator< char > >' did not match
/home/imran/ns-allinone-3.36.1/ns-3.36.1/bindings/python/ns3modulegen-modular.py:30: UserWarning: exception TypeLookupError(['std::basic_string< char, std::char_traits< char >, std::allocator< char > >'],) in wrapper <pybindgen.Container 'std::map< std::string, ns3::LogComponent * >'>
  warnings.warn("exception %r in wrapper %s" % (exception, wrapper))
DEBUG:pybindgen.typehandlers:TypeMatcher.lookup('ns3::Ipv6Address')
DEBUG:pybindgen.typehandlers:try to lookup type handler for 'ns3::Ipv6Address' => success ((<class 'pybindgen.cppclass.CppClass.__init__.<locals>.ThisClassReturn'>, None, <pybindgen.typehandlers.ctypeparser.TypeTraits object at 0x7fca1d4e7438>))
DEBUG:pybindgen.typehandlers:TypeMatcher.lookup('unsigned int')
DEBUG:pybindgen.typehandlers:try to lookup type handler for 'unsigned int' => success ((<class 'pybindgen.typehandlers.inttype.UnsignedIntReturn'>, None, <pybindgen.typehandlers.ctypeparser.TypeTraits object at 0x7fca1d4e7908>))
DEBUG:pybindgen.typehandlers:TypeMatcher.lookup('unsigned int')
DEBUG:pybindgen.typehandlers:try to lookup type handler for 'unsigned int' => success ((<class 'pybindgen.typehandlers.inttype.UnsignedIntReturn'>, None, <pybindgen.typehandlers.ctypeparser.TypeTraits object at 0x7fca1d4e78d0>))
DEBUG:pybindgen.typehandlers:TypeMatcher.lookup('ns3::Ipv4Address')
DEBUG:pybindgen.typehandlers:try to lookup type handler for 'ns3::Ipv4Address' => success ((<class 'pybindgen.cppclass.CppClass.__init__.<locals>.ThisClassReturn'>, None, <pybindgen.typehandlers.ctypeparser.TypeTraits object at 0x7fca1d51a240>))
DEBUG:pybindgen.typehandlers:TypeMatcher.lookup('ns3::dsdv::RoutingTableEntry')
DEBUG:pybindgen.typehandlers:try to lookup type handler for 'ns3::dsdv::RoutingTableEntry' => success ((<class 'pybindgen.cppclass.CppClass.__init__.<locals>.ThisClassReturn'>, None, <pybindgen.typehandlers.ctypeparser.TypeTraits object at 0x7fca1d51a3c8>))
***** registering callback handler: 'ns3::Callback< ns3::ObjectBase *, ns3::empty, ns3::empty, ns3::empty, ns3::empty, ns3::empty, ns3::empty, ns3::empty, ns3::empty, ns3::empty >' ('ns3::Callback< ns3::ObjectBase *, ns3::empty, ns3::empty, ns3::empty, ns3::empty, ns3::empty, ns3::empty, ns3::empty, ns3::empty, ns3::empty >')
***** registering callback handler: 'ns3::Callback< void, ns3::Ptr< ns3::NetDevice >, ns3::Ptr< ns3::Packet const >, unsigned short, ns3::Address const &, ns3::Address const &, ns3::NetDevice::PacketType, ns3::empty, ns3::empty, ns3::empty >' ('ns3::Callback< void, ns3::Ptr<ns3::NetDevice>, ns3::Ptr<const ns3::Packet>, unsigned short, const ns3::Address &, const ns3::Address &, ns3::NetDevice::PacketType, ns3::empty, ns3::empty, ns3::empty >')
***** registering callback handler: 'ns3::Callback< void, ns3::Ptr< ns3::NetDevice >, ns3::empty, ns3::empty, ns3::empty, ns3::empty, ns3::empty, ns3::empty, ns3::empty, ns3::empty >' ('ns3::Callback< void, ns3::Ptr<ns3::NetDevice>, ns3::empty, ns3::empty, ns3::empty, ns3::empty, ns3::empty, ns3::empty, ns3::empty, ns3::empty >')
***** registering callback handler: 'ns3::Callback< void, ns3::Ptr< ns3::Socket >, ns3::empty, ns3::empty, ns3::empty, ns3::empty, ns3::empty, ns3::empty, ns3::empty, ns3::empty >' ('ns3::Callback< void, ns3::Ptr<ns3::Socket>, ns3::empty, ns3::empty, ns3::empty, ns3::empty, ns3::empty, ns3::empty, ns3::empty, ns3::empty >')
***** registering callback handler: 'ns3::Callback< bool, ns3::Ptr< ns3::Socket >, ns3::Address const &, ns3::empty, ns3::empty, ns3::empty, ns3::empty, ns3::empty, ns3::empty, ns3::empty >' ('ns3::Callback< bool, ns3::Ptr<ns3::Socket>, const ns3::Address &, ns3::empty, ns3::empty, ns3::empty, ns3::empty, ns3::empty, ns3::empty, ns3::empty >')
***** registering callback handler: 'ns3::Callback< void, ns3::Ptr< ns3::Socket >, ns3::Address const &, ns3::empty, ns3::empty, ns3::empty, ns3::empty, ns3::empty, ns3::empty, ns3::empty >' ('ns3::Callback< void, ns3::Ptr<ns3::Socket>, const ns3::Address &, ns3::empty, ns3::empty, ns3::empty, ns3::empty, ns3::empty, ns3::empty, ns3::empty >')
***** registering callback handler: 'ns3::Callback< void, ns3::Ptr< ns3::Socket >, unsigned int, ns3::empty, ns3::empty, ns3::empty, ns3::empty, ns3::empty, ns3::empty, ns3::empty >' ('ns3::Callback< void, ns3::Ptr<ns3::Socket>, unsigned int, ns3::empty, ns3::empty, ns3::empty, ns3::empty, ns3::empty, ns3::empty, ns3::empty >')
***** registering callback handler: 'ns3::Callback< void, ns3::Ptr< ns3::Ipv4Route >, ns3::Ptr< ns3::Packet const >, ns3::Ipv4Header const &, ns3::empty, ns3::empty, ns3::empty, ns3::empty, ns3::empty, ns3::empty >' ('ns3::Callback< void, ns3::Ptr<ns3::Ipv4Route>, ns3::Ptr<const ns3::Packet>, const ns3::Ipv4Header &, ns3::empty, ns3::empty, ns3::empty, ns3::empty, ns3::empty, ns3::empty >')
***** registering callback handler: 'ns3::Callback< void, ns3::Ptr< ns3::Packet const >, ns3::Ipv4Header const &, ns3::Socket::SocketErrno, ns3::empty, ns3::empty, ns3::empty, ns3::empty, ns3::empty, ns3::empty >' ('ns3::Callback< void, ns3::Ptr<const ns3::Packet>, const ns3::Ipv4Header &, ns3::Socket::SocketErrno, ns3::empty, ns3::empty, ns3::empty, ns3::empty, ns3::empty, ns3::empty >')
***** registering callback handler: 'ns3::Callback< void, ns3::Ipv4Header const &, ns3::Ptr< ns3::Packet const >, unsigned int, ns3::empty, ns3::empty, ns3::empty, ns3::empty, ns3::empty, ns3::empty >' ('ns3::Callback< void, const ns3::Ipv4Header &, ns3::Ptr<const ns3::Packet>, unsigned int, ns3::empty, ns3::empty, ns3::empty, ns3::empty, ns3::empty, ns3::empty >')
***** registering callback handler: 'ns3::Callback< void, ns3::Ptr< ns3::Packet const >, ns3::Ptr< ns3::Ipv4 >, unsigned int, ns3::empty, ns3::empty, ns3::empty, ns3::empty, ns3::empty, ns3::empty >' ('ns3::Callback< void, ns3::Ptr<const ns3::Packet>, ns3::Ptr<ns3::Ipv4>, unsigned int, ns3::empty, ns3::empty, ns3::empty, ns3::empty, ns3::empty, ns3::empty >')
***** registering callback handler: 'ns3::Callback< void, ns3::Ipv4Header const &, ns3::Ptr< ns3::Packet const >, ns3::Ipv4L3Protocol::DropReason, ns3::Ptr< ns3::Ipv4 >, unsigned int, ns3::empty, ns3::empty, ns3::empty, ns3::empty >' ('ns3::Callback< void, const ns3::Ipv4Header &, ns3::Ptr<const ns3::Packet>, ns3::Ipv4L3Protocol::DropReason, ns3::Ptr<ns3::Ipv4>, unsigned int, ns3::empty, ns3::empty, ns3::empty, ns3::empty >')
DEBUG:pybindgen.typehandlers:TypeMatcher.lookup('uint8_t')
DEBUG:pybindgen.typehandlers:try to lookup type handler for 'uint8_t' => success ((<class 'pybindgen.typehandlers.inttype.UInt8Param'>, None, <pybindgen.typehandlers.ctypeparser.TypeTraits object at 0x7fca1d4aa6a0>))
DEBUG:pybindgen.typehandlers:TypeMatcher.lookup('uint8_t const *')
DEBUG:pybindgen.typehandlers:try to lookup type handler for 'uint8_t const *' => success ((<class 'pybindgen.typehandlers.inttype.UInt8PtrParam'>, None, <pybindgen.typehandlers.ctypeparser.TypeTraits object at 0x7fca1d4aa780>))
/home/imran/ns-allinone-3.36.1/ns-3.36.1/src/dsdv/bindings/modulegen__gcc_LP64.py:769: Warning: exception TypeConfigurationError('direction not given',) in wrapper <pybindgen.cppmethod.CppConstructor object at 0x7fca1d4aa630>
  cls.add_constructor([param('uint8_t', 'type'), param('uint8_t const *', 'buffer'), param('uint8_t', 'len')])
DEBUG:pybindgen.typehandlers:TypeMatcher.lookup('ns3::Address const &')
DEBUG:pybindgen.typehandlers:try to lookup type handler for 'ns3::Address const &' => success ((<class 'pybindgen.cppclass.CppClass.__init__.<locals>.ThisClassRefParameter'>, None, <pybindgen.typehandlers.ctypeparser.TypeTraits object at 0x7fca1d4aa710>))
DEBUG:pybindgen.typehandlers:TypeMatcher.lookup('bool')
DEBUG:pybindgen.typehandlers:try to lookup type handler for 'bool' => success ((<class 'pybindgen.typehandlers.booltype.BoolReturn'>, None, <pybindgen.typehandlers.ctypeparser.TypeTraits object at 0x7fca1d4aac88>))
DEBUG:pybindgen.typehandlers:TypeMatcher.lookup('uint8_t')
DEBUG:pybindgen.typehandlers:try to lookup type handler for 'uint8_t' => success ((<class 'pybindgen.typehandlers.inttype.UInt8Param'>, None, <pybindgen.typehandlers.ctypeparser.TypeTraits object at 0x7fca1d4aadd8>))
DEBUG:pybindgen.typehandlers:TypeMatcher.lookup('uint8_t')
DEBUG:pybindgen.typehandlers:try to lookup type handler for 'uint8_t' => success ((<class 'pybindgen.typehandlers.inttype.UInt8Param'>, None, <pybindgen.typehandlers.ctypeparser.TypeTraits object at 0x7fca1d4aaeb8>))
DEBUG:pybindgen.typehandlers:TypeMatcher.lookup('uint32_t')
DEBUG:pybindgen.typehandlers:try to lookup type handler for 'uint32_t' => success ((<class 'pybindgen.typehandlers.inttype.UnsignedIntReturn'>, None, <pybindgen.typehandlers.ctypeparser.TypeTraits object at 0x7fca1d49f2b0>))
DEBUG:pybindgen.typehandlers:TypeMatcher.lookup('uint8_t const *')
DEBUG:pybindgen.typehandlers:try to lookup type handler for 'uint8_t const *' => success ((<class 'pybindgen.typehandlers.inttype.UInt8PtrParam'>, None, <pybindgen.typehandlers.ctypeparser.TypeTraits object at 0x7fca1d49f3c8>))
/home/imran/ns-allinone-3.36.1/ns-3.36.1/src/dsdv/bindings/modulegen__gcc_LP64.py:780: Warning: exception TypeConfigurationError('direction not given',) in wrapper public: retval? ???::CopyAllFrom (params?);
  [param('uint8_t const *', 'buffer'), param('uint8_t', 'len')])
DEBUG:pybindgen.typehandlers:TypeMatcher.lookup('uint32_t')
DEBUG:pybindgen.typehandlers:try to lookup type handler for 'uint32_t' => success ((<class 'pybindgen.typehandlers.inttype.UnsignedIntReturn'>, None, <pybindgen.typehandlers.ctypeparser.TypeTraits object at 0x7fca1d49f518>))
DEBUG:pybindgen.typehandlers:TypeMatcher.lookup('uint8_t *')
DEBUG:pybindgen.typehandlers:try to lookup type handler for 'uint8_t *' => success ((<class 'pybindgen.typehandlers.inttype.UInt8PtrParam'>, None, <pybindgen.typehandlers.ctypeparser.TypeTraits object at 0x7fca1d49f6d8>))
/home/imran/ns-allinone-3.36.1/ns-3.36.1/src/dsdv/bindings/modulegen__gcc_LP64.py:785: Warning: exception TypeConfigurationError('direction not given',) in wrapper public: retval? ???::CopyAllTo (params?) const;
  is_const=True)
DEBUG:pybindgen.typehandlers:TypeMatcher.lookup('uint32_t')
DEBUG:pybindgen.typehandlers:try to lookup type handler for 'uint32_t' => success ((<class 'pybindgen.typehandlers.inttype.UnsignedIntReturn'>, None, <pybindgen.typehandlers.ctypeparser.TypeTraits object at 0x7fca1d49f7b8>))
DEBUG:pybindgen.typehandlers:TypeMatcher.lookup('uint8_t const *')
DEBUG:pybindgen.typehandlers:try to lookup type handler for 'uint8_t const *' => success ((<class 'pybindgen.typehandlers.inttype.UInt8PtrParam'>, None, <pybindgen.typehandlers.ctypeparser.TypeTraits object at 0x7fca1d49f978>))
/home/imran/ns-allinone-3.36.1/ns-3.36.1/src/dsdv/bindings/modulegen__gcc_LP64.py:789: Warning: exception TypeConfigurationError('direction not given',) in wrapper public: retval? ???::CopyFrom (params?);
  [param('uint8_t const *', 'buffer'), param('uint8_t', 'len')])
DEBUG:pybindgen.typehandlers:TypeMatcher.lookup('uint32_t')
DEBUG:pybindgen.typehandlers:try to lookup type handler for 'uint32_t' => success ((<class 'pybindgen.typehandlers.inttype.UnsignedIntReturn'>, None, <pybindgen.typehandlers.ctypeparser.TypeTraits object at 0x7fca1d49fac8>))
DEBUG:pybindgen.typehandlers:TypeMatcher.lookup('uint8_t *')
DEBUG:pybindgen.typehandlers:try to lookup type handler for 'uint8_t *' => success ((<class 'pybindgen.typehandlers.inttype.UInt8PtrParam'>, None, <pybindgen.typehandlers.ctypeparser.TypeTraits object at 0x7fca1d49fc88>))
/home/imran/ns-allinone-3.36.1/ns-3.36.1/src/dsdv/bindings/modulegen__gcc_LP64.py:794: Warning: exception TypeConfigurationError('direction not given',) in wrapper public: retval? ???::CopyTo (params?) const;
  is_const=True)
DEBUG:pybindgen.typehandlers:TypeMatcher.lookup('void')
DEBUG:pybindgen.typehandlers:try to lookup type handler for 'void' => success ((<class 'pybindgen.typehandlers.voidtype.VoidReturn'>, None, <pybindgen.typehandlers.ctypeparser.TypeTraits object at 0x7fca1d49fd68>))
DEBUG:pybindgen.typehandlers:TypeMatcher.lookup('ns3::TagBuffer')
DEBUG:pybindgen.typehandlers:try to lookup type handler for 'ns3::TagBuffer' => success ((<class 'pybindgen.cppclass.CppClass.__init__.<locals>.ThisClassParameter'>, None, <pybindgen.typehandlers.ctypeparser.TypeTraits object at 0x7fca1d49ff60>))
DEBUG:pybindgen.typehandlers:TypeMatcher.lookup('uint8_t')
DEBUG:pybindgen.typehandlers:try to lookup type handler for 'uint8_t' => success ((<class 'pybindgen.typehandlers.inttype.UInt8Return'>, None, <pybindgen.typehandlers.ctypeparser.TypeTraits object at 0x7fca1d3e72e8>))
DEBUG:pybindgen.typehandlers:TypeMatcher.lookup('uint32_t')
DEBUG:pybindgen.typehandlers:try to lookup type handler for 'uint32_t' => success ((<class 'pybindgen.typehandlers.inttype.UnsignedIntReturn'>, None, <pybindgen.typehandlers.ctypeparser.TypeTraits object at 0x7fca1d3e76a0>))
DEBUG:pybindgen.typehandlers:TypeMatcher.lookup('bool')
DEBUG:pybindgen.typehandlers:try to lookup type handler for 'bool' => success ((<class 'pybindgen.typehandlers.booltype.BoolReturn'>, None, <pybindgen.typehandlers.ctypeparser.TypeTraits object at 0x7fca1d49fa58>))
DEBUG:pybindgen.typehandlers:TypeMatcher.lookup('bool')
DEBUG:pybindgen.typehandlers:try to lookup type handler for 'bool' => success ((<class 'pybindgen.typehandlers.booltype.BoolReturn'>, None, <pybindgen.typehandlers.ctypeparser.TypeTraits object at 0x7fca1d49f5f8>))
DEBUG:pybindgen.typehandlers:TypeMatcher.lookup('uint8_t')
DEBUG:pybindgen.typehandlers:try to lookup type handler for 'uint8_t' => success ((<class 'pybindgen.typehandlers.inttype.UInt8Param'>, None, <pybindgen.typehandlers.ctypeparser.TypeTraits object at 0x7fca1d49f438>))
DEBUG:pybindgen.typehandlers:TypeMatcher.lookup('uint8_t')
DEBUG:pybindgen.typehandlers:try to lookup type handler for 'uint8_t' => success ((<class 'pybindgen.typehandlers.inttype.UInt8Return'>, None, <pybindgen.typehandlers.ctypeparser.TypeTraits object at 0x7fca1d4aa8d0>))
DEBUG:pybindgen.typehandlers:TypeMatcher.lookup('void')
DEBUG:pybindgen.typehandlers:try to lookup type handler for 'void' => success ((<class 'pybindgen.typehandlers.voidtype.VoidReturn'>, None, <pybindgen.typehandlers.ctypeparser.TypeTraits object at 0x7fca1d3e79e8>))
DEBUG:pybindgen.typehandlers:TypeMatcher.lookup('ns3::TagBuffer')
DEBUG:pybindgen.typehandlers:try to lookup type handler for 'ns3::TagBuffer' => success ((<class 'pybindgen.cppclass.CppClass.__init__.<locals>.ThisClassParameter'>, None, <pybindgen.typehandlers.ctypeparser.TypeTraits object at 0x7fca1d3e7b38>))
DEBUG:pybindgen.typehandlers:TypeMatcher.lookup('ns3::AttributeConstructionList const &')
DEBUG:pybindgen.typehandlers:try to lookup type handler for 'ns3::AttributeConstructionList const &' => success ((<class 'pybindgen.cppclass.CppClass.__init__.<locals>.ThisClassRefParameter'>, None, <pybindgen.typehandlers.ctypeparser.TypeTraits object at 0x7fca1d3e7eb8>))
DEBUG:pybindgen.typehandlers:TypeMatcher.lookup('void')
DEBUG:pybindgen.typehandlers:try to lookup type handler for 'void' => success ((<class 'pybindgen.typehandlers.voidtype.VoidReturn'>, None, <pybindgen.typehandlers.ctypeparser.TypeTraits object at 0x7fca1d3ec518>))
DEBUG:pybindgen.typehandlers:TypeMatcher.lookup('std::string')
DEBUG:pybindgen.typehandlers:try to lookup type handler for 'std::string' => success ((<class 'pybindgen.typehandlers.stringtype.StdStringParam'>, None, <pybindgen.typehandlers.ctypeparser.TypeTraits object at 0x7fca1d3ec668>))
DEBUG:pybindgen.typehandlers:TypeMatcher.lookup('ns3::Ptr< ns3::AttributeChecker const >')
DEBUG:pybindgen.typehandlers:try to lookup type handler for 'ns3::Ptr< ns3::AttributeChecker const >' => failure
DEBUG:pybindgen.typehandlers:try to lookup type handler for 'ns3::AttributeChecker *' => success ((<class 'pybindgen.cppclass.MemoryPolicy.register_ptr_parameter_and_return.<locals>.ThisClassPtrParameter'>, <ns3modulegen_core_customizations.SmartPointerTransformation object at 0x7fca1d6d7048>, <pybindgen.typehandlers.ctypeparser.TypeTraits object at 0x7fca1d3ec9b0>))
DEBUG:pybindgen.typehandlers:TypeMatcher.lookup('ns3::Ptr< ns3::AttributeValue >')
DEBUG:pybindgen.typehandlers:try to lookup type handler for 'ns3::Ptr< ns3::AttributeValue >' => failure
DEBUG:pybindgen.typehandlers:try to lookup type handler for 'ns3::AttributeValue *' => success ((<class 'pybindgen.cppclass.MemoryPolicy.register_ptr_parameter_and_return.<locals>.ThisClassPtrParameter'>, <ns3modulegen_core_customizations.SmartPointerTransformation object at 0x7fca1d6d7048>, <pybindgen.typehandlers.ctypeparser.TypeTraits object at 0x7fca1d3ecbe0>))
DEBUG:pybindgen.typehandlers:TypeMatcher.lookup('ns3::AttributeConstructionList::CIterator')
DEBUG:pybindgen.typehandlers:try to lookup type handler for 'ns3::AttributeConstructionList::CIterator' => failure
'ns3::AttributeConstructionList::CIterator' did not match
/home/imran/ns-allinone-3.36.1/ns-3.36.1/src/dsdv/bindings/modulegen__gcc_LP64.py:844: Warning: exception TypeLookupError(['ns3::AttributeConstructionList::CIterator'],) in wrapper public: retval? ???::Begin (params?) const;
  is_const=True)
DEBUG:pybindgen.typehandlers:TypeMatcher.lookup('ns3::AttributeConstructionList::CIterator')
DEBUG:pybindgen.typehandlers:try to lookup type handler for 'ns3::AttributeConstructionList::CIterator' => failure
'ns3::AttributeConstructionList::CIterator' did not match
/home/imran/ns-allinone-3.36.1/ns-3.36.1/src/dsdv/bindings/modulegen__gcc_LP64.py:849: Warning: exception TypeLookupError(['ns3::AttributeConstructionList::CIterator'],) in wrapper public: retval? ???::End (params?) const;
  is_const=True)
DEBUG:pybindgen.typehandlers:TypeMatcher.lookup('ns3::Ptr< ns3::AttributeValue >')
DEBUG:pybindgen.typehandlers:try to lookup type handler for 'ns3::Ptr< ns3::AttributeValue >' => failure
DEBUG:pybindgen.typehandlers:try to lookup type handler for 'ns3::AttributeValue *' => success ((<class 'pybindgen.cppclass.MemoryPolicy.register_ptr_parameter_and_return.<locals>.ThisClassPtrReturn'>, <ns3modulegen_core_customizations.SmartPointerTransformation object at 0x7fca1d6d7048>, <pybindgen.typehandlers.ctypeparser.TypeTraits object at 0x7fca1d3f32e8>))
DEBUG:pybindgen.typehandlers:TypeMatcher.lookup('ns3::Ptr< ns3::AttributeChecker const >')
DEBUG:pybindgen.typehandlers:try to lookup type handler for 'ns3::Ptr< ns3::AttributeChecker const >' => failure
DEBUG:pybindgen.typehandlers:try to lookup type handler for 'ns3::AttributeChecker *' => success ((<class 'pybindgen.cppclass.MemoryPolicy.register_ptr_parameter_and_return.<locals>.ThisClassPtrParameter'>, <ns3modulegen_core_customizations.SmartPointerTransformation object at 0x7fca1d6d7048>, <pybindgen.typehandlers.ctypeparser.TypeTraits object at 0x7fca1d3f3550>))
DEBUG:pybindgen.typehandlers:TypeMatcher.lookup('ns3::AttributeConstructionList::Item const &')
DEBUG:pybindgen.typehandlers:try to lookup type handler for 'ns3::AttributeConstructionList::Item const &' => success ((<class 'pybindgen.cppclass.CppClass.__init__.<locals>.ThisClassRefParameter'>, None, <pybindgen.typehandlers.ctypeparser.TypeTraits object at 0x7fca1d3ecf28>))
DEBUG:pybindgen.typehandlers:TypeMatcher.lookup('ns3::Ptr< ns3::AttributeChecker const >')
DEBUG:pybindgen.typehandlers:try to lookup type handler for 'ns3::Ptr< ns3::AttributeChecker const >' => failure
DEBUG:pybindgen.typehandlers:try to lookup type handler for 'ns3::AttributeChecker *' => success ((<class 'pybindgen.cppclass.MemoryPolicy.register_ptr_parameter_and_return.<locals>.ThisClassPtrReturn'>, <ns3modulegen_core_customizations.SmartPointerTransformation object at 0x7fca1d6d7048>, <pybindgen.typehandlers.ctypeparser.TypeTraits object at 0x7fca1d3f3ef0>))
DEBUG:pybindgen.typehandlers:TypeMatcher.lookup('std::string')
DEBUG:pybindgen.typehandlers:try to lookup type handler for 'std::string' => success ((<class 'pybindgen.typehandlers.stringtype.StdStringReturn'>, None, <pybindgen.typehandlers.ctypeparser.TypeTraits object at 0x7fca1d3f9390>))
DEBUG:pybindgen.typehandlers:TypeMatcher.lookup('ns3::Ptr< ns3::AttributeValue >')
DEBUG:pybindgen.typehandlers:try to lookup type handler for 'ns3::Ptr< ns3::AttributeValue >' => failure
DEBUG:pybindgen.typehandlers:try to lookup type handler for 'ns3::AttributeValue *' => success ((<class 'pybindgen.cppclass.MemoryPolicy.register_ptr_parameter_and_return.<locals>.ThisClassPtrReturn'>, <ns3modulegen_core_customizations.SmartPointerTransformation object at 0x7fca1d6d7048>, <pybindgen.typehandlers.ctypeparser.TypeTraits object at 0x7fca1d3f9b00>))
DEBUG:pybindgen.typehandlers:TypeMatcher.lookup('ns3::Buffer const &')
DEBUG:pybindgen.typehandlers:try to lookup type handler for 'ns3::Buffer const &' => success ((<class 'pybindgen.cppclass.CppClass.__init__.<locals>.ThisClassRefParameter'>, None, <pybindgen.typehandlers.ctypeparser.TypeTraits object at 0x7fca1d3f9f98>))
DEBUG:pybindgen.typehandlers:TypeMatcher.lookup('uint32_t')
DEBUG:pybindgen.typehandlers:try to lookup type handler for 'uint32_t' => success ((<class 'pybindgen.typehandlers.inttype.UnsignedIntParam'>, None, <pybindgen.typehandlers.ctypeparser.TypeTraits object at 0x7fca1d400630>))
DEBUG:pybindgen.typehandlers:TypeMatcher.lookup('uint32_t')
DEBUG:pybindgen.typehandlers:try to lookup type handler for 'uint32_t' => success ((<class 'pybindgen.typehandlers.inttype.UnsignedIntParam'>, None, <pybindgen.typehandlers.ctypeparser.TypeTraits object at 0x7fca1d400978>))
DEBUG:pybindgen.typehandlers:TypeMatcher.lookup('bool')
DEBUG:pybindgen.typehandlers:try to lookup type handler for 'bool' => success ((<class 'pybindgen.typehandlers.booltype.BoolParam'>, None, <pybindgen.typehandlers.ctypeparser.TypeTraits object at 0x7fca1d400a20>))
DEBUG:pybindgen.typehandlers:TypeMatcher.lookup('void')
DEBUG:pybindgen.typehandlers:try to lookup type handler for 'void' => success ((<class 'pybindgen.typehandlers.voidtype.VoidReturn'>, None, <pybindgen.typehandlers.ctypeparser.TypeTraits object at 0x7fca1d400da0>))
DEBUG:pybindgen.typehandlers:TypeMatcher.lookup('uint32_t')
DEBUG:pybindgen.typehandlers:try to lookup type handler for 'uint32_t' => success ((<class 'pybindgen.typehandlers.inttype.UnsignedIntParam'>, None, <pybindgen.typehandlers.ctypeparser.TypeTraits object at 0x7fca1d400ef0>))
DEBUG:pybindgen.typehandlers:TypeMatcher.lookup('void')
DEBUG:pybindgen.typehandlers:try to lookup type handler for 'void' => success ((<class 'pybindgen.typehandlers.voidtype.VoidReturn'>, None, <pybindgen.typehandlers.ctypeparser.TypeTraits object at 0x7fca1d408278>))
DEBUG:pybindgen.typehandlers:TypeMatcher.lookup('ns3::Buffer const &')
DEBUG:pybindgen.typehandlers:try to lookup type handler for 'ns3::Buffer const &' => success ((<class 'pybindgen.cppclass.CppClass.__init__.<locals>.ThisClassRefParameter'>, None, <pybindgen.typehandlers.ctypeparser.TypeTraits object at 0x7fca1d4083c8>))
DEBUG:pybindgen.typehandlers:TypeMatcher.lookup('void')
DEBUG:pybindgen.typehandlers:try to lookup type handler for 'void' => success ((<class 'pybindgen.typehandlers.voidtype.VoidReturn'>, None, <pybindgen.typehandlers.ctypeparser.TypeTraits object at 0x7fca1d408780>))
DEBUG:pybindgen.typehandlers:TypeMatcher.lookup('uint32_t')
DEBUG:pybindgen.typehandlers:try to lookup type handler for 'uint32_t' => success ((<class 'pybindgen.typehandlers.inttype.UnsignedIntParam'>, None, <pybindgen.typehandlers.ctypeparser.TypeTraits object at 0x7fca1d4088d0>))
DEBUG:pybindgen.typehandlers:TypeMatcher.lookup('ns3::Buffer::Iterator')
DEBUG:pybindgen.typehandlers:try to lookup type handler for 'ns3::Buffer::Iterator' => success ((<class 'pybindgen.cppclass.CppClass.__init__.<locals>.ThisClassReturn'>, None, <pybindgen.typehandlers.ctypeparser.TypeTraits object at 0x7fca1d408c18>))
DEBUG:pybindgen.typehandlers:TypeMatcher.lookup('void')
DEBUG:pybindgen.typehandlers:try to lookup type handler for 'void' => success ((<class 'pybindgen.typehandlers.voidtype.VoidReturn'>, None, <pybindgen.typehandlers.ctypeparser.TypeTraits object at 0x7fca1d408f98>))
DEBUG:pybindgen.typehandlers:TypeMatcher.lookup('std::ostream *')
DEBUG:pybindgen.typehandlers:try to lookup type handler for 'std::ostream *' => failure
'std::ostream *' did not match
/home/imran/ns-allinone-3.36.1/ns-3.36.1/src/dsdv/bindings/modulegen__gcc_LP64.py:900: Warning: exception TypeLookupError(['std::ostream *'],) in wrapper public: retval? ???::CopyData (params?) const;
  is_const=True)
DEBUG:pybindgen.typehandlers:TypeMatcher.lookup('uint32_t')
DEBUG:pybindgen.typehandlers:try to lookup type handler for 'uint32_t' => success ((<class 'pybindgen.typehandlers.inttype.UnsignedIntReturn'>, None, <pybindgen.typehandlers.ctypeparser.TypeTraits object at 0x7fca1d40d240>))
DEBUG:pybindgen.typehandlers:TypeMatcher.lookup('uint8_t *')
DEBUG:pybindgen.typehandlers:try to lookup type handler for 'uint8_t *' => success ((<class 'pybindgen.typehandlers.inttype.UInt8PtrParam'>, None, <pybindgen.typehandlers.ctypeparser.TypeTraits object at 0x7fca1d40d320>))
/home/imran/ns-allinone-3.36.1/ns-3.36.1/src/dsdv/bindings/modulegen__gcc_LP64.py:905: Warning: exception TypeConfigurationError('direction not given',) in wrapper public: retval? ???::CopyData (params?) const;
  is_const=True)
DEBUG:pybindgen.typehandlers:TypeMatcher.lookup('ns3::Buffer')
DEBUG:pybindgen.typehandlers:try to lookup type handler for 'ns3::Buffer' => success ((<class 'pybindgen.cppclass.CppClass.__init__.<locals>.ThisClassReturn'>, None, <pybindgen.typehandlers.ctypeparser.TypeTraits object at 0x7fca1d40d400>))
DEBUG:pybindgen.typehandlers:TypeMatcher.lookup('uint32_t')
DEBUG:pybindgen.typehandlers:try to lookup type handler for 'uint32_t' => success ((<class 'pybindgen.typehandlers.inttype.UnsignedIntParam'>, None, <pybindgen.typehandlers.ctypeparser.TypeTraits object at 0x7fca1d40d588>))
DEBUG:pybindgen.typehandlers:TypeMatcher.lookup('uint32_t')
DEBUG:pybindgen.typehandlers:try to lookup type handler for 'uint32_t' => success ((<class 'pybindgen.typehandlers.inttype.UnsignedIntParam'>, None, <pybindgen.typehandlers.ctypeparser.TypeTraits object at 0x7fca1d40d630>))
DEBUG:pybindgen.typehandlers:TypeMatcher.lookup('uint32_t')
DEBUG:pybindgen.typehandlers:try to lookup type handler for 'uint32_t' => success ((<class 'pybindgen.typehandlers.inttype.UnsignedIntReturn'>, None, <pybindgen.typehandlers.ctypeparser.TypeTraits object at 0x7fca1d40d9b0>))
DEBUG:pybindgen.typehandlers:TypeMatcher.lookup('uint8_t const *')
DEBUG:pybindgen.typehandlers:try to lookup type handler for 'uint8_t const *' => success ((<class 'pybindgen.typehandlers.inttype.UInt8PtrParam'>, None, <pybindgen.typehandlers.ctypeparser.TypeTraits object at 0x7fca1d40dac8>))
/home/imran/ns-allinone-3.36.1/ns-3.36.1/src/dsdv/bindings/modulegen__gcc_LP64.py:914: Warning: exception TypeConfigurationError('direction not given',) in wrapper public: retval? ???::Deserialize (params?);
  [param('uint8_t const *', 'buffer'), param('uint32_t', 'size')])
DEBUG:pybindgen.typehandlers:TypeMatcher.lookup('ns3::Buffer::Iterator')
DEBUG:pybindgen.typehandlers:try to lookup type handler for 'ns3::Buffer::Iterator' => success ((<class 'pybindgen.cppclass.CppClass.__init__.<locals>.ThisClassReturn'>, None, <pybindgen.typehandlers.ctypeparser.TypeTraits object at 0x7fca1d40dc18>))
DEBUG:pybindgen.typehandlers:TypeMatcher.lookup('uint32_t')
DEBUG:pybindgen.typehandlers:try to lookup type handler for 'uint32_t' => success ((<class 'pybindgen.typehandlers.inttype.UnsignedIntReturn'>, None, <pybindgen.typehandlers.ctypeparser.TypeTraits object at 0x7fca1d416048>))
DEBUG:pybindgen.typehandlers:TypeMatcher.lookup('uint32_t')
DEBUG:pybindgen.typehandlers:try to lookup type handler for 'uint32_t' => success ((<class 'pybindgen.typehandlers.inttype.UnsignedIntReturn'>, None, <pybindgen.typehandlers.ctypeparser.TypeTraits object at 0x7fca1d4163c8>))
DEBUG:pybindgen.typehandlers:TypeMatcher.lookup('uint8_t const *')
DEBUG:pybindgen.typehandlers:try to lookup type handler for 'uint8_t const *' => failure
'uint8_t const *' did not match
/home/imran/ns-allinone-3.36.1/ns-3.36.1/src/dsdv/bindings/modulegen__gcc_LP64.py:934: Warning: exception TypeLookupError(['uint8_t *'],) in wrapper public: retval? ???::PeekData (params?) const;
  is_const=True)
DEBUG:pybindgen.typehandlers:TypeMatcher.lookup('void')
DEBUG:pybindgen.typehandlers:try to lookup type handler for 'void' => success ((<class 'pybindgen.typehandlers.voidtype.VoidReturn'>, None, <pybindgen.typehandlers.ctypeparser.TypeTraits object at 0x7fca1d408f98>))
DEBUG:pybindgen.typehandlers:TypeMatcher.lookup('uint32_t')
DEBUG:pybindgen.typehandlers:try to lookup type handler for 'uint32_t' => success ((<class 'pybindgen.typehandlers.inttype.UnsignedIntParam'>, None, <pybindgen.typehandlers.ctypeparser.TypeTraits object at 0x7fca1d40db70>))
DEBUG:pybindgen.typehandlers:TypeMatcher.lookup('void')
DEBUG:pybindgen.typehandlers:try to lookup type handler for 'void' => success ((<class 'pybindgen.typehandlers.voidtype.VoidReturn'>, None, <pybindgen.typehandlers.ctypeparser.TypeTraits object at 0x7fca1d40d2b0>))
DEBUG:pybindgen.typehandlers:TypeMatcher.lookup('uint32_t')
DEBUG:pybindgen.typehandlers:try to lookup type handler for 'uint32_t' => success ((<class 'pybindgen.typehandlers.inttype.UnsignedIntParam'>, None, <pybindgen.typehandlers.ctypeparser.TypeTraits object at 0x7fca1d40d198>))
DEBUG:pybindgen.typehandlers:TypeMatcher.lookup('uint32_t')
DEBUG:pybindgen.typehandlers:try to lookup type handler for 'uint32_t' => success ((<class 'pybindgen.typehandlers.inttype.UnsignedIntReturn'>, None, <pybindgen.typehandlers.ctypeparser.TypeTraits object at 0x7fca1d416a90>))
DEBUG:pybindgen.typehandlers:TypeMatcher.lookup('uint8_t *')
DEBUG:pybindgen.typehandlers:try to lookup type handler for 'uint8_t *' => success ((<class 'pybindgen.typehandlers.inttype.UInt8PtrParam'>, None, <pybindgen.typehandlers.ctypeparser.TypeTraits object at 0x7fca1d416ba8>))
/home/imran/ns-allinone-3.36.1/ns-3.36.1/src/dsdv/bindings/modulegen__gcc_LP64.py:947: Warning: exception TypeConfigurationError('direction not given',) in wrapper public: retval? ???::Serialize (params?) const;
  is_const=True)
DEBUG:pybindgen.typehandlers:TypeMatcher.lookup('ns3::Buffer::Iterator const &')
DEBUG:pybindgen.typehandlers:try to lookup type handler for 'ns3::Buffer::Iterator const &' => success ((<class 'pybindgen.cppclass.CppClass.__init__.<locals>.ThisClassRefParameter'>, None, <pybindgen.typehandlers.ctypeparser.TypeTraits object at 0x7fca1d416d30>))
DEBUG:pybindgen.typehandlers:TypeMatcher.lookup('uint16_t')
DEBUG:pybindgen.typehandlers:try to lookup type handler for 'uint16_t' => success ((<class 'pybindgen.typehandlers.inttype.UInt16Return'>, None, <pybindgen.typehandlers.ctypeparser.TypeTraits object at 0x7fca1d41e390>))
DEBUG:pybindgen.typehandlers:TypeMatcher.lookup('uint16_t')
DEBUG:pybindgen.typehandlers:try to lookup type handler for 'uint16_t' => success ((<class 'pybindgen.typehandlers.inttype.UInt16Param'>, None, <pybindgen.typehandlers.ctypeparser.TypeTraits object at 0x7fca1d41e4a8>))
DEBUG:pybindgen.typehandlers:TypeMatcher.lookup('uint16_t')
DEBUG:pybindgen.typehandlers:try to lookup type handler for 'uint16_t' => success ((<class 'pybindgen.typehandlers.inttype.UInt16Return'>, None, <pybindgen.typehandlers.ctypeparser.TypeTraits object at 0x7fca1d41e7f0>))
DEBUG:pybindgen.typehandlers:TypeMatcher.lookup('uint16_t')
DEBUG:pybindgen.typehandlers:try to lookup type handler for 'uint16_t' => success ((<class 'pybindgen.typehandlers.inttype.UInt16Param'>, None, <pybindgen.typehandlers.ctypeparser.TypeTraits object at 0x7fca1d41e908>))
DEBUG:pybindgen.typehandlers:TypeMatcher.lookup('uint32_t')
DEBUG:pybindgen.typehandlers:try to lookup type handler for 'uint32_t' => success ((<class 'pybindgen.typehandlers.inttype.UnsignedIntParam'>, None, <pybindgen.typehandlers.ctypeparser.TypeTraits object at 0x7fca1d41e9b0>))
DEBUG:pybindgen.typehandlers:TypeMatcher.lookup('uint32_t')
DEBUG:pybindgen.typehandlers:try to lookup type handler for 'uint32_t' => success ((<class 'pybindgen.typehandlers.inttype.UnsignedIntReturn'>, None, <pybindgen.typehandlers.ctypeparser.TypeTraits object at 0x7fca1d41ecf8>))
DEBUG:pybindgen.typehandlers:TypeMatcher.lookup('ns3::Buffer::Iterator const &')
DEBUG:pybindgen.typehandlers:try to lookup type handler for 'ns3::Buffer::Iterator const &' => success ((<class 'pybindgen.cppclass.CppClass.__init__.<locals>.ThisClassRefParameter'>, None, <pybindgen.typehandlers.ctypeparser.TypeTraits object at 0x7fca1d41ee10>))
DEBUG:pybindgen.typehandlers:TypeMatcher.lookup('uint32_t')
DEBUG:pybindgen.typehandlers:try to lookup type handler for 'uint32_t' => success ((<class 'pybindgen.typehandlers.inttype.UnsignedIntReturn'>, None, <pybindgen.typehandlers.ctypeparser.TypeTraits object at 0x7fca1d327240>))
DEBUG:pybindgen.typehandlers:TypeMatcher.lookup('uint32_t')
DEBUG:pybindgen.typehandlers:try to lookup type handler for 'uint32_t' => success ((<class 'pybindgen.typehandlers.inttype.UnsignedIntReturn'>, None, <pybindgen.typehandlers.ctypeparser.TypeTraits object at 0x7fca1d3275c0>))
DEBUG:pybindgen.typehandlers:TypeMatcher.lookup('bool')
DEBUG:pybindgen.typehandlers:try to lookup type handler for 'bool' => success ((<class 'pybindgen.typehandlers.booltype.BoolReturn'>, None, <pybindgen.typehandlers.ctypeparser.TypeTraits object at 0x7fca1d327940>))
DEBUG:pybindgen.typehandlers:TypeMatcher.lookup('bool')
DEBUG:pybindgen.typehandlers:try to lookup type handler for 'bool' => success ((<class 'pybindgen.typehandlers.booltype.BoolReturn'>, None, <pybindgen.typehandlers.ctypeparser.TypeTraits object at 0x7fca1d327a90>))
DEBUG:pybindgen.typehandlers:TypeMatcher.lookup('void')
DEBUG:pybindgen.typehandlers:try to lookup type handler for 'void' => success ((<class 'pybindgen.typehandlers.voidtype.VoidReturn'>, None, <pybindgen.typehandlers.ctypeparser.TypeTraits object at 0x7fca1d327e48>))
DEBUG:pybindgen.typehandlers:TypeMatcher.lookup('void')
DEBUG:pybindgen.typehandlers:try to lookup type handler for 'void' => success ((<class 'pybindgen.typehandlers.voidtype.VoidReturn'>, None, <pybindgen.typehandlers.ctypeparser.TypeTraits object at 0x7fca1d32e278>))
DEBUG:pybindgen.typehandlers:TypeMatcher.lookup('uint32_t')
DEBUG:pybindgen.typehandlers:try to lookup type handler for 'uint32_t' => success ((<class 'pybindgen.typehandlers.inttype.UnsignedIntParam'>, None, <pybindgen.typehandlers.ctypeparser.TypeTraits object at 0x7fca1d32e3c8>))
DEBUG:pybindgen.typehandlers:TypeMatcher.lookup('uint8_t')
DEBUG:pybindgen.typehandlers:try to lookup type handler for 'uint8_t' => success ((<class 'pybindgen.typehandlers.inttype.UInt8Return'>, None, <pybindgen.typehandlers.ctypeparser.TypeTraits object at 0x7fca1d32e6d8>))
DEBUG:pybindgen.typehandlers:TypeMatcher.lookup('void')
DEBUG:pybindgen.typehandlers:try to lookup type handler for 'void' => success ((<class 'pybindgen.typehandlers.voidtype.VoidReturn'>, None, <pybindgen.typehandlers.ctypeparser.TypeTraits object at 0x7fca1d32eac8>))
DEBUG:pybindgen.typehandlers:TypeMatcher.lookup('void')
DEBUG:pybindgen.typehandlers:try to lookup type handler for 'void' => success ((<class 'pybindgen.typehandlers.voidtype.VoidReturn'>, None, <pybindgen.typehandlers.ctypeparser.TypeTraits object at 0x7fca1d32eeb8>))
DEBUG:pybindgen.typehandlers:TypeMatcher.lookup('uint32_t')
DEBUG:pybindgen.typehandlers:try to lookup type handler for 'uint32_t' => success ((<class 'pybindgen.typehandlers.inttype.UnsignedIntParam'>, None, <pybindgen.typehandlers.ctypeparser.TypeTraits object at 0x7fca1d338048>))
DEBUG:pybindgen.typehandlers:TypeMatcher.lookup('void')
DEBUG:pybindgen.typehandlers:try to lookup type handler for 'void' => success ((<class 'pybindgen.typehandlers.voidtype.VoidReturn'>, None, <pybindgen.typehandlers.ctypeparser.TypeTraits object at 0x7fca1d338358>))
DEBUG:pybindgen.typehandlers:TypeMatcher.lookup('uint8_t *')
DEBUG:pybindgen.typehandlers:try to lookup type handler for 'uint8_t *' => success ((<class 'pybindgen.typehandlers.inttype.UInt8PtrParam'>, None, <pybindgen.typehandlers.ctypeparser.TypeTraits object at 0x7fca1d3384a8>))
/home/imran/ns-allinone-3.36.1/ns-3.36.1/src/dsdv/bindings/modulegen__gcc_LP64.py:1011: Warning: exception TypeConfigurationError('direction not given',) in wrapper public: retval? ???::Read (params?);
  [param('uint8_t *', 'buffer'), param('uint32_t', 'size')])
DEBUG:pybindgen.typehandlers:TypeMatcher.lookup('void')
DEBUG:pybindgen.typehandlers:try to lookup type handler for 'void' => success ((<class 'pybindgen.typehandlers.voidtype.VoidReturn'>, None, <pybindgen.typehandlers.ctypeparser.TypeTraits object at 0x7fca1d338588>))
DEBUG:pybindgen.typehandlers:TypeMatcher.lookup('ns3::Buffer::Iterator')
DEBUG:pybindgen.typehandlers:try to lookup type handler for 'ns3::Buffer::Iterator' => success ((<class 'pybindgen.cppclass.CppClass.__init__.<locals>.ThisClassParameter'>, None, <pybindgen.typehandlers.ctypeparser.TypeTraits object at 0x7fca1d338748>))
DEBUG:pybindgen.typehandlers:TypeMatcher.lookup('uint32_t')
DEBUG:pybindgen.typehandlers:try to lookup type handler for 'uint32_t' => success ((<class 'pybindgen.typehandlers.inttype.UnsignedIntParam'>, None, <pybindgen.typehandlers.ctypeparser.TypeTraits object at 0x7fca1d3387f0>))
DEBUG:pybindgen.typehandlers:TypeMatcher.lookup('uint16_t')
DEBUG:pybindgen.typehandlers:try to lookup type handler for 'uint16_t' => success ((<class 'pybindgen.typehandlers.inttype.UInt16Return'>, None, <pybindgen.typehandlers.ctypeparser.TypeTraits object at 0x7fca1d338b70>))
DEBUG:pybindgen.typehandlers:TypeMatcher.lookup('uint32_t')
DEBUG:pybindgen.typehandlers:try to lookup type handler for 'uint32_t' => success ((<class 'pybindgen.typehandlers.inttype.UnsignedIntReturn'>, None, <pybindgen.typehandlers.ctypeparser.TypeTraits object at 0x7fca1d338f28>))
DEBUG:pybindgen.typehandlers:TypeMatcher.lookup('uint64_t')
DEBUG:pybindgen.typehandlers:try to lookup type handler for 'uint64_t' => success ((<class 'pybindgen.typehandlers.inttype.UnsignedLongLongReturn'>, None, <pybindgen.typehandlers.ctypeparser.TypeTraits object at 0x7fca1d3385c0>))
DEBUG:pybindgen.typehandlers:TypeMatcher.lookup('uint16_t')
DEBUG:pybindgen.typehandlers:try to lookup type handler for 'uint16_t' => success ((<class 'pybindgen.typehandlers.inttype.UInt16Return'>, None, <pybindgen.typehandlers.ctypeparser.TypeTraits object at 0x7fca1d33e438>))
DEBUG:pybindgen.typehandlers:TypeMatcher.lookup('uint32_t')
DEBUG:pybindgen.typehandlers:try to lookup type handler for 'uint32_t' => success ((<class 'pybindgen.typehandlers.inttype.UnsignedIntReturn'>, None, <pybindgen.typehandlers.ctypeparser.TypeTraits object at 0x7fca1d33e7f0>))
DEBUG:pybindgen.typehandlers:TypeMatcher.lookup('uint64_t')
DEBUG:pybindgen.typehandlers:try to lookup type handler for 'uint64_t' => success ((<class 'pybindgen.typehandlers.inttype.UnsignedLongLongReturn'>, None, <pybindgen.typehandlers.ctypeparser.TypeTraits object at 0x7fca1d33eba8>))
DEBUG:pybindgen.typehandlers:TypeMatcher.lookup('uint16_t')
DEBUG:pybindgen.typehandlers:try to lookup type handler for 'uint16_t' => success ((<class 'pybindgen.typehandlers.inttype.UInt16Return'>, None, <pybindgen.typehandlers.ctypeparser.TypeTraits object at 0x7fca1d33ef60>))
DEBUG:pybindgen.typehandlers:TypeMatcher.lookup('uint32_t')
DEBUG:pybindgen.typehandlers:try to lookup type handler for 'uint32_t' => success ((<class 'pybindgen.typehandlers.inttype.UnsignedIntReturn'>, None, <pybindgen.typehandlers.ctypeparser.TypeTraits object at 0x7fca1d347358>))
DEBUG:pybindgen.typehandlers:TypeMatcher.lookup('uint64_t')
DEBUG:pybindgen.typehandlers:try to lookup type handler for 'uint64_t' => success ((<class 'pybindgen.typehandlers.inttype.UnsignedLongLongReturn'>, None, <pybindgen.typehandlers.ctypeparser.TypeTraits object at 0x7fca1d347710>))
DEBUG:pybindgen.typehandlers:TypeMatcher.lookup('uint8_t')
DEBUG:pybindgen.typehandlers:try to lookup type handler for 'uint8_t' => success ((<class 'pybindgen.typehandlers.inttype.UInt8Return'>, None, <pybindgen.typehandlers.ctypeparser.TypeTraits object at 0x7fca1d347ac8>))
DEBUG:pybindgen.typehandlers:TypeMatcher.lookup('void')
DEBUG:pybindgen.typehandlers:try to lookup type handler for 'void' => success ((<class 'pybindgen.typehandlers.voidtype.VoidReturn'>, None, <pybindgen.typehandlers.ctypeparser.TypeTraits object at 0x7fca1d347eb8>))
DEBUG:pybindgen.typehandlers:TypeMatcher.lookup('uint8_t const *')
DEBUG:pybindgen.typehandlers:try to lookup type handler for 'uint8_t const *' => success ((<class 'pybindgen.typehandlers.inttype.UInt8PtrParam'>, None, <pybindgen.typehandlers.ctypeparser.TypeTraits object at 0x7fca1d34f048>))
/home/imran/ns-allinone-3.36.1/ns-3.36.1/src/dsdv/bindings/modulegen__gcc_LP64.py:1059: Warning: exception TypeConfigurationError('direction not given',) in wrapper public: retval? ???::Write (params?);
  [param('uint8_t const *', 'buffer'), param('uint32_t', 'size')])
DEBUG:pybindgen.typehandlers:TypeMatcher.lookup('void')
DEBUG:pybindgen.typehandlers:try to lookup type handler for 'void' => success ((<class 'pybindgen.typehandlers.voidtype.VoidReturn'>, None, <pybindgen.typehandlers.ctypeparser.TypeTraits object at 0x7fca1d34f198>))
DEBUG:pybindgen.typehandlers:TypeMatcher.lookup('ns3::Buffer::Iterator')
DEBUG:pybindgen.typehandlers:try to lookup type handler for 'ns3::Buffer::Iterator' => success ((<class 'pybindgen.cppclass.CppClass.__init__.<locals>.ThisClassParameter'>, None, <pybindgen.typehandlers.ctypeparser.TypeTraits object at 0x7fca1d34f358>))
DEBUG:pybindgen.typehandlers:TypeMatcher.lookup('ns3::Buffer::Iterator')
DEBUG:pybindgen.typehandlers:try to lookup type handler for 'ns3::Buffer::Iterator' => success ((<class 'pybindgen.cppclass.CppClass.__init__.<locals>.ThisClassParameter'>, None, <pybindgen.typehandlers.ctypeparser.TypeTraits object at 0x7fca1d34f400>))
DEBUG:pybindgen.typehandlers:TypeMatcher.lookup('void')
DEBUG:pybindgen.typehandlers:try to lookup type handler for 'void' => success ((<class 'pybindgen.typehandlers.voidtype.VoidReturn'>, None, <pybindgen.typehandlers.ctypeparser.TypeTraits object at 0x7fca1d34f780>))
DEBUG:pybindgen.typehandlers:TypeMatcher.lookup('uint16_t')
DEBUG:pybindgen.typehandlers:try to lookup type handler for 'uint16_t' => success ((<class 'pybindgen.typehandlers.inttype.UInt16Param'>, None, <pybindgen.typehandlers.ctypeparser.TypeTraits object at 0x7fca1d347fd0>))
DEBUG:pybindgen.typehandlers:TypeMatcher.lookup('void')
DEBUG:pybindgen.typehandlers:try to lookup type handler for 'void' => success ((<class 'pybindgen.typehandlers.voidtype.VoidReturn'>, None, <pybindgen.typehandlers.ctypeparser.TypeTraits object at 0x7fca1d34f908>))
DEBUG:pybindgen.typehandlers:TypeMatcher.lookup('uint32_t')
DEBUG:pybindgen.typehandlers:try to lookup type handler for 'uint32_t' => success ((<class 'pybindgen.typehandlers.inttype.UnsignedIntParam'>, None, <pybindgen.typehandlers.ctypeparser.TypeTraits object at 0x7fca1d34fa58>))
DEBUG:pybindgen.typehandlers:TypeMatcher.lookup('void')
DEBUG:pybindgen.typehandlers:try to lookup type handler for 'void' => success ((<class 'pybindgen.typehandlers.voidtype.VoidReturn'>, None, <pybindgen.typehandlers.ctypeparser.TypeTraits object at 0x7fca1d34fda0>))
DEBUG:pybindgen.typehandlers:TypeMatcher.lookup('uint64_t')
DEBUG:pybindgen.typehandlers:try to lookup type handler for 'uint64_t' => success ((<class 'pybindgen.typehandlers.inttype.UnsignedLongLongParam'>, None, <pybindgen.typehandlers.ctypeparser.TypeTraits object at 0x7fca1d34fef0>))
DEBUG:pybindgen.typehandlers:TypeMatcher.lookup('void')
DEBUG:pybindgen.typehandlers:try to lookup type handler for 'void' => success ((<class 'pybindgen.typehandlers.voidtype.VoidReturn'>, None, <pybindgen.typehandlers.ctypeparser.TypeTraits object at 0x7fca1d354278>))
DEBUG:pybindgen.typehandlers:TypeMatcher.lookup('uint16_t')
DEBUG:pybindgen.typehandlers:try to lookup type handler for 'uint16_t' => success ((<class 'pybindgen.typehandlers.inttype.UInt16Param'>, None, <pybindgen.typehandlers.ctypeparser.TypeTraits object at 0x7fca1d3543c8>))
DEBUG:pybindgen.typehandlers:TypeMatcher.lookup('void')
DEBUG:pybindgen.typehandlers:try to lookup type handler for 'void' => success ((<class 'pybindgen.typehandlers.voidtype.VoidReturn'>, None, <pybindgen.typehandlers.ctypeparser.TypeTraits object at 0x7fca1d354710>))
DEBUG:pybindgen.typehandlers:TypeMatcher.lookup('uint32_t')
DEBUG:pybindgen.typehandlers:try to lookup type handler for 'uint32_t' => success ((<class 'pybindgen.typehandlers.inttype.UnsignedIntParam'>, None, <pybindgen.typehandlers.ctypeparser.TypeTraits object at 0x7fca1d354860>))
DEBUG:pybindgen.typehandlers:TypeMatcher.lookup('void')
DEBUG:pybindgen.typehandlers:try to lookup type handler for 'void' => success ((<class 'pybindgen.typehandlers.voidtype.VoidReturn'>, None, <pybindgen.typehandlers.ctypeparser.TypeTraits object at 0x7fca1d354ba8>))
DEBUG:pybindgen.typehandlers:TypeMatcher.lookup('uint64_t')
DEBUG:pybindgen.typehandlers:try to lookup type handler for 'uint64_t' => success ((<class 'pybindgen.typehandlers.inttype.UnsignedLongLongParam'>, None, <pybindgen.typehandlers.ctypeparser.TypeTraits object at 0x7fca1d354cf8>))
DEBUG:pybindgen.typehandlers:TypeMatcher.lookup('void')
DEBUG:pybindgen.typehandlers:try to lookup type handler for 'void' => success ((<class 'pybindgen.typehandlers.voidtype.VoidReturn'>, None, <pybindgen.typehandlers.ctypeparser.TypeTraits object at 0x7fca1d35a080>))
DEBUG:pybindgen.typehandlers:TypeMatcher.lookup('uint16_t')
DEBUG:pybindgen.typehandlers:try to lookup type handler for 'uint16_t' => success ((<class 'pybindgen.typehandlers.inttype.UInt16Param'>, None, <pybindgen.typehandlers.ctypeparser.TypeTraits object at 0x7fca1d35a1d0>))
DEBUG:pybindgen.typehandlers:TypeMatcher.lookup('void')
DEBUG:pybindgen.typehandlers:try to lookup type handler for 'void' => success ((<class 'pybindgen.typehandlers.voidtype.VoidReturn'>, None, <pybindgen.typehandlers.ctypeparser.TypeTraits object at 0x7fca1d35a518>))
DEBUG:pybindgen.typehandlers:TypeMatcher.lookup('uint32_t')
DEBUG:pybindgen.typehandlers:try to lookup type handler for 'uint32_t' => success ((<class 'pybindgen.typehandlers.inttype.UnsignedIntParam'>, None, <pybindgen.typehandlers.ctypeparser.TypeTraits object at 0x7fca1d35a668>))
DEBUG:pybindgen.typehandlers:TypeMatcher.lookup('void')
DEBUG:pybindgen.typehandlers:try to lookup type handler for 'void' => success ((<class 'pybindgen.typehandlers.voidtype.VoidReturn'>, None, <pybindgen.typehandlers.ctypeparser.TypeTraits object at 0x7fca1d35a9b0>))
DEBUG:pybindgen.typehandlers:TypeMatcher.lookup('uint64_t')
DEBUG:pybindgen.typehandlers:try to lookup type handler for 'uint64_t' => success ((<class 'pybindgen.typehandlers.inttype.UnsignedLongLongParam'>, None, <pybindgen.typehandlers.ctypeparser.TypeTraits object at 0x7fca1d35ab00>))
DEBUG:pybindgen.typehandlers:TypeMatcher.lookup('void')
DEBUG:pybindgen.typehandlers:try to lookup type handler for 'void' => success ((<class 'pybindgen.typehandlers.voidtype.VoidReturn'>, None, <pybindgen.typehandlers.ctypeparser.TypeTraits object at 0x7fca1d35ae48>))
DEBUG:pybindgen.typehandlers:TypeMatcher.lookup('uint8_t')
DEBUG:pybindgen.typehandlers:try to lookup type handler for 'uint8_t' => success ((<class 'pybindgen.typehandlers.inttype.UInt8Param'>, None, <pybindgen.typehandlers.ctypeparser.TypeTraits object at 0x7fca1d35af98>))
DEBUG:pybindgen.typehandlers:TypeMatcher.lookup('void')
DEBUG:pybindgen.typehandlers:try to lookup type handler for 'void' => success ((<class 'pybindgen.typehandlers.voidtype.VoidReturn'>, None, <pybindgen.typehandlers.ctypeparser.TypeTraits object at 0x7fca1d2e3358>))
DEBUG:pybindgen.typehandlers:TypeMatcher.lookup('uint8_t')
DEBUG:pybindgen.typehandlers:try to lookup type handler for 'uint8_t' => success ((<class 'pybindgen.typehandlers.inttype.UInt8Param'>, None, <pybindgen.typehandlers.ctypeparser.TypeTraits object at 0x7fca1d2e34a8>))
DEBUG:pybindgen.typehandlers:TypeMatcher.lookup('uint32_t')
DEBUG:pybindgen.typehandlers:try to lookup type handler for 'uint32_t' => success ((<class 'pybindgen.typehandlers.inttype.UnsignedIntParam'>, None, <pybindgen.typehandlers.ctypeparser.TypeTraits object at 0x7fca1d2e3588>))
DEBUG:pybindgen.typehandlers:TypeMatcher.lookup('ns3::ByteTagIterator const &')
DEBUG:pybindgen.typehandlers:try to lookup type handler for 'ns3::ByteTagIterator const &' => success ((<class 'pybindgen.cppclass.CppClass.__init__.<locals>.ThisClassRefParameter'>, None, <pybindgen.typehandlers.ctypeparser.TypeTraits object at 0x7fca1d2e3908>))
DEBUG:pybindgen.typehandlers:TypeMatcher.lookup('bool')
DEBUG:pybindgen.typehandlers:try to lookup type handler for 'bool' => success ((<class 'pybindgen.typehandlers.booltype.BoolReturn'>, None, <pybindgen.typehandlers.ctypeparser.TypeTraits object at 0x7fca1d2e3cc0>))
DEBUG:pybindgen.typehandlers:TypeMatcher.lookup('ns3::ByteTagIterator::Item')
DEBUG:pybindgen.typehandlers:try to lookup type handler for 'ns3::ByteTagIterator::Item' => success ((<class 'pybindgen.cppclass.CppClass.__init__.<locals>.ThisClassReturn'>, None, <pybindgen.typehandlers.ctypeparser.TypeTraits object at 0x7fca1d2e80b8>))
DEBUG:pybindgen.typehandlers:TypeMatcher.lookup('ns3::ByteTagIterator::Item const &')
DEBUG:pybindgen.typehandlers:try to lookup type handler for 'ns3::ByteTagIterator::Item const &' => success ((<class 'pybindgen.cppclass.CppClass.__init__.<locals>.ThisClassRefParameter'>, None, <pybindgen.typehandlers.ctypeparser.TypeTraits object at 0x7fca1d2e84a8>))
DEBUG:pybindgen.typehandlers:TypeMatcher.lookup('uint32_t')
DEBUG:pybindgen.typehandlers:try to lookup type handler for 'uint32_t' => success ((<class 'pybindgen.typehandlers.inttype.UnsignedIntReturn'>, None, <pybindgen.typehandlers.ctypeparser.TypeTraits object at 0x7fca1d2e8860>))
DEBUG:pybindgen.typehandlers:TypeMatcher.lookup('uint32_t')
DEBUG:pybindgen.typehandlers:try to lookup type handler for 'uint32_t' => success ((<class 'pybindgen.typehandlers.inttype.UnsignedIntReturn'>, None, <pybindgen.typehandlers.ctypeparser.TypeTraits object at 0x7fca1d2e8be0>))
DEBUG:pybindgen.typehandlers:TypeMatcher.lookup('void')
DEBUG:pybindgen.typehandlers:try to lookup type handler for 'void' => success ((<class 'pybindgen.typehandlers.voidtype.VoidReturn'>, None, <pybindgen.typehandlers.ctypeparser.TypeTraits object at 0x7fca1d2e8f60>))
DEBUG:pybindgen.typehandlers:TypeMatcher.lookup('ns3::Tag &')
DEBUG:pybindgen.typehandlers:try to lookup type handler for 'ns3::Tag &' => success ((<class 'pybindgen.cppclass.CppClass.__init__.<locals>.ThisClassRefParameter'>, None, <pybindgen.typehandlers.ctypeparser.TypeTraits object at 0x7fca1d2f30f0>))
DEBUG:pybindgen.typehandlers:TypeMatcher.lookup('ns3::TypeId')
DEBUG:pybindgen.typehandlers:try to lookup type handler for 'ns3::TypeId' => success ((<class 'pybindgen.cppclass.CppClass.__init__.<locals>.ThisClassReturn'>, None, <pybindgen.typehandlers.ctypeparser.TypeTraits object at 0x7fca1d2f3470>))
DEBUG:pybindgen.typehandlers:TypeMatcher.lookup('ns3::ByteTagList const &')
DEBUG:pybindgen.typehandlers:try to lookup type handler for 'ns3::ByteTagList const &' => success ((<class 'pybindgen.cppclass.CppClass.__init__.<locals>.ThisClassRefParameter'>, None, <pybindgen.typehandlers.ctypeparser.TypeTraits object at 0x7fca1d2f3a90>))
DEBUG:pybindgen.typehandlers:TypeMatcher.lookup('ns3::TagBuffer')
DEBUG:pybindgen.typehandlers:try to lookup type handler for 'ns3::TagBuffer' => success ((<class 'pybindgen.cppclass.CppClass.__init__.<locals>.ThisClassReturn'>, None, <pybindgen.typehandlers.ctypeparser.TypeTraits object at 0x7fca1d2f3e48>))
DEBUG:pybindgen.typehandlers:TypeMatcher.lookup('ns3::TypeId')
DEBUG:pybindgen.typehandlers:try to lookup type handler for 'ns3::TypeId' => success ((<class 'pybindgen.cppclass.CppClass.__init__.<locals>.ThisClassParameter'>, None, <pybindgen.typehandlers.ctypeparser.TypeTraits object at 0x7fca1d2f3f60>))
DEBUG:pybindgen.typehandlers:TypeMatcher.lookup('uint32_t')
DEBUG:pybindgen.typehandlers:try to lookup type handler for 'uint32_t' => success ((<class 'pybindgen.typehandlers.inttype.UnsignedIntParam'>, None, <pybindgen.typehandlers.ctypeparser.TypeTraits object at 0x7fca1d2f9048>))
DEBUG:pybindgen.typehandlers:TypeMatcher.lookup('int32_t')
DEBUG:pybindgen.typehandlers:try to lookup type handler for 'int32_t' => success ((<class 'pybindgen.typehandlers.inttype.IntParam'>, None, <pybindgen.typehandlers.ctypeparser.TypeTraits object at 0x7fca1d2f9128>))
DEBUG:pybindgen.typehandlers:TypeMatcher.lookup('int32_t')
DEBUG:pybindgen.typehandlers:try to lookup type handler for 'int32_t' => success ((<class 'pybindgen.typehandlers.inttype.IntParam'>, None, <pybindgen.typehandlers.ctypeparser.TypeTraits object at 0x7fca1d2f9240>))
DEBUG:pybindgen.typehandlers:TypeMatcher.lookup('void')
DEBUG:pybindgen.typehandlers:try to lookup type handler for 'void' => success ((<class 'pybindgen.typehandlers.voidtype.VoidReturn'>, None, <pybindgen.typehandlers.ctypeparser.TypeTraits object at 0x7fca1d2f95f8>))
DEBUG:pybindgen.typehandlers:TypeMatcher.lookup('ns3::ByteTagList const &')
DEBUG:pybindgen.typehandlers:try to lookup type handler for 'ns3::ByteTagList const &' => success ((<class 'pybindgen.cppclass.CppClass.__init__.<locals>.ThisClassRefParameter'>, None, <pybindgen.typehandlers.ctypeparser.TypeTraits object at 0x7fca1d2f9748>))
DEBUG:pybindgen.typehandlers:TypeMatcher.lookup('void')
DEBUG:pybindgen.typehandlers:try to lookup type handler for 'void' => success ((<class 'pybindgen.typehandlers.voidtype.VoidReturn'>, None, <pybindgen.typehandlers.ctypeparser.TypeTraits object at 0x7fca1d2f9b00>))
DEBUG:pybindgen.typehandlers:TypeMatcher.lookup('int32_t')
DEBUG:pybindgen.typehandlers:try to lookup type handler for 'int32_t' => success ((<class 'pybindgen.typehandlers.inttype.IntParam'>, None, <pybindgen.typehandlers.ctypeparser.TypeTraits object at 0x7fca1d2f9c50>))
DEBUG:pybindgen.typehandlers:TypeMatcher.lookup('void')
DEBUG:pybindgen.typehandlers:try to lookup type handler for 'void' => success ((<class 'pybindgen.typehandlers.voidtype.VoidReturn'>, None, <pybindgen.typehandlers.ctypeparser.TypeTraits object at 0x7fca1d2f9fd0>))
DEBUG:pybindgen.typehandlers:TypeMatcher.lookup('int32_t')
DEBUG:pybindgen.typehandlers:try to lookup type handler for 'int32_t' => success ((<class 'pybindgen.typehandlers.inttype.IntParam'>, None, <pybindgen.typehandlers.ctypeparser.TypeTraits object at 0x7fca1d301160>))
DEBUG:pybindgen.typehandlers:TypeMatcher.lookup('void')
DEBUG:pybindgen.typehandlers:try to lookup type handler for 'void' => success ((<class 'pybindgen.typehandlers.voidtype.VoidReturn'>, None, <pybindgen.typehandlers.ctypeparser.TypeTraits object at 0x7fca1d3014e0>))
DEBUG:pybindgen.typehandlers:TypeMatcher.lookup('int32_t')
DEBUG:pybindgen.typehandlers:try to lookup type handler for 'int32_t' => success ((<class 'pybindgen.typehandlers.inttype.IntParam'>, None, <pybindgen.typehandlers.ctypeparser.TypeTraits object at 0x7fca1d301630>))
DEBUG:pybindgen.typehandlers:TypeMatcher.lookup('ns3::ByteTagList::Iterator')
DEBUG:pybindgen.typehandlers:try to lookup type handler for 'ns3::ByteTagList::Iterator' => success ((<class 'pybindgen.cppclass.CppClass.__init__.<locals>.ThisClassReturn'>, None, <pybindgen.typehandlers.ctypeparser.TypeTraits object at 0x7fca1d3019b0>))
DEBUG:pybindgen.typehandlers:TypeMatcher.lookup('int32_t')
DEBUG:pybindgen.typehandlers:try to lookup type handler for 'int32_t' => success ((<class 'pybindgen.typehandlers.inttype.IntParam'>, None, <pybindgen.typehandlers.ctypeparser.TypeTraits object at 0x7fca1d301ac8>))
DEBUG:pybindgen.typehandlers:TypeMatcher.lookup('int32_t')
DEBUG:pybindgen.typehandlers:try to lookup type handler for 'int32_t' => success ((<class 'pybindgen.typehandlers.inttype.IntParam'>, None, <pybindgen.typehandlers.ctypeparser.TypeTraits object at 0x7fca1d301ba8>))
DEBUG:pybindgen.typehandlers:TypeMatcher.lookup('uint32_t')
DEBUG:pybindgen.typehandlers:try to lookup type handler for 'uint32_t' => success ((<class 'pybindgen.typehandlers.inttype.UnsignedIntReturn'>, None, <pybindgen.typehandlers.ctypeparser.TypeTraits object at 0x7fca1d301f60>))
DEBUG:pybindgen.typehandlers:TypeMatcher.lookup('uint32_t const *')
DEBUG:pybindgen.typehandlers:try to lookup type handler for 'uint32_t const *' => success ((<class 'pybindgen.typehandlers.inttype.UnsignedIntPtrParam'>, None, <pybindgen.typehandlers.ctypeparser.TypeTraits object at 0x7fca1d4167b8>))
DEBUG:pybindgen.typehandlers:TypeMatcher.lookup('uint32_t')
DEBUG:pybindgen.typehandlers:try to lookup type handler for 'uint32_t' => success ((<class 'pybindgen.typehandlers.inttype.UnsignedIntParam'>, None, <pybindgen.typehandlers.ctypeparser.TypeTraits object at 0x7fca1d3060f0>))
DEBUG:pybindgen.typehandlers:TypeMatcher.lookup('uint32_t')
DEBUG:pybindgen.typehandlers:try to lookup type handler for 'uint32_t' => success ((<class 'pybindgen.typehandlers.inttype.UnsignedIntReturn'>, None, <pybindgen.typehandlers.ctypeparser.TypeTraits object at 0x7fca1d306400>))
DEBUG:pybindgen.typehandlers:TypeMatcher.lookup('void')
DEBUG:pybindgen.typehandlers:try to lookup type handler for 'void' => success ((<class 'pybindgen.typehandlers.voidtype.VoidReturn'>, None, <pybindgen.typehandlers.ctypeparser.TypeTraits object at 0x7fca1d306780>))
DEBUG:pybindgen.typehandlers:TypeMatcher.lookup('uint32_t')
DEBUG:pybindgen.typehandlers:try to lookup type handler for 'uint32_t' => success ((<class 'pybindgen.typehandlers.inttype.UnsignedIntReturn'>, None, <pybindgen.typehandlers.ctypeparser.TypeTraits object at 0x7fca1d306b70>))
DEBUG:pybindgen.typehandlers:TypeMatcher.lookup('uint32_t *')
DEBUG:pybindgen.typehandlers:try to lookup type handler for 'uint32_t *' => success ((<class 'pybindgen.typehandlers.inttype.UnsignedIntPtrParam'>, None, <pybindgen.typehandlers.ctypeparser.TypeTraits object at 0x7fca1d306c88>))
DEBUG:pybindgen.typehandlers:TypeMatcher.lookup('uint32_t')
DEBUG:pybindgen.typehandlers:try to lookup type handler for 'uint32_t' => success ((<class 'pybindgen.typehandlers.inttype.UnsignedIntParam'>, None, <pybindgen.typehandlers.ctypeparser.TypeTraits object at 0x7fca1d306da0>))
DEBUG:pybindgen.typehandlers:TypeMatcher.lookup('ns3::ByteTagList::Iterator const &')
DEBUG:pybindgen.typehandlers:try to lookup type handler for 'ns3::ByteTagList::Iterator const &' => success ((<class 'pybindgen.cppclass.CppClass.__init__.<locals>.ThisClassRefParameter'>, None, <pybindgen.typehandlers.ctypeparser.TypeTraits object at 0x7fca1d30b160>))
DEBUG:pybindgen.typehandlers:TypeMatcher.lookup('uint32_t')
DEBUG:pybindgen.typehandlers:try to lookup type handler for 'uint32_t' => success ((<class 'pybindgen.typehandlers.inttype.UnsignedIntReturn'>, None, <pybindgen.typehandlers.ctypeparser.TypeTraits object at 0x7fca1d30b518>))
DEBUG:pybindgen.typehandlers:TypeMatcher.lookup('bool')
DEBUG:pybindgen.typehandlers:try to lookup type handler for 'bool' => success ((<class 'pybindgen.typehandlers.booltype.BoolReturn'>, None, <pybindgen.typehandlers.ctypeparser.TypeTraits object at 0x7fca1d30b898>))
DEBUG:pybindgen.typehandlers:TypeMatcher.lookup('ns3::ByteTagList::Iterator::Item')
DEBUG:pybindgen.typehandlers:try to lookup type handler for 'ns3::ByteTagList::Iterator::Item' => success ((<class 'pybindgen.cppclass.CppClass.__init__.<locals>.ThisClassReturn'>, None, <pybindgen.typehandlers.ctypeparser.TypeTraits object at 0x7fca1d30bc50>))
DEBUG:pybindgen.typehandlers:TypeMatcher.lookup('ns3::ByteTagList::Iterator::Item const &')
DEBUG:pybindgen.typehandlers:try to lookup type handler for 'ns3::ByteTagList::Iterator::Item const &' => success ((<class 'pybindgen.cppclass.CppClass.__init__.<locals>.ThisClassRefParameter'>, None, <pybindgen.typehandlers.ctypeparser.TypeTraits object at 0x7fca1d314080>))
DEBUG:pybindgen.typehandlers:TypeMatcher.lookup('ns3::TagBuffer')
DEBUG:pybindgen.typehandlers:try to lookup type handler for 'ns3::TagBuffer' => success ((<class 'pybindgen.cppclass.CppClass.__init__.<locals>.ThisClassParameter'>, None, <pybindgen.typehandlers.ctypeparser.TypeTraits object at 0x7fca1d314470>))
DEBUG:pybindgen.typehandlers:TypeMatcher.lookup('ns3::TagBuffer')
DEBUG:pybindgen.typehandlers:try to lookup type handler for 'ns3::TagBuffer' => success ((<class 'pybindgen.cppclass.CppClass.__init__.<locals>.ThisClassReturn'>, None, <pybindgen.typehandlers.ctypeparser.TypeTraits object at 0x7fca1d314748>))
DEBUG:pybindgen.typehandlers:TypeMatcher.lookup('int32_t')
DEBUG:pybindgen.typehandlers:try to lookup type handler for 'int32_t' => success ((<class 'pybindgen.typehandlers.inttype.IntReturn'>, None, <pybindgen.typehandlers.ctypeparser.TypeTraits object at 0x7fca1d314c88>))
DEBUG:pybindgen.typehandlers:TypeMatcher.lookup('uint32_t')
DEBUG:pybindgen.typehandlers:try to lookup type handler for 'uint32_t' => success ((<class 'pybindgen.typehandlers.inttype.UnsignedIntReturn'>, None, <pybindgen.typehandlers.ctypeparser.TypeTraits object at 0x7fca1d31c240>))
DEBUG:pybindgen.typehandlers:TypeMatcher.lookup('int32_t')
DEBUG:pybindgen.typehandlers:try to lookup type handler for 'int32_t' => success ((<class 'pybindgen.typehandlers.inttype.IntReturn'>, None, <pybindgen.typehandlers.ctypeparser.TypeTraits object at 0x7fca1d31c780>))
DEBUG:pybindgen.typehandlers:TypeMatcher.lookup('ns3::TypeId')
DEBUG:pybindgen.typehandlers:try to lookup type handler for 'ns3::TypeId' => success ((<class 'pybindgen.cppclass.CppClass.__init__.<locals>.ThisClassReturn'>, None, <pybindgen.typehandlers.ctypeparser.TypeTraits object at 0x7fca1d31ccf8>))
DEBUG:pybindgen.typehandlers:TypeMatcher.lookup('ns3::CallbackBase const &')
DEBUG:pybindgen.typehandlers:try to lookup type handler for 'ns3::CallbackBase const &' => success ((<class 'pybindgen.cppclass.CppClass.__init__.<locals>.ThisClassRefParameter'>, None, <pybindgen.typehandlers.ctypeparser.TypeTraits object at 0x7fca1d2a32e8>))
DEBUG:pybindgen.typehandlers:TypeMatcher.lookup('ns3::Ptr< ns3::CallbackImplBase >')
DEBUG:pybindgen.typehandlers:try to lookup type handler for 'ns3::Ptr< ns3::CallbackImplBase >' => failure
DEBUG:pybindgen.typehandlers:try to lookup type handler for 'ns3::CallbackImplBase *' => success ((<class 'pybindgen.cppclass.MemoryPolicy.register_ptr_parameter_and_return.<locals>.ThisClassPtrReturn'>, <ns3modulegen_core_customizations.SmartPointerTransformation object at 0x7fca1d6d7048>, <pybindgen.typehandlers.ctypeparser.TypeTraits object at 0x7fca1d2a3b38>))
DEBUG:pybindgen.typehandlers:TypeMatcher.lookup('ns3::Ptr< ns3::CallbackImplBase >')
DEBUG:pybindgen.typehandlers:try to lookup type handler for 'ns3::Ptr< ns3::CallbackImplBase >' => failure
DEBUG:pybindgen.typehandlers:try to lookup type handler for 'ns3::CallbackImplBase *' => success ((<class 'pybindgen.cppclass.MemoryPolicy.register_ptr_parameter_and_return.<locals>.ThisClassPtrParameter'>, <ns3modulegen_core_customizations.SmartPointerTransformation object at 0x7fca1d6d7048>, <pybindgen.typehandlers.ctypeparser.TypeTraits object at 0x7fca1d2a3f60>))
DEBUG:pybindgen.typehandlers:TypeMatcher.lookup('ns3::DefaultDeleter< ns3::AttributeAccessor > const &')
DEBUG:pybindgen.typehandlers:try to lookup type handler for 'ns3::DefaultDeleter< ns3::AttributeAccessor > const &' => success ((<class 'pybindgen.cppclass.CppClass.__init__.<locals>.ThisClassRefParameter'>, None, <pybindgen.typehandlers.ctypeparser.TypeTraits object at 0x7fca1d2ad4e0>))
DEBUG:pybindgen.typehandlers:TypeMatcher.lookup('void')
DEBUG:pybindgen.typehandlers:try to lookup type handler for 'void' => success ((<class 'pybindgen.typehandlers.voidtype.VoidReturn'>, None, <pybindgen.typehandlers.ctypeparser.TypeTraits object at 0x7fca1d2ad940>))
DEBUG:pybindgen.typehandlers:TypeMatcher.lookup('ns3::AttributeAccessor *')
DEBUG:pybindgen.typehandlers:try to lookup type handler for 'ns3::AttributeAccessor *' => success ((<class 'pybindgen.cppclass.MemoryPolicy.register_ptr_parameter_and_return.<locals>.ThisClassPtrParameter'>, None, <pybindgen.typehandlers.ctypeparser.TypeTraits object at 0x7fca1d2ada90>))
/home/imran/ns-allinone-3.36.1/ns-3.36.1/src/dsdv/bindings/modulegen__gcc_LP64.py:1259: Warning: exception TypeConfigurationError('Missing transfer_ownership option',) in wrapper public: retval? ???::Delete (params?);
  is_static=True)
DEBUG:pybindgen.typehandlers:TypeMatcher.lookup('ns3::DefaultDeleter< ns3::AttributeChecker > const &')
DEBUG:pybindgen.typehandlers:try to lookup type handler for 'ns3::DefaultDeleter< ns3::AttributeChecker > const &' => success ((<class 'pybindgen.cppclass.CppClass.__init__.<locals>.ThisClassRefParameter'>, None, <pybindgen.typehandlers.ctypeparser.TypeTraits object at 0x7fca1d2ade80>))
DEBUG:pybindgen.typehandlers:TypeMatcher.lookup('void')
DEBUG:pybindgen.typehandlers:try to lookup type handler for 'void' => success ((<class 'pybindgen.typehandlers.voidtype.VoidReturn'>, None, <pybindgen.typehandlers.ctypeparser.TypeTraits object at 0x7fca1d2b6320>))
DEBUG:pybindgen.typehandlers:TypeMatcher.lookup('ns3::AttributeChecker *')
DEBUG:pybindgen.typehandlers:try to lookup type handler for 'ns3::AttributeChecker *' => success ((<class 'pybindgen.cppclass.MemoryPolicy.register_ptr_parameter_and_return.<locals>.ThisClassPtrParameter'>, None, <pybindgen.typehandlers.ctypeparser.TypeTraits object at 0x7fca1d2b6470>))
/home/imran/ns-allinone-3.36.1/ns-3.36.1/src/dsdv/bindings/modulegen__gcc_LP64.py:1271: Warning: exception TypeConfigurationError('Missing transfer_ownership option',) in wrapper public: retval? ???::Delete (params?);
  is_static=True)
DEBUG:pybindgen.typehandlers:TypeMatcher.lookup('ns3::DefaultDeleter< ns3::AttributeValue > const &')
DEBUG:pybindgen.typehandlers:try to lookup type handler for 'ns3::DefaultDeleter< ns3::AttributeValue > const &' => success ((<class 'pybindgen.cppclass.CppClass.__init__.<locals>.ThisClassRefParameter'>, None, <pybindgen.typehandlers.ctypeparser.TypeTraits object at 0x7fca1d2b6860>))
DEBUG:pybindgen.typehandlers:TypeMatcher.lookup('void')
DEBUG:pybindgen.typehandlers:try to lookup type handler for 'void' => success ((<class 'pybindgen.typehandlers.voidtype.VoidReturn'>, None, <pybindgen.typehandlers.ctypeparser.TypeTraits object at 0x7fca1d2b6cc0>))
DEBUG:pybindgen.typehandlers:TypeMatcher.lookup('ns3::AttributeValue *')
DEBUG:pybindgen.typehandlers:try to lookup type handler for 'ns3::AttributeValue *' => success ((<class 'pybindgen.cppclass.MemoryPolicy.register_ptr_parameter_and_return.<locals>.ThisClassPtrParameter'>, None, <pybindgen.typehandlers.ctypeparser.TypeTraits object at 0x7fca1d2b6e10>))
/home/imran/ns-allinone-3.36.1/ns-3.36.1/src/dsdv/bindings/modulegen__gcc_LP64.py:1283: Warning: exception TypeConfigurationError('Missing transfer_ownership option',) in wrapper public: retval? ???::Delete (params?);
  is_static=True)
DEBUG:pybindgen.typehandlers:TypeMatcher.lookup('ns3::DefaultDeleter< ns3::CallbackImplBase > const &')
DEBUG:pybindgen.typehandlers:try to lookup type handler for 'ns3::DefaultDeleter< ns3::CallbackImplBase > const &' => success ((<class 'pybindgen.cppclass.CppClass.__init__.<locals>.ThisClassRefParameter'>, None, <pybindgen.typehandlers.ctypeparser.TypeTraits object at 0x7fca1d2bc240>))
DEBUG:pybindgen.typehandlers:TypeMatcher.lookup('void')
DEBUG:pybindgen.typehandlers:try to lookup type handler for 'void' => success ((<class 'pybindgen.typehandlers.voidtype.VoidReturn'>, None, <pybindgen.typehandlers.ctypeparser.TypeTraits object at 0x7fca1d2b6ef0>))
DEBUG:pybindgen.typehandlers:TypeMatcher.lookup('ns3::CallbackImplBase *')
DEBUG:pybindgen.typehandlers:try to lookup type handler for 'ns3::CallbackImplBase *' => success ((<class 'pybindgen.cppclass.MemoryPolicy.register_ptr_parameter_and_return.<locals>.ThisClassPtrParameter'>, None, <pybindgen.typehandlers.ctypeparser.TypeTraits object at 0x7fca1d2b6cf8>))
/home/imran/ns-allinone-3.36.1/ns-3.36.1/src/dsdv/bindings/modulegen__gcc_LP64.py:1295: Warning: exception TypeConfigurationError('Missing transfer_ownership option',) in wrapper public: retval? ???::Delete (params?);
  is_static=True)
DEBUG:pybindgen.typehandlers:TypeMatcher.lookup('ns3::DefaultDeleter< ns3::EventImpl > const &')
DEBUG:pybindgen.typehandlers:try to lookup type handler for 'ns3::DefaultDeleter< ns3::EventImpl > const &' => success ((<class 'pybindgen.cppclass.CppClass.__init__.<locals>.ThisClassRefParameter'>, None, <pybindgen.typehandlers.ctypeparser.TypeTraits object at 0x7fca1d2adb70>))
DEBUG:pybindgen.typehandlers:TypeMatcher.lookup('void')
DEBUG:pybindgen.typehandlers:try to lookup type handler for 'void' => success ((<class 'pybindgen.typehandlers.voidtype.VoidReturn'>, None, <pybindgen.typehandlers.ctypeparser.TypeTraits object at 0x7fca1d2bc860>))
DEBUG:pybindgen.typehandlers:TypeMatcher.lookup('ns3::EventImpl *')
DEBUG:pybindgen.typehandlers:try to lookup type handler for 'ns3::EventImpl *' => success ((<class 'pybindgen.cppclass.MemoryPolicy.register_ptr_parameter_and_return.<locals>.ThisClassPtrParameter'>, None, <pybindgen.typehandlers.ctypeparser.TypeTraits object at 0x7fca1d2bc9b0>))
/home/imran/ns-allinone-3.36.1/ns-3.36.1/src/dsdv/bindings/modulegen__gcc_LP64.py:1307: Warning: exception TypeConfigurationError('Missing transfer_ownership option',) in wrapper public: retval? ???::Delete (params?);
  is_static=True)
DEBUG:pybindgen.typehandlers:TypeMatcher.lookup('ns3::DefaultDeleter< ns3::Hash::Implementation > const &')
DEBUG:pybindgen.typehandlers:try to lookup type handler for 'ns3::DefaultDeleter< ns3::Hash::Implementation > const &' => success ((<class 'pybindgen.cppclass.CppClass.__init__.<locals>.ThisClassRefParameter'>, None, <pybindgen.typehandlers.ctypeparser.TypeTraits object at 0x7fca1d2bcda0>))
DEBUG:pybindgen.typehandlers:TypeMatcher.lookup('void')
DEBUG:pybindgen.typehandlers:try to lookup type handler for 'void' => success ((<class 'pybindgen.typehandlers.voidtype.VoidReturn'>, None, <pybindgen.typehandlers.ctypeparser.TypeTraits object at 0x7fca1d2c3240>))
DEBUG:pybindgen.typehandlers:TypeMatcher.lookup('ns3::Hash::Implementation *')
DEBUG:pybindgen.typehandlers:try to lookup type handler for 'ns3::Hash::Implementation *' => success ((<class 'pybindgen.cppclass.MemoryPolicy.register_ptr_parameter_and_return.<locals>.ThisClassPtrParameter'>, None, <pybindgen.typehandlers.ctypeparser.TypeTraits object at 0x7fca1d2c3390>))
/home/imran/ns-allinone-3.36.1/ns-3.36.1/src/dsdv/bindings/modulegen__gcc_LP64.py:1319: Warning: exception TypeConfigurationError('Missing transfer_ownership option',) in wrapper public: retval? ???::Delete (params?);
  is_static=True)
DEBUG:pybindgen.typehandlers:TypeMatcher.lookup('ns3::DefaultDeleter< ns3::Ipv4Route > const &')
DEBUG:pybindgen.typehandlers:try to lookup type handler for 'ns3::DefaultDeleter< ns3::Ipv4Route > const &' => success ((<class 'pybindgen.cppclass.CppClass.__init__.<locals>.ThisClassRefParameter'>, None, <pybindgen.typehandlers.ctypeparser.TypeTraits object at 0x7fca1d2c3780>))
DEBUG:pybindgen.typehandlers:TypeMatcher.lookup('void')
DEBUG:pybindgen.typehandlers:try to lookup type handler for 'void' => success ((<class 'pybindgen.typehandlers.voidtype.VoidReturn'>, None, <pybindgen.typehandlers.ctypeparser.TypeTraits object at 0x7fca1d2c3be0>))
DEBUG:pybindgen.typehandlers:TypeMatcher.lookup('ns3::Ipv4Route *')
DEBUG:pybindgen.typehandlers:try to lookup type handler for 'ns3::Ipv4Route *' => success ((<class 'pybindgen.cppclass.MemoryPolicy.register_ptr_parameter_and_return.<locals>.ThisClassPtrParameter'>, None, <pybindgen.typehandlers.ctypeparser.TypeTraits object at 0x7fca1d2c3d30>))
/home/imran/ns-allinone-3.36.1/ns-3.36.1/src/dsdv/bindings/modulegen__gcc_LP64.py:1331: Warning: exception TypeConfigurationError('Missing transfer_ownership option',) in wrapper public: retval? ???::Delete (params?);
  is_static=True)
DEBUG:pybindgen.typehandlers:TypeMatcher.lookup('ns3::DefaultDeleter< ns3::NixVector > const &')
DEBUG:pybindgen.typehandlers:try to lookup type handler for 'ns3::DefaultDeleter< ns3::NixVector > const &' => success ((<class 'pybindgen.cppclass.CppClass.__init__.<locals>.ThisClassRefParameter'>, None, <pybindgen.typehandlers.ctypeparser.TypeTraits object at 0x7fca1d2ca160>))
DEBUG:pybindgen.typehandlers:TypeMatcher.lookup('void')
DEBUG:pybindgen.typehandlers:try to lookup type handler for 'void' => success ((<class 'pybindgen.typehandlers.voidtype.VoidReturn'>, None, <pybindgen.typehandlers.ctypeparser.TypeTraits object at 0x7fca1d2ca5c0>))
DEBUG:pybindgen.typehandlers:TypeMatcher.lookup('ns3::NixVector *')
DEBUG:pybindgen.typehandlers:try to lookup type handler for 'ns3::NixVector *' => success ((<class 'pybindgen.cppclass.MemoryPolicy.register_ptr_parameter_and_return.<locals>.ThisClassPtrParameter'>, None, <pybindgen.typehandlers.ctypeparser.TypeTraits object at 0x7fca1d2c3e10>))
/home/imran/ns-allinone-3.36.1/ns-3.36.1/src/dsdv/bindings/modulegen__gcc_LP64.py:1343: Warning: exception TypeConfigurationError('Missing transfer_ownership option',) in wrapper public: retval? ???::Delete (params?);
  is_static=True)
DEBUG:pybindgen.typehandlers:TypeMatcher.lookup('ns3::DefaultDeleter< ns3::Packet > const &')
DEBUG:pybindgen.typehandlers:try to lookup type handler for 'ns3::DefaultDeleter< ns3::Packet > const &' => success ((<class 'pybindgen.cppclass.CppClass.__init__.<locals>.ThisClassRefParameter'>, None, <pybindgen.typehandlers.ctypeparser.TypeTraits object at 0x7fca1d2c3278>))
DEBUG:pybindgen.typehandlers:TypeMatcher.lookup('void')
DEBUG:pybindgen.typehandlers:try to lookup type handler for 'void' => success ((<class 'pybindgen.typehandlers.voidtype.VoidReturn'>, None, <pybindgen.typehandlers.ctypeparser.TypeTraits object at 0x7fca1d2b6e48>))
DEBUG:pybindgen.typehandlers:TypeMatcher.lookup('ns3::Packet *')
DEBUG:pybindgen.typehandlers:try to lookup type handler for 'ns3::Packet *' => success ((<class 'pybindgen.cppclass.MemoryPolicy.register_ptr_parameter_and_return.<locals>.ThisClassPtrParameter'>, None, <pybindgen.typehandlers.ctypeparser.TypeTraits object at 0x7fca1d2b6da0>))
/home/imran/ns-allinone-3.36.1/ns-3.36.1/src/dsdv/bindings/modulegen__gcc_LP64.py:1355: Warning: exception TypeConfigurationError('Missing transfer_ownership option',) in wrapper public: retval? ???::Delete (params?);
  is_static=True)
DEBUG:pybindgen.typehandlers:TypeMatcher.lookup('ns3::DefaultDeleter< ns3::TraceSourceAccessor > const &')
DEBUG:pybindgen.typehandlers:try to lookup type handler for 'ns3::DefaultDeleter< ns3::TraceSourceAccessor > const &' => success ((<class 'pybindgen.cppclass.CppClass.__init__.<locals>.ThisClassRefParameter'>, None, <pybindgen.typehandlers.ctypeparser.TypeTraits object at 0x7fca1d2caa20>))
DEBUG:pybindgen.typehandlers:TypeMatcher.lookup('void')
DEBUG:pybindgen.typehandlers:try to lookup type handler for 'void' => success ((<class 'pybindgen.typehandlers.voidtype.VoidReturn'>, None, <pybindgen.typehandlers.ctypeparser.TypeTraits object at 0x7fca1d2cae80>))
DEBUG:pybindgen.typehandlers:TypeMatcher.lookup('ns3::TraceSourceAccessor *')
DEBUG:pybindgen.typehandlers:try to lookup type handler for 'ns3::TraceSourceAccessor *' => success ((<class 'pybindgen.cppclass.MemoryPolicy.register_ptr_parameter_and_return.<locals>.ThisClassPtrParameter'>, None, <pybindgen.typehandlers.ctypeparser.TypeTraits object at 0x7fca1d2cafd0>))
/home/imran/ns-allinone-3.36.1/ns-3.36.1/src/dsdv/bindings/modulegen__gcc_LP64.py:1367: Warning: exception TypeConfigurationError('Missing transfer_ownership option',) in wrapper public: retval? ???::Delete (params?);
  is_static=True)
DEBUG:pybindgen.typehandlers:TypeMatcher.lookup('ns3::EventId const &')
DEBUG:pybindgen.typehandlers:try to lookup type handler for 'ns3::EventId const &' => success ((<class 'pybindgen.cppclass.CppClass.__init__.<locals>.ThisClassRefParameter'>, None, <pybindgen.typehandlers.ctypeparser.TypeTraits object at 0x7fca1d2d4198>))
DEBUG:pybindgen.typehandlers:TypeMatcher.lookup('ns3::Ptr< ns3::EventImpl > const &')
DEBUG:pybindgen.typehandlers:try to lookup type handler for 'ns3::Ptr< ns3::EventImpl > const &' => failure
'ns3::Ptr< ns3::EventImpl > const &' did not match
/home/imran/ns-allinone-3.36.1/ns-3.36.1/src/dsdv/bindings/modulegen__gcc_LP64.py:1379: Warning: exception TypeLookupError(['ns3::Ptr< ns3::EventImpl > &'],) in wrapper <pybindgen.cppmethod.CppConstructor object at 0x7fca1d2d4780>
  cls.add_constructor([param('ns3::Ptr< ns3::EventImpl > const &', 'impl'), param('uint64_t', 'ts'), param('uint32_t', 'context'), param('uint32_t', 'uid')])
DEBUG:pybindgen.typehandlers:TypeMatcher.lookup('void')
DEBUG:pybindgen.typehandlers:try to lookup type handler for 'void' => success ((<class 'pybindgen.typehandlers.voidtype.VoidReturn'>, None, <pybindgen.typehandlers.ctypeparser.TypeTraits object at 0x7fca1d2d49b0>))
DEBUG:pybindgen.typehandlers:TypeMatcher.lookup('uint32_t')
DEBUG:pybindgen.typehandlers:try to lookup type handler for 'uint32_t' => success ((<class 'pybindgen.typehandlers.inttype.UnsignedIntReturn'>, None, <pybindgen.typehandlers.ctypeparser.TypeTraits object at 0x7fca1d2d4dd8>))
DEBUG:pybindgen.typehandlers:TypeMatcher.lookup('uint64_t')
DEBUG:pybindgen.typehandlers:try to lookup type handler for 'uint64_t' => success ((<class 'pybindgen.typehandlers.inttype.UnsignedLongLongReturn'>, None, <pybindgen.typehandlers.ctypeparser.TypeTraits object at 0x7fca1d2db198>))
DEBUG:pybindgen.typehandlers:TypeMatcher.lookup('uint32_t')
DEBUG:pybindgen.typehandlers:try to lookup type handler for 'uint32_t' => success ((<class 'pybindgen.typehandlers.inttype.UnsignedIntReturn'>, None, <pybindgen.typehandlers.ctypeparser.TypeTraits object at 0x7fca1d2db518>))
DEBUG:pybindgen.typehandlers:TypeMatcher.lookup('bool')
DEBUG:pybindgen.typehandlers:try to lookup type handler for 'bool' => success ((<class 'pybindgen.typehandlers.booltype.BoolReturn'>, None, <pybindgen.typehandlers.ctypeparser.TypeTraits object at 0x7fca1d2b6da0>))
DEBUG:pybindgen.typehandlers:TypeMatcher.lookup('bool')
DEBUG:pybindgen.typehandlers:try to lookup type handler for 'bool' => success ((<class 'pybindgen.typehandlers.booltype.BoolReturn'>, None, <pybindgen.typehandlers.ctypeparser.TypeTraits object at 0x7fca1d2ca630>))
DEBUG:pybindgen.typehandlers:TypeMatcher.lookup('ns3::EventImpl *')
DEBUG:pybindgen.typehandlers:try to lookup type handler for 'ns3::EventImpl *' => success ((<class 'pybindgen.cppclass.MemoryPolicy.register_ptr_parameter_and_return.<locals>.ThisClassPtrReturn'>, None, <pybindgen.typehandlers.ctypeparser.TypeTraits object at 0x7fca1d2db5c0>))
DEBUG:pybindgen.typehandlers:TypeMatcher.lookup('void')
DEBUG:pybindgen.typehandlers:try to lookup type handler for 'void' => success ((<class 'pybindgen.typehandlers.voidtype.VoidReturn'>, None, <pybindgen.typehandlers.ctypeparser.TypeTraits object at 0x7fca1d2db9b0>))
DEBUG:pybindgen.typehandlers:TypeMatcher.lookup('ns3::Hasher const &')
DEBUG:pybindgen.typehandlers:try to lookup type handler for 'ns3::Hasher const &' => success ((<class 'pybindgen.cppclass.CppClass.__init__.<locals>.ThisClassRefParameter'>, None, <pybindgen.typehandlers.ctypeparser.TypeTraits object at 0x7fca1d2dbdd8>))
DEBUG:pybindgen.typehandlers:TypeMatcher.lookup('ns3::Ptr< ns3::Hash::Implementation >')
DEBUG:pybindgen.typehandlers:try to lookup type handler for 'ns3::Ptr< ns3::Hash::Implementation >' => failure
DEBUG:pybindgen.typehandlers:try to lookup type handler for 'ns3::Hash::Implementation *' => success ((<class 'pybindgen.cppclass.MemoryPolicy.register_ptr_parameter_and_return.<locals>.ThisClassPtrParameter'>, <ns3modulegen_core_customizations.SmartPointerTransformation object at 0x7fca1d6d7048>, <pybindgen.typehandlers.ctypeparser.TypeTraits object at 0x7fca1d2626a0>))
DEBUG:pybindgen.typehandlers:TypeMatcher.lookup('uint32_t')
DEBUG:pybindgen.typehandlers:try to lookup type handler for 'uint32_t' => success ((<class 'pybindgen.typehandlers.inttype.UnsignedIntReturn'>, None, <pybindgen.typehandlers.ctypeparser.TypeTraits object at 0x7fca1d262898>))
DEBUG:pybindgen.typehandlers:TypeMatcher.lookup('char const *')
DEBUG:pybindgen.typehandlers:try to lookup type handler for 'char const *' => success ((<class 'pybindgen.typehandlers.stringtype.CStringParam'>, None, <pybindgen.typehandlers.ctypeparser.TypeTraits object at 0x7fca1d2629b0>))
DEBUG:pybindgen.typehandlers:TypeMatcher.lookup('std::size_t const')
DEBUG:pybindgen.typehandlers:try to lookup type handler for 'std::size_t const' => success ((<class 'pybindgen.typehandlers.inttype.SizeTParam'>, None, <pybindgen.typehandlers.ctypeparser.TypeTraits object at 0x7fca1d262b70>))
DEBUG:pybindgen.typehandlers:TypeMatcher.lookup('uint32_t')
DEBUG:pybindgen.typehandlers:try to lookup type handler for 'uint32_t' => success ((<class 'pybindgen.typehandlers.inttype.UnsignedIntReturn'>, None, <pybindgen.typehandlers.ctypeparser.TypeTraits object at 0x7fca1d262f28>))
DEBUG:pybindgen.typehandlers:TypeMatcher.lookup('std::string const')
DEBUG:pybindgen.typehandlers:try to lookup type handler for 'std::string const' => success ((<class 'pybindgen.typehandlers.stringtype.StdStringParam'>, None, <pybindgen.typehandlers.ctypeparser.TypeTraits object at 0x7fca1d26a080>))
DEBUG:pybindgen.typehandlers:TypeMatcher.lookup('uint64_t')
DEBUG:pybindgen.typehandlers:try to lookup type handler for 'uint64_t' => success ((<class 'pybindgen.typehandlers.inttype.UnsignedLongLongReturn'>, None, <pybindgen.typehandlers.ctypeparser.TypeTraits object at 0x7fca1d26a400>))
DEBUG:pybindgen.typehandlers:TypeMatcher.lookup('char const *')
DEBUG:pybindgen.typehandlers:try to lookup type handler for 'char const *' => success ((<class 'pybindgen.typehandlers.stringtype.CStringParam'>, None, <pybindgen.typehandlers.ctypeparser.TypeTraits object at 0x7fca1d26a518>))
DEBUG:pybindgen.typehandlers:TypeMatcher.lookup('std::size_t const')
DEBUG:pybindgen.typehandlers:try to lookup type handler for 'std::size_t const' => success ((<class 'pybindgen.typehandlers.inttype.SizeTParam'>, None, <pybindgen.typehandlers.ctypeparser.TypeTraits object at 0x7fca1d26a6d8>))
DEBUG:pybindgen.typehandlers:TypeMatcher.lookup('uint64_t')
DEBUG:pybindgen.typehandlers:try to lookup type handler for 'uint64_t' => success ((<class 'pybindgen.typehandlers.inttype.UnsignedLongLongReturn'>, None, <pybindgen.typehandlers.ctypeparser.TypeTraits object at 0x7fca1d26aa90>))
DEBUG:pybindgen.typehandlers:TypeMatcher.lookup('std::string const')
DEBUG:pybindgen.typehandlers:try to lookup type handler for 'std::string const' => success ((<class 'pybindgen.typehandlers.stringtype.StdStringParam'>, None, <pybindgen.typehandlers.ctypeparser.TypeTraits object at 0x7fca1d26aba8>))
DEBUG:pybindgen.typehandlers:TypeMatcher.lookup('ns3::Hasher &')
DEBUG:pybindgen.typehandlers:try to lookup type handler for 'ns3::Hasher &' => success ((<class 'pybindgen.cppclass.CppClass.__init__.<locals>.ThisClassRefReturn'>, None, <pybindgen.typehandlers.ctypeparser.TypeTraits object at 0x7fca1d26af28>))
DEBUG:pybindgen.typehandlers:TypeMatcher.lookup('ns3::Inet6SocketAddress const &')
DEBUG:pybindgen.typehandlers:try to lookup type handler for 'ns3::Inet6SocketAddress const &' => success ((<class 'pybindgen.cppclass.CppClass.__init__.<locals>.ThisClassRefParameter'>, None, <pybindgen.typehandlers.ctypeparser.TypeTraits object at 0x7fca1d271390>))
DEBUG:pybindgen.typehandlers:TypeMatcher.lookup('ns3::Ipv6Address')
DEBUG:pybindgen.typehandlers:try to lookup type handler for 'ns3::Ipv6Address' => success ((<class 'pybindgen.cppclass.CppClass.__init__.<locals>.ThisClassParameter'>, None, <pybindgen.typehandlers.ctypeparser.TypeTraits object at 0x7fca1d271780>))
DEBUG:pybindgen.typehandlers:TypeMatcher.lookup('uint16_t')
DEBUG:pybindgen.typehandlers:try to lookup type handler for 'uint16_t' => success ((<class 'pybindgen.typehandlers.inttype.UInt16Param'>, None, <pybindgen.typehandlers.ctypeparser.TypeTraits object at 0x7fca1d271828>))
DEBUG:pybindgen.typehandlers:TypeMatcher.lookup('ns3::Ipv6Address')
DEBUG:pybindgen.typehandlers:try to lookup type handler for 'ns3::Ipv6Address' => success ((<class 'pybindgen.cppclass.CppClass.__init__.<locals>.ThisClassParameter'>, None, <pybindgen.typehandlers.ctypeparser.TypeTraits object at 0x7fca1d271ba8>))
DEBUG:pybindgen.typehandlers:TypeMatcher.lookup('uint16_t')
DEBUG:pybindgen.typehandlers:try to lookup type handler for 'uint16_t' => success ((<class 'pybindgen.typehandlers.inttype.UInt16Param'>, None, <pybindgen.typehandlers.ctypeparser.TypeTraits object at 0x7fca1d271ef0>))
DEBUG:pybindgen.typehandlers:TypeMatcher.lookup('char const *')
DEBUG:pybindgen.typehandlers:try to lookup type handler for 'char const *' => success ((<class 'pybindgen.typehandlers.stringtype.CStringParam'>, None, <pybindgen.typehandlers.ctypeparser.TypeTraits object at 0x7fca1d27a278>))
DEBUG:pybindgen.typehandlers:TypeMatcher.lookup('uint16_t')
DEBUG:pybindgen.typehandlers:try to lookup type handler for 'uint16_t' => success ((<class 'pybindgen.typehandlers.inttype.UInt16Param'>, None, <pybindgen.typehandlers.ctypeparser.TypeTraits object at 0x7fca1d27a438>))
DEBUG:pybindgen.typehandlers:TypeMatcher.lookup('char const *')
DEBUG:pybindgen.typehandlers:try to lookup type handler for 'char const *' => success ((<class 'pybindgen.typehandlers.stringtype.CStringParam'>, None, <pybindgen.typehandlers.ctypeparser.TypeTraits object at 0x7fca1d27a780>))
DEBUG:pybindgen.typehandlers:TypeMatcher.lookup('ns3::Inet6SocketAddress')
DEBUG:pybindgen.typehandlers:try to lookup type handler for 'ns3::Inet6SocketAddress' => success ((<class 'pybindgen.cppclass.CppClass.__init__.<locals>.ThisClassReturn'>, None, <pybindgen.typehandlers.ctypeparser.TypeTraits object at 0x7fca1d27ab70>))
DEBUG:pybindgen.typehandlers:TypeMatcher.lookup('ns3::Address const &')
DEBUG:pybindgen.typehandlers:try to lookup type handler for 'ns3::Address const &' => success ((<class 'pybindgen.cppclass.CppClass.__init__.<locals>.ThisClassRefParameter'>, None, <pybindgen.typehandlers.ctypeparser.TypeTraits object at 0x7fca1d27ac88>))
DEBUG:pybindgen.typehandlers:TypeMatcher.lookup('ns3::Ipv6Address')
DEBUG:pybindgen.typehandlers:try to lookup type handler for 'ns3::Ipv6Address' => success ((<class 'pybindgen.cppclass.CppClass.__init__.<locals>.ThisClassReturn'>, None, <pybindgen.typehandlers.ctypeparser.TypeTraits object at 0x7fca1d27f0b8>))
DEBUG:pybindgen.typehandlers:TypeMatcher.lookup('uint16_t')
DEBUG:pybindgen.typehandlers:try to lookup type handler for 'uint16_t' => success ((<class 'pybindgen.typehandlers.inttype.UInt16Return'>, None, <pybindgen.typehandlers.ctypeparser.TypeTraits object at 0x7fca1d27f438>))
DEBUG:pybindgen.typehandlers:TypeMatcher.lookup('bool')
DEBUG:pybindgen.typehandlers:try to lookup type handler for 'bool' => success ((<class 'pybindgen.typehandlers.booltype.BoolReturn'>, None, <pybindgen.typehandlers.ctypeparser.TypeTraits object at 0x7fca1d27f7b8>))
DEBUG:pybindgen.typehandlers:TypeMatcher.lookup('ns3::Address const &')
DEBUG:pybindgen.typehandlers:try to lookup type handler for 'ns3::Address const &' => success ((<class 'pybindgen.cppclass.CppClass.__init__.<locals>.ThisClassRefParameter'>, None, <pybindgen.typehandlers.ctypeparser.TypeTraits object at 0x7fca1d27f908>))
DEBUG:pybindgen.typehandlers:TypeMatcher.lookup('void')
DEBUG:pybindgen.typehandlers:try to lookup type handler for 'void' => success ((<class 'pybindgen.typehandlers.voidtype.VoidReturn'>, None, <pybindgen.typehandlers.ctypeparser.TypeTraits object at 0x7fca1d27fcf8>))
DEBUG:pybindgen.typehandlers:TypeMatcher.lookup('ns3::Ipv6Address')
DEBUG:pybindgen.typehandlers:try to lookup type handler for 'ns3::Ipv6Address' => success ((<class 'pybindgen.cppclass.CppClass.__init__.<locals>.ThisClassParameter'>, None, <pybindgen.typehandlers.ctypeparser.TypeTraits object at 0x7fca1d27fe48>))
DEBUG:pybindgen.typehandlers:TypeMatcher.lookup('void')
DEBUG:pybindgen.typehandlers:try to lookup type handler for 'void' => success ((<class 'pybindgen.typehandlers.voidtype.VoidReturn'>, None, <pybindgen.typehandlers.ctypeparser.TypeTraits object at 0x7fca1d2871d0>))
DEBUG:pybindgen.typehandlers:TypeMatcher.lookup('uint16_t')
DEBUG:pybindgen.typehandlers:try to lookup type handler for 'uint16_t' => success ((<class 'pybindgen.typehandlers.inttype.UInt16Param'>, None, <pybindgen.typehandlers.ctypeparser.TypeTraits object at 0x7fca1d287320>))
DEBUG:pybindgen.typehandlers:TypeMatcher.lookup('ns3::InetSocketAddress const &')
DEBUG:pybindgen.typehandlers:try to lookup type handler for 'ns3::InetSocketAddress const &' => success ((<class 'pybindgen.cppclass.CppClass.__init__.<locals>.ThisClassRefParameter'>, None, <pybindgen.typehandlers.ctypeparser.TypeTraits object at 0x7fca1d2876a0>))
DEBUG:pybindgen.typehandlers:TypeMatcher.lookup('ns3::Ipv4Address')
DEBUG:pybindgen.typehandlers:try to lookup type handler for 'ns3::Ipv4Address' => success ((<class 'pybindgen.cppclass.CppClass.__init__.<locals>.ThisClassParameter'>, None, <pybindgen.typehandlers.ctypeparser.TypeTraits object at 0x7fca1d287a90>))
DEBUG:pybindgen.typehandlers:TypeMatcher.lookup('uint16_t')
DEBUG:pybindgen.typehandlers:try to lookup type handler for 'uint16_t' => success ((<class 'pybindgen.typehandlers.inttype.UInt16Param'>, None, <pybindgen.typehandlers.ctypeparser.TypeTraits object at 0x7fca1d287b38>))
DEBUG:pybindgen.typehandlers:TypeMatcher.lookup('ns3::Ipv4Address')
DEBUG:pybindgen.typehandlers:try to lookup type handler for 'ns3::Ipv4Address' => success ((<class 'pybindgen.cppclass.CppClass.__init__.<locals>.ThisClassParameter'>, None, <pybindgen.typehandlers.ctypeparser.TypeTraits object at 0x7fca1d287eb8>))
DEBUG:pybindgen.typehandlers:TypeMatcher.lookup('uint16_t')
DEBUG:pybindgen.typehandlers:try to lookup type handler for 'uint16_t' => success ((<class 'pybindgen.typehandlers.inttype.UInt16Param'>, None, <pybindgen.typehandlers.ctypeparser.TypeTraits object at 0x7fca1d28f240>))
DEBUG:pybindgen.typehandlers:TypeMatcher.lookup('char const *')
DEBUG:pybindgen.typehandlers:try to lookup type handler for 'char const *' => success ((<class 'pybindgen.typehandlers.stringtype.CStringParam'>, None, <pybindgen.typehandlers.ctypeparser.TypeTraits object at 0x7fca1d28f588>))
DEBUG:pybindgen.typehandlers:TypeMatcher.lookup('uint16_t')
DEBUG:pybindgen.typehandlers:try to lookup type handler for 'uint16_t' => success ((<class 'pybindgen.typehandlers.inttype.UInt16Param'>, None, <pybindgen.typehandlers.ctypeparser.TypeTraits object at 0x7fca1d28f748>))
DEBUG:pybindgen.typehandlers:TypeMatcher.lookup('char const *')
DEBUG:pybindgen.typehandlers:try to lookup type handler for 'char const *' => success ((<class 'pybindgen.typehandlers.stringtype.CStringParam'>, None, <pybindgen.typehandlers.ctypeparser.TypeTraits object at 0x7fca1d28fa90>))
DEBUG:pybindgen.typehandlers:TypeMatcher.lookup('ns3::InetSocketAddress')
DEBUG:pybindgen.typehandlers:try to lookup type handler for 'ns3::InetSocketAddress' => success ((<class 'pybindgen.cppclass.CppClass.__init__.<locals>.ThisClassReturn'>, None, <pybindgen.typehandlers.ctypeparser.TypeTraits object at 0x7fca1d28fe80>))
DEBUG:pybindgen.typehandlers:TypeMatcher.lookup('ns3::Address const &')
DEBUG:pybindgen.typehandlers:try to lookup type handler for 'ns3::Address const &' => success ((<class 'pybindgen.cppclass.CppClass.__init__.<locals>.ThisClassRefParameter'>, None, <pybindgen.typehandlers.ctypeparser.TypeTraits object at 0x7fca1d28ff98>))
DEBUG:pybindgen.typehandlers:TypeMatcher.lookup('ns3::Ipv4Address')
DEBUG:pybindgen.typehandlers:try to lookup type handler for 'ns3::Ipv4Address' => success ((<class 'pybindgen.cppclass.CppClass.__init__.<locals>.ThisClassReturn'>, None, <pybindgen.typehandlers.ctypeparser.TypeTraits object at 0x7fca1d2973c8>))
DEBUG:pybindgen.typehandlers:TypeMatcher.lookup('uint16_t')
DEBUG:pybindgen.typehandlers:try to lookup type handler for 'uint16_t' => success ((<class 'pybindgen.typehandlers.inttype.UInt16Return'>, None, <pybindgen.typehandlers.ctypeparser.TypeTraits object at 0x7fca1d297748>))
DEBUG:pybindgen.typehandlers:TypeMatcher.lookup('uint8_t')
DEBUG:pybindgen.typehandlers:try to lookup type handler for 'uint8_t' => success ((<class 'pybindgen.typehandlers.inttype.UInt8Return'>, None, <pybindgen.typehandlers.ctypeparser.TypeTraits object at 0x7fca1d297ac8>))
DEBUG:pybindgen.typehandlers:TypeMatcher.lookup('bool')
DEBUG:pybindgen.typehandlers:try to lookup type handler for 'bool' => success ((<class 'pybindgen.typehandlers.booltype.BoolReturn'>, None, <pybindgen.typehandlers.ctypeparser.TypeTraits object at 0x7fca1d297e80>))
DEBUG:pybindgen.typehandlers:TypeMatcher.lookup('ns3::Address const &')
DEBUG:pybindgen.typehandlers:try to lookup type handler for 'ns3::Address const &' => success ((<class 'pybindgen.cppclass.CppClass.__init__.<locals>.ThisClassRefParameter'>, None, <pybindgen.typehandlers.ctypeparser.TypeTraits object at 0x7fca1d297fd0>))
DEBUG:pybindgen.typehandlers:TypeMatcher.lookup('void')
DEBUG:pybindgen.typehandlers:try to lookup type handler for 'void' => success ((<class 'pybindgen.typehandlers.voidtype.VoidReturn'>, None, <pybindgen.typehandlers.ctypeparser.TypeTraits object at 0x7fca1d29d400>))
DEBUG:pybindgen.typehandlers:TypeMatcher.lookup('ns3::Ipv4Address')
DEBUG:pybindgen.typehandlers:try to lookup type handler for 'ns3::Ipv4Address' => success ((<class 'pybindgen.cppclass.CppClass.__init__.<locals>.ThisClassParameter'>, None, <pybindgen.typehandlers.ctypeparser.TypeTraits object at 0x7fca1d29d550>))
DEBUG:pybindgen.typehandlers:TypeMatcher.lookup('void')
DEBUG:pybindgen.typehandlers:try to lookup type handler for 'void' => success ((<class 'pybindgen.typehandlers.voidtype.VoidReturn'>, None, <pybindgen.typehandlers.ctypeparser.TypeTraits object at 0x7fca1d29d898>))
DEBUG:pybindgen.typehandlers:TypeMatcher.lookup('uint16_t')
DEBUG:pybindgen.typehandlers:try to lookup type handler for 'uint16_t' => success ((<class 'pybindgen.typehandlers.inttype.UInt16Param'>, None, <pybindgen.typehandlers.ctypeparser.TypeTraits object at 0x7fca1d29d9e8>))
DEBUG:pybindgen.typehandlers:TypeMatcher.lookup('void')
DEBUG:pybindgen.typehandlers:try to lookup type handler for 'void' => success ((<class 'pybindgen.typehandlers.voidtype.VoidReturn'>, None, <pybindgen.typehandlers.ctypeparser.TypeTraits object at 0x7fca1d29dd30>))
DEBUG:pybindgen.typehandlers:TypeMatcher.lookup('uint8_t')
DEBUG:pybindgen.typehandlers:try to lookup type handler for 'uint8_t' => success ((<class 'pybindgen.typehandlers.inttype.UInt8Param'>, None, <pybindgen.typehandlers.ctypeparser.TypeTraits object at 0x7fca1d29de80>))
DEBUG:pybindgen.typehandlers:TypeMatcher.lookup('ns3::IntToType< 0 > const &')
DEBUG:pybindgen.typehandlers:try to lookup type handler for 'ns3::IntToType< 0 > const &' => success ((<class 'pybindgen.cppclass.CppClass.__init__.<locals>.ThisClassRefParameter'>, None, <pybindgen.typehandlers.ctypeparser.TypeTraits object at 0x7fca1d1e54e0>))
DEBUG:pybindgen.typehandlers:TypeMatcher.lookup('ns3::IntToType< 1 > const &')
DEBUG:pybindgen.typehandlers:try to lookup type handler for 'ns3::IntToType< 1 > const &' => success ((<class 'pybindgen.cppclass.CppClass.__init__.<locals>.ThisClassRefParameter'>, None, <pybindgen.typehandlers.ctypeparser.TypeTraits object at 0x7fca1d1e5be0>))
DEBUG:pybindgen.typehandlers:TypeMatcher.lookup('ns3::IntToType< 2 > const &')
DEBUG:pybindgen.typehandlers:try to lookup type handler for 'ns3::IntToType< 2 > const &' => success ((<class 'pybindgen.cppclass.CppClass.__init__.<locals>.ThisClassRefParameter'>, None, <pybindgen.typehandlers.ctypeparser.TypeTraits object at 0x7fca1d1ee320>))
DEBUG:pybindgen.typehandlers:TypeMatcher.lookup('ns3::IntToType< 3 > const &')
DEBUG:pybindgen.typehandlers:try to lookup type handler for 'ns3::IntToType< 3 > const &' => success ((<class 'pybindgen.cppclass.CppClass.__init__.<locals>.ThisClassRefParameter'>, None, <pybindgen.typehandlers.ctypeparser.TypeTraits object at 0x7fca1d1eea20>))
DEBUG:pybindgen.typehandlers:TypeMatcher.lookup('ns3::IntToType< 4 > const &')
DEBUG:pybindgen.typehandlers:try to lookup type handler for 'ns3::IntToType< 4 > const &' => success ((<class 'pybindgen.cppclass.CppClass.__init__.<locals>.ThisClassRefParameter'>, None, <pybindgen.typehandlers.ctypeparser.TypeTraits object at 0x7fca1d1f5160>))
DEBUG:pybindgen.typehandlers:TypeMatcher.lookup('ns3::IntToType< 5 > const &')
DEBUG:pybindgen.typehandlers:try to lookup type handler for 'ns3::IntToType< 5 > const &' => success ((<class 'pybindgen.cppclass.CppClass.__init__.<locals>.ThisClassRefParameter'>, None, <pybindgen.typehandlers.ctypeparser.TypeTraits object at 0x7fca1d1f5860>))
DEBUG:pybindgen.typehandlers:TypeMatcher.lookup('ns3::IntToType< 6 > const &')
DEBUG:pybindgen.typehandlers:try to lookup type handler for 'ns3::IntToType< 6 > const &' => success ((<class 'pybindgen.cppclass.CppClass.__init__.<locals>.ThisClassRefParameter'>, None, <pybindgen.typehandlers.ctypeparser.TypeTraits object at 0x7fca1d1f5f60>))
DEBUG:pybindgen.typehandlers:TypeMatcher.lookup('ns3::Ipv4Address const &')
DEBUG:pybindgen.typehandlers:try to lookup type handler for 'ns3::Ipv4Address const &' => success ((<class 'pybindgen.cppclass.CppClass.__init__.<locals>.ThisClassRefParameter'>, None, <pybindgen.typehandlers.ctypeparser.TypeTraits object at 0x7fca1d1ff438>))
DEBUG:pybindgen.typehandlers:TypeMatcher.lookup('uint32_t')
DEBUG:pybindgen.typehandlers:try to lookup type handler for 'uint32_t' => success ((<class 'pybindgen.typehandlers.inttype.UnsignedIntParam'>, None, <pybindgen.typehandlers.ctypeparser.TypeTraits object at 0x7fca1d1ffa90>))
DEBUG:pybindgen.typehandlers:TypeMatcher.lookup('char const *')
DEBUG:pybindgen.typehandlers:try to lookup type handler for 'char const *' => success ((<class 'pybindgen.typehandlers.stringtype.CStringParam'>, None, <pybindgen.typehandlers.ctypeparser.TypeTraits object at 0x7fca1d1ffdd8>))
DEBUG:pybindgen.typehandlers:TypeMatcher.lookup('ns3::Ipv4Address')
DEBUG:pybindgen.typehandlers:try to lookup type handler for 'ns3::Ipv4Address' => success ((<class 'pybindgen.cppclass.CppClass.__init__.<locals>.ThisClassReturn'>, None, <pybindgen.typehandlers.ctypeparser.TypeTraits object at 0x7fca1d204208>))
DEBUG:pybindgen.typehandlers:TypeMatcher.lookup('ns3::Ipv4Mask const &')
DEBUG:pybindgen.typehandlers:try to lookup type handler for 'ns3::Ipv4Mask const &' => success ((<class 'pybindgen.cppclass.CppClass.__init__.<locals>.ThisClassRefParameter'>, None, <pybindgen.typehandlers.ctypeparser.TypeTraits object at 0x7fca1d204320>))
DEBUG:pybindgen.typehandlers:TypeMatcher.lookup('ns3::Ipv4Address')
DEBUG:pybindgen.typehandlers:try to lookup type handler for 'ns3::Ipv4Address' => success ((<class 'pybindgen.cppclass.CppClass.__init__.<locals>.ThisClassReturn'>, None, <pybindgen.typehandlers.ctypeparser.TypeTraits object at 0x7fca1d204710>))
DEBUG:pybindgen.typehandlers:TypeMatcher.lookup('ns3::Address const &')
DEBUG:pybindgen.typehandlers:try to lookup type handler for 'ns3::Address const &' => success ((<class 'pybindgen.cppclass.CppClass.__init__.<locals>.ThisClassRefParameter'>, None, <pybindgen.typehandlers.ctypeparser.TypeTraits object at 0x7fca1d204828>))
DEBUG:pybindgen.typehandlers:TypeMatcher.lookup('ns3::Ipv4Address')
DEBUG:pybindgen.typehandlers:try to lookup type handler for 'ns3::Ipv4Address' => success ((<class 'pybindgen.cppclass.CppClass.__init__.<locals>.ThisClassReturn'>, None, <pybindgen.typehandlers.ctypeparser.TypeTraits object at 0x7fca1d204c18>))
DEBUG:pybindgen.typehandlers:TypeMatcher.lookup('uint8_t const *')
DEBUG:pybindgen.typehandlers:try to lookup type handler for 'uint8_t const *' => success ((<class 'pybindgen.typehandlers.inttype.UInt8PtrParam'>, None, <pybindgen.typehandlers.ctypeparser.TypeTraits object at 0x7fca1d204d30>))
/home/imran/ns-allinone-3.36.1/ns-3.36.1/src/dsdv/bindings/modulegen__gcc_LP64.py:1620: Warning: exception TypeConfigurationError('direction not given',) in wrapper public: retval? ???::Deserialize (params?);
  is_static=True)
DEBUG:pybindgen.typehandlers:TypeMatcher.lookup('uint32_t')
DEBUG:pybindgen.typehandlers:try to lookup type handler for 'uint32_t' => success ((<class 'pybindgen.typehandlers.inttype.UnsignedIntReturn'>, None, <pybindgen.typehandlers.ctypeparser.TypeTraits object at 0x7fca1d204e80>))
DEBUG:pybindgen.typehandlers:TypeMatcher.lookup('ns3::Ipv4Address')
DEBUG:pybindgen.typehandlers:try to lookup type handler for 'ns3::Ipv4Address' => success ((<class 'pybindgen.cppclass.CppClass.__init__.<locals>.ThisClassReturn'>, None, <pybindgen.typehandlers.ctypeparser.TypeTraits object at 0x7fca1d204d30>))
DEBUG:pybindgen.typehandlers:TypeMatcher.lookup('ns3::Ipv4Address')
DEBUG:pybindgen.typehandlers:try to lookup type handler for 'ns3::Ipv4Address' => success ((<class 'pybindgen.cppclass.CppClass.__init__.<locals>.ThisClassReturn'>, None, <pybindgen.typehandlers.ctypeparser.TypeTraits object at 0x7fca1d20c358>))
DEBUG:pybindgen.typehandlers:TypeMatcher.lookup('ns3::Ipv4Address')
DEBUG:pybindgen.typehandlers:try to lookup type handler for 'ns3::Ipv4Address' => success ((<class 'pybindgen.cppclass.CppClass.__init__.<locals>.ThisClassReturn'>, None, <pybindgen.typehandlers.ctypeparser.TypeTraits object at 0x7fca1d20c6d8>))
DEBUG:pybindgen.typehandlers:TypeMatcher.lookup('ns3::Ipv4Address')
DEBUG:pybindgen.typehandlers:try to lookup type handler for 'ns3::Ipv4Address' => success ((<class 'pybindgen.cppclass.CppClass.__init__.<locals>.ThisClassReturn'>, None, <pybindgen.typehandlers.ctypeparser.TypeTraits object at 0x7fca1d20ca58>))
DEBUG:pybindgen.typehandlers:TypeMatcher.lookup('ns3::Ipv4Mask const &')
DEBUG:pybindgen.typehandlers:try to lookup type handler for 'ns3::Ipv4Mask const &' => success ((<class 'pybindgen.cppclass.CppClass.__init__.<locals>.ThisClassRefParameter'>, None, <pybindgen.typehandlers.ctypeparser.TypeTraits object at 0x7fca1d20cb70>))
DEBUG:pybindgen.typehandlers:TypeMatcher.lookup('ns3::Ipv4Address')
DEBUG:pybindgen.typehandlers:try to lookup type handler for 'ns3::Ipv4Address' => success ((<class 'pybindgen.cppclass.CppClass.__init__.<locals>.ThisClassReturn'>, None, <pybindgen.typehandlers.ctypeparser.TypeTraits object at 0x7fca1d20cf60>))
DEBUG:pybindgen.typehandlers:TypeMatcher.lookup('bool')
DEBUG:pybindgen.typehandlers:try to lookup type handler for 'bool' => success ((<class 'pybindgen.typehandlers.booltype.BoolReturn'>, None, <pybindgen.typehandlers.ctypeparser.TypeTraits object at 0x7fca1d214320>))
DEBUG:pybindgen.typehandlers:TypeMatcher.lookup('bool')
DEBUG:pybindgen.typehandlers:try to lookup type handler for 'bool' => success ((<class 'pybindgen.typehandlers.booltype.BoolReturn'>, None, <pybindgen.typehandlers.ctypeparser.TypeTraits object at 0x7fca1d2146d8>))
DEBUG:pybindgen.typehandlers:TypeMatcher.lookup('bool')
DEBUG:pybindgen.typehandlers:try to lookup type handler for 'bool' => success ((<class 'pybindgen.typehandlers.booltype.BoolReturn'>, None, <pybindgen.typehandlers.ctypeparser.TypeTraits object at 0x7fca1d214a90>))
DEBUG:pybindgen.typehandlers:TypeMatcher.lookup('bool')
DEBUG:pybindgen.typehandlers:try to lookup type handler for 'bool' => success ((<class 'pybindgen.typehandlers.booltype.BoolReturn'>, None, <pybindgen.typehandlers.ctypeparser.TypeTraits object at 0x7fca1d214e48>))
DEBUG:pybindgen.typehandlers:TypeMatcher.lookup('bool')
DEBUG:pybindgen.typehandlers:try to lookup type handler for 'bool' => success ((<class 'pybindgen.typehandlers.booltype.BoolReturn'>, None, <pybindgen.typehandlers.ctypeparser.TypeTraits object at 0x7fca1d21a240>))
DEBUG:pybindgen.typehandlers:TypeMatcher.lookup('bool')
DEBUG:pybindgen.typehandlers:try to lookup type handler for 'bool' => success ((<class 'pybindgen.typehandlers.booltype.BoolReturn'>, None, <pybindgen.typehandlers.ctypeparser.TypeTraits object at 0x7fca1d21a5f8>))
DEBUG:pybindgen.typehandlers:TypeMatcher.lookup('ns3::Address const &')
DEBUG:pybindgen.typehandlers:try to lookup type handler for 'ns3::Address const &' => success ((<class 'pybindgen.cppclass.CppClass.__init__.<locals>.ThisClassRefParameter'>, None, <pybindgen.typehandlers.ctypeparser.TypeTraits object at 0x7fca1d21a748>))
DEBUG:pybindgen.typehandlers:TypeMatcher.lookup('bool')
DEBUG:pybindgen.typehandlers:try to lookup type handler for 'bool' => success ((<class 'pybindgen.typehandlers.booltype.BoolReturn'>, None, <pybindgen.typehandlers.ctypeparser.TypeTraits object at 0x7fca1d21ab38>))
DEBUG:pybindgen.typehandlers:TypeMatcher.lookup('bool')
DEBUG:pybindgen.typehandlers:try to lookup type handler for 'bool' => success ((<class 'pybindgen.typehandlers.booltype.BoolReturn'>, None, <pybindgen.typehandlers.ctypeparser.TypeTraits object at 0x7fca1d21aef0>))
DEBUG:pybindgen.typehandlers:TypeMatcher.lookup('ns3::Ipv4Mask const &')
DEBUG:pybindgen.typehandlers:try to lookup type handler for 'ns3::Ipv4Mask const &' => success ((<class 'pybindgen.cppclass.CppClass.__init__.<locals>.ThisClassRefParameter'>, None, <pybindgen.typehandlers.ctypeparser.TypeTraits object at 0x7fca1d1a3080>))
DEBUG:pybindgen.typehandlers:TypeMatcher.lookup('void')
DEBUG:pybindgen.typehandlers:try to lookup type handler for 'void' => success ((<class 'pybindgen.typehandlers.voidtype.VoidReturn'>, None, <pybindgen.typehandlers.ctypeparser.TypeTraits object at 0x7fca1d1a3470>))
DEBUG:pybindgen.typehandlers:TypeMatcher.lookup('std::ostream &')
DEBUG:pybindgen.typehandlers:try to lookup type handler for 'std::ostream &' => failure
'std::ostream &' did not match
/home/imran/ns-allinone-3.36.1/ns-3.36.1/src/dsdv/bindings/modulegen__gcc_LP64.py:1695: Warning: exception TypeLookupError(['std::ostream &'],) in wrapper public: retval? ???::Print (params?) const;
  is_const=True)
DEBUG:pybindgen.typehandlers:TypeMatcher.lookup('void')
DEBUG:pybindgen.typehandlers:try to lookup type handler for 'void' => success ((<class 'pybindgen.typehandlers.voidtype.VoidReturn'>, None, <pybindgen.typehandlers.ctypeparser.TypeTraits object at 0x7fca1d1a36d8>))
DEBUG:pybindgen.typehandlers:TypeMatcher.lookup('uint8_t *')
DEBUG:pybindgen.typehandlers:try to lookup type handler for 'uint8_t *' => success ((<class 'pybindgen.typehandlers.inttype.UInt8PtrParam'>, None, <pybindgen.typehandlers.ctypeparser.TypeTraits object at 0x7fca1d1a37f0>))
/home/imran/ns-allinone-3.36.1/ns-3.36.1/src/dsdv/bindings/modulegen__gcc_LP64.py:1700: Warning: exception TypeConfigurationError('direction not given',) in wrapper public: retval? ???::Serialize (params?) const;
  is_const=True)
DEBUG:pybindgen.typehandlers:TypeMatcher.lookup('void')
DEBUG:pybindgen.typehandlers:try to lookup type handler for 'void' => success ((<class 'pybindgen.typehandlers.voidtype.VoidReturn'>, None, <pybindgen.typehandlers.ctypeparser.TypeTraits object at 0x7fca1d1a38d0>))
DEBUG:pybindgen.typehandlers:TypeMatcher.lookup('uint32_t')
DEBUG:pybindgen.typehandlers:try to lookup type handler for 'uint32_t' => success ((<class 'pybindgen.typehandlers.inttype.UnsignedIntParam'>, None, <pybindgen.typehandlers.ctypeparser.TypeTraits object at 0x7fca1d1a3a90>))
DEBUG:pybindgen.typehandlers:TypeMatcher.lookup('void')
DEBUG:pybindgen.typehandlers:try to lookup type handler for 'void' => success ((<class 'pybindgen.typehandlers.voidtype.VoidReturn'>, None, <pybindgen.typehandlers.ctypeparser.TypeTraits object at 0x7fca1d1a3dd8>))
DEBUG:pybindgen.typehandlers:TypeMatcher.lookup('char const *')
DEBUG:pybindgen.typehandlers:try to lookup type handler for 'char const *' => success ((<class 'pybindgen.typehandlers.stringtype.CStringParam'>, None, <pybindgen.typehandlers.ctypeparser.TypeTraits object at 0x7fca1d1a3f28>))
DEBUG:pybindgen.typehandlers:TypeMatcher.lookup('ns3::Ipv4AddressHash const &')
DEBUG:pybindgen.typehandlers:try to lookup type handler for 'ns3::Ipv4AddressHash const &' => success ((<class 'pybindgen.cppclass.CppClass.__init__.<locals>.ThisClassRefParameter'>, None, <pybindgen.typehandlers.ctypeparser.TypeTraits object at 0x7fca1d1ad5f8>))
DEBUG:pybindgen.typehandlers:TypeMatcher.lookup('size_t')
DEBUG:pybindgen.typehandlers:try to lookup type handler for 'size_t' => success ((<class 'pybindgen.typehandlers.inttype.SizeTReturn'>, None, <pybindgen.typehandlers.ctypeparser.TypeTraits object at 0x7fca1d1ad9b0>))
DEBUG:pybindgen.typehandlers:TypeMatcher.lookup('ns3::Ipv4Address const &')
DEBUG:pybindgen.typehandlers:try to lookup type handler for 'ns3::Ipv4Address const &' => success ((<class 'pybindgen.cppclass.CppClass.__init__.<locals>.ThisClassRefParameter'>, None, <pybindgen.typehandlers.ctypeparser.TypeTraits object at 0x7fca1d1adb00>))
DEBUG:pybindgen.typehandlers:TypeMatcher.lookup('ns3::Ipv4Address')
DEBUG:pybindgen.typehandlers:try to lookup type handler for 'ns3::Ipv4Address' => success ((<class 'pybindgen.cppclass.CppClass.__init__.<locals>.ThisClassParameter'>, None, <pybindgen.typehandlers.ctypeparser.TypeTraits object at 0x7fca1d1a37b8>))
DEBUG:pybindgen.typehandlers:TypeMatcher.lookup('ns3::Ipv4Mask')
DEBUG:pybindgen.typehandlers:try to lookup type handler for 'ns3::Ipv4Mask' => success ((<class 'pybindgen.cppclass.CppClass.__init__.<locals>.ThisClassParameter'>, None, <pybindgen.typehandlers.ctypeparser.TypeTraits object at 0x7fca1d1a3748>))
DEBUG:pybindgen.typehandlers:TypeMatcher.lookup('ns3::Ipv4InterfaceAddress const &')
DEBUG:pybindgen.typehandlers:try to lookup type handler for 'ns3::Ipv4InterfaceAddress const &' => success ((<class 'pybindgen.cppclass.CppClass.__init__.<locals>.ThisClassRefParameter'>, None, <pybindgen.typehandlers.ctypeparser.TypeTraits object at 0x7fca1d1b6128>))
DEBUG:pybindgen.typehandlers:TypeMatcher.lookup('ns3::Ipv4Address')
DEBUG:pybindgen.typehandlers:try to lookup type handler for 'ns3::Ipv4Address' => success ((<class 'pybindgen.cppclass.CppClass.__init__.<locals>.ThisClassReturn'>, None, <pybindgen.typehandlers.ctypeparser.TypeTraits object at 0x7fca1d1b64e0>))
DEBUG:pybindgen.typehandlers:TypeMatcher.lookup('ns3::Ipv4Address')
DEBUG:pybindgen.typehandlers:try to lookup type handler for 'ns3::Ipv4Address' => success ((<class 'pybindgen.cppclass.CppClass.__init__.<locals>.ThisClassReturn'>, None, <pybindgen.typehandlers.ctypeparser.TypeTraits object at 0x7fca1d1b6860>))
DEBUG:pybindgen.typehandlers:TypeMatcher.lookup('ns3::Ipv4Address')
DEBUG:pybindgen.typehandlers:try to lookup type handler for 'ns3::Ipv4Address' => success ((<class 'pybindgen.cppclass.CppClass.__init__.<locals>.ThisClassReturn'>, None, <pybindgen.typehandlers.ctypeparser.TypeTraits object at 0x7fca1d1b6be0>))
DEBUG:pybindgen.typehandlers:TypeMatcher.lookup('ns3::Ipv4Mask')
DEBUG:pybindgen.typehandlers:try to lookup type handler for 'ns3::Ipv4Mask' => success ((<class 'pybindgen.cppclass.CppClass.__init__.<locals>.ThisClassReturn'>, None, <pybindgen.typehandlers.ctypeparser.TypeTraits object at 0x7fca1d1b6f60>))
DEBUG:pybindgen.typehandlers:TypeMatcher.lookup('ns3::Ipv4InterfaceAddress::InterfaceAddressScope_e')
DEBUG:pybindgen.typehandlers:try to lookup type handler for 'ns3::Ipv4InterfaceAddress::InterfaceAddressScope_e' => success ((<class 'pybindgen.enum.Enum.set_module.<locals>.ThisEnumReturn'>, None, <pybindgen.typehandlers.ctypeparser.TypeTraits object at 0x7fca1d1bd320>))
DEBUG:pybindgen.typehandlers:TypeMatcher.lookup('bool')
DEBUG:pybindgen.typehandlers:try to lookup type handler for 'bool' => success ((<class 'pybindgen.typehandlers.booltype.BoolReturn'>, None, <pybindgen.typehandlers.ctypeparser.TypeTraits object at 0x7fca1d1bd6a0>))
DEBUG:pybindgen.typehandlers:TypeMatcher.lookup('ns3::Ipv4Address const')
DEBUG:pybindgen.typehandlers:try to lookup type handler for 'ns3::Ipv4Address const' => success ((<class 'pybindgen.cppclass.CppClass.__init__.<locals>.ThisClassParameter'>, None, <pybindgen.typehandlers.ctypeparser.TypeTraits object at 0x7fca1d1bd7f0>))
DEBUG:pybindgen.typehandlers:TypeMatcher.lookup('bool')
DEBUG:pybindgen.typehandlers:try to lookup type handler for 'bool' => success ((<class 'pybindgen.typehandlers.booltype.BoolReturn'>, None, <pybindgen.typehandlers.ctypeparser.TypeTraits object at 0x7fca1d1bdba8>))
DEBUG:pybindgen.typehandlers:TypeMatcher.lookup('void')
DEBUG:pybindgen.typehandlers:try to lookup type handler for 'void' => success ((<class 'pybindgen.typehandlers.voidtype.VoidReturn'>, None, <pybindgen.typehandlers.ctypeparser.TypeTraits object at 0x7fca1d1bdf60>))
DEBUG:pybindgen.typehandlers:TypeMatcher.lookup('ns3::Ipv4Address')
DEBUG:pybindgen.typehandlers:try to lookup type handler for 'ns3::Ipv4Address' => success ((<class 'pybindgen.cppclass.CppClass.__init__.<locals>.ThisClassParameter'>, None, <pybindgen.typehandlers.ctypeparser.TypeTraits object at 0x7fca1d1c50f0>))
DEBUG:pybindgen.typehandlers:TypeMatcher.lookup('void')
DEBUG:pybindgen.typehandlers:try to lookup type handler for 'void' => success ((<class 'pybindgen.typehandlers.voidtype.VoidReturn'>, None, <pybindgen.typehandlers.ctypeparser.TypeTraits object at 0x7fca1d1c5438>))
DEBUG:pybindgen.typehandlers:TypeMatcher.lookup('ns3::Ipv4Address')
DEBUG:pybindgen.typehandlers:try to lookup type handler for 'ns3::Ipv4Address' => success ((<class 'pybindgen.cppclass.CppClass.__init__.<locals>.ThisClassParameter'>, None, <pybindgen.typehandlers.ctypeparser.TypeTraits object at 0x7fca1d1c5588>))
DEBUG:pybindgen.typehandlers:TypeMatcher.lookup('void')
DEBUG:pybindgen.typehandlers:try to lookup type handler for 'void' => success ((<class 'pybindgen.typehandlers.voidtype.VoidReturn'>, None, <pybindgen.typehandlers.ctypeparser.TypeTraits object at 0x7fca1d1c58d0>))
DEBUG:pybindgen.typehandlers:TypeMatcher.lookup('ns3::Ipv4Address')
DEBUG:pybindgen.typehandlers:try to lookup type handler for 'ns3::Ipv4Address' => success ((<class 'pybindgen.cppclass.CppClass.__init__.<locals>.ThisClassParameter'>, None, <pybindgen.typehandlers.ctypeparser.TypeTraits object at 0x7fca1d1c5a20>))
DEBUG:pybindgen.typehandlers:TypeMatcher.lookup('void')
DEBUG:pybindgen.typehandlers:try to lookup type handler for 'void' => success ((<class 'pybindgen.typehandlers.voidtype.VoidReturn'>, None, <pybindgen.typehandlers.ctypeparser.TypeTraits object at 0x7fca1d1c5d68>))
DEBUG:pybindgen.typehandlers:TypeMatcher.lookup('ns3::Ipv4Mask')
DEBUG:pybindgen.typehandlers:try to lookup type handler for 'ns3::Ipv4Mask' => success ((<class 'pybindgen.cppclass.CppClass.__init__.<locals>.ThisClassParameter'>, None, <pybindgen.typehandlers.ctypeparser.TypeTraits object at 0x7fca1d1c5eb8>))
DEBUG:pybindgen.typehandlers:TypeMatcher.lookup('void')
DEBUG:pybindgen.typehandlers:try to lookup type handler for 'void' => success ((<class 'pybindgen.typehandlers.voidtype.VoidReturn'>, None, <pybindgen.typehandlers.ctypeparser.TypeTraits object at 0x7fca1d1c9240>))
DEBUG:pybindgen.typehandlers:TypeMatcher.lookup('void')
DEBUG:pybindgen.typehandlers:try to lookup type handler for 'void' => success ((<class 'pybindgen.typehandlers.voidtype.VoidReturn'>, None, <pybindgen.typehandlers.ctypeparser.TypeTraits object at 0x7fca1d1c9630>))
DEBUG:pybindgen.typehandlers:TypeMatcher.lookup('ns3::Ipv4InterfaceAddress::InterfaceAddressScope_e')
DEBUG:pybindgen.typehandlers:try to lookup type handler for 'ns3::Ipv4InterfaceAddress::InterfaceAddressScope_e' => success ((<class 'pybindgen.enum.Enum.set_module.<locals>.ThisEnumParameter'>, None, <pybindgen.typehandlers.ctypeparser.TypeTraits object at 0x7fca1d1c9780>))
DEBUG:pybindgen.typehandlers:TypeMatcher.lookup('void')
DEBUG:pybindgen.typehandlers:try to lookup type handler for 'void' => success ((<class 'pybindgen.typehandlers.voidtype.VoidReturn'>, None, <pybindgen.typehandlers.ctypeparser.TypeTraits object at 0x7fca1d1c9ac8>))
DEBUG:pybindgen.typehandlers:TypeMatcher.lookup('ns3::Ipv4Mask const &')
DEBUG:pybindgen.typehandlers:try to lookup type handler for 'ns3::Ipv4Mask const &' => success ((<class 'pybindgen.cppclass.CppClass.__init__.<locals>.ThisClassRefParameter'>, None, <pybindgen.typehandlers.ctypeparser.TypeTraits object at 0x7fca1d1c9ef0>))
DEBUG:pybindgen.typehandlers:TypeMatcher.lookup('uint32_t')
DEBUG:pybindgen.typehandlers:try to lookup type handler for 'uint32_t' => success ((<class 'pybindgen.typehandlers.inttype.UnsignedIntParam'>, None, <pybindgen.typehandlers.ctypeparser.TypeTraits object at 0x7fca1d1d3588>))
DEBUG:pybindgen.typehandlers:TypeMatcher.lookup('char const *')
DEBUG:pybindgen.typehandlers:try to lookup type handler for 'char const *' => success ((<class 'pybindgen.typehandlers.stringtype.CStringParam'>, None, <pybindgen.typehandlers.ctypeparser.TypeTraits object at 0x7fca1d1d38d0>))
DEBUG:pybindgen.typehandlers:TypeMatcher.lookup('uint32_t')
DEBUG:pybindgen.typehandlers:try to lookup type handler for 'uint32_t' => success ((<class 'pybindgen.typehandlers.inttype.UnsignedIntReturn'>, None, <pybindgen.typehandlers.ctypeparser.TypeTraits object at 0x7fca1d1d3cc0>))
DEBUG:pybindgen.typehandlers:TypeMatcher.lookup('uint32_t')
DEBUG:pybindgen.typehandlers:try to lookup type handler for 'uint32_t' => success ((<class 'pybindgen.typehandlers.inttype.UnsignedIntReturn'>, None, <pybindgen.typehandlers.ctypeparser.TypeTraits object at 0x7fca1d1d9080>))
DEBUG:pybindgen.typehandlers:TypeMatcher.lookup('ns3::Ipv4Mask')
DEBUG:pybindgen.typehandlers:try to lookup type handler for 'ns3::Ipv4Mask' => success ((<class 'pybindgen.cppclass.CppClass.__init__.<locals>.ThisClassReturn'>, None, <pybindgen.typehandlers.ctypeparser.TypeTraits object at 0x7fca1d1d9400>))
DEBUG:pybindgen.typehandlers:TypeMatcher.lookup('ns3::Ipv4Mask')
DEBUG:pybindgen.typehandlers:try to lookup type handler for 'ns3::Ipv4Mask' => success ((<class 'pybindgen.cppclass.CppClass.__init__.<locals>.ThisClassReturn'>, None, <pybindgen.typehandlers.ctypeparser.TypeTraits object at 0x7fca1d1d9780>))
DEBUG:pybindgen.typehandlers:TypeMatcher.lookup('uint16_t')
DEBUG:pybindgen.typehandlers:try to lookup type handler for 'uint16_t' => success ((<class 'pybindgen.typehandlers.inttype.UInt16Return'>, None, <pybindgen.typehandlers.ctypeparser.TypeTraits object at 0x7fca1d1d9b00>))
DEBUG:pybindgen.typehandlers:TypeMatcher.lookup('ns3::Ipv4Mask')
DEBUG:pybindgen.typehandlers:try to lookup type handler for 'ns3::Ipv4Mask' => success ((<class 'pybindgen.cppclass.CppClass.__init__.<locals>.ThisClassReturn'>, None, <pybindgen.typehandlers.ctypeparser.TypeTraits object at 0x7fca1d1d9e80>))
DEBUG:pybindgen.typehandlers:TypeMatcher.lookup('bool')
DEBUG:pybindgen.typehandlers:try to lookup type handler for 'bool' => success ((<class 'pybindgen.typehandlers.booltype.BoolReturn'>, None, <pybindgen.typehandlers.ctypeparser.TypeTraits object at 0x7fca1d161240>))
DEBUG:pybindgen.typehandlers:TypeMatcher.lookup('ns3::Ipv4Address')
DEBUG:pybindgen.typehandlers:try to lookup type handler for 'ns3::Ipv4Address' => success ((<class 'pybindgen.cppclass.CppClass.__init__.<locals>.ThisClassParameter'>, None, <pybindgen.typehandlers.ctypeparser.TypeTraits object at 0x7fca1d161390>))
DEBUG:pybindgen.typehandlers:TypeMatcher.lookup('ns3::Ipv4Address')
DEBUG:pybindgen.typehandlers:try to lookup type handler for 'ns3::Ipv4Address' => success ((<class 'pybindgen.cppclass.CppClass.__init__.<locals>.ThisClassParameter'>, None, <pybindgen.typehandlers.ctypeparser.TypeTraits object at 0x7fca1d161438>))
DEBUG:pybindgen.typehandlers:TypeMatcher.lookup('void')
DEBUG:pybindgen.typehandlers:try to lookup type handler for 'void' => success ((<class 'pybindgen.typehandlers.voidtype.VoidReturn'>, None, <pybindgen.typehandlers.ctypeparser.TypeTraits object at 0x7fca1d1617b8>))
DEBUG:pybindgen.typehandlers:TypeMatcher.lookup('std::ostream &')
DEBUG:pybindgen.typehandlers:try to lookup type handler for 'std::ostream &' => failure
'std::ostream &' did not match
/home/imran/ns-allinone-3.36.1/ns-3.36.1/src/dsdv/bindings/modulegen__gcc_LP64.py:1849: Warning: exception TypeLookupError(['std::ostream &'],) in wrapper public: retval? ???::Print (params?) const;
  is_const=True)
DEBUG:pybindgen.typehandlers:TypeMatcher.lookup('void')
DEBUG:pybindgen.typehandlers:try to lookup type handler for 'void' => success ((<class 'pybindgen.typehandlers.voidtype.VoidReturn'>, None, <pybindgen.typehandlers.ctypeparser.TypeTraits object at 0x7fca1d161a20>))
DEBUG:pybindgen.typehandlers:TypeMatcher.lookup('uint32_t')
DEBUG:pybindgen.typehandlers:try to lookup type handler for 'uint32_t' => success ((<class 'pybindgen.typehandlers.inttype.UnsignedIntParam'>, None, <pybindgen.typehandlers.ctypeparser.TypeTraits object at 0x7fca1d161b38>))
DEBUG:pybindgen.typehandlers:TypeMatcher.lookup('ns3::Ipv4RoutingHelper const &')
DEBUG:pybindgen.typehandlers:try to lookup type handler for 'ns3::Ipv4RoutingHelper const &' => success ((<class 'pybindgen.cppclass.CppClass.__init__.<locals>.ThisClassRefParameter'>, None, <pybindgen.typehandlers.ctypeparser.TypeTraits object at 0x7fca1d168160>))
DEBUG:pybindgen.typehandlers:TypeMatcher.lookup('ns3::Ipv4RoutingHelper *')
DEBUG:pybindgen.typehandlers:try to lookup type handler for 'ns3::Ipv4RoutingHelper *' => success ((<class 'pybindgen.cppclass.CppClass.__init__.<locals>.ThisClassPtrReturn'>, None, <pybindgen.typehandlers.ctypeparser.TypeTraits object at 0x7fca1d1682e8>))
DEBUG:pybindgen.typehandlers:TypeMatcher.lookup('ns3::Ptr< ns3::Ipv4RoutingProtocol >')
DEBUG:pybindgen.typehandlers:try to lookup type handler for 'ns3::Ptr< ns3::Ipv4RoutingProtocol >' => failure
DEBUG:pybindgen.typehandlers:try to lookup type handler for 'ns3::Ipv4RoutingProtocol *' => success ((<class 'pybindgen.cppclass.MemoryPolicy.register_ptr_parameter_and_return.<locals>.ThisClassPtrReturn'>, <ns3modulegen_core_customizations.SmartPointerTransformation object at 0x7fca1d6d7048>, <pybindgen.typehandlers.ctypeparser.TypeTraits object at 0x7fca1d168b00>))
DEBUG:pybindgen.typehandlers:TypeMatcher.lookup('ns3::Ptr< ns3::Node >')
DEBUG:pybindgen.typehandlers:try to lookup type handler for 'ns3::Ptr< ns3::Node >' => failure
DEBUG:pybindgen.typehandlers:try to lookup type handler for 'ns3::Node *' => success ((<class 'pybindgen.cppclass.MemoryPolicy.register_ptr_parameter_and_return.<locals>.ThisClassPtrParameter'>, <ns3modulegen_core_customizations.SmartPointerTransformation object at 0x7fca1d6d7048>, <pybindgen.typehandlers.ctypeparser.TypeTraits object at 0x7fca1d168d30>))
DEBUG:pybindgen.typehandlers:TypeMatcher.lookup('void')
DEBUG:pybindgen.typehandlers:try to lookup type handler for 'void' => success ((<class 'pybindgen.typehandlers.voidtype.VoidReturn'>, None, <pybindgen.typehandlers.ctypeparser.TypeTraits object at 0x7fca1d171198>))
DEBUG:pybindgen.typehandlers:TypeMatcher.lookup('ns3::Time')
DEBUG:pybindgen.typehandlers:try to lookup type handler for 'ns3::Time' => success ((<class 'pybindgen.cppclass.CppClass.__init__.<locals>.ThisClassParameter'>, None, <pybindgen.typehandlers.ctypeparser.TypeTraits object at 0x7fca1d1712e8>))
DEBUG:pybindgen.typehandlers:TypeMatcher.lookup('ns3::Ptr< ns3::OutputStreamWrapper >')
DEBUG:pybindgen.typehandlers:try to lookup type handler for 'ns3::Ptr< ns3::OutputStreamWrapper >' => failure
DEBUG:pybindgen.typehandlers:try to lookup type handler for 'ns3::OutputStreamWrapper *' => success ((<class 'pybindgen.cppclass.MemoryPolicy.register_ptr_parameter_and_return.<locals>.ThisClassPtrParameter'>, <ns3modulegen_core_customizations.SmartPointerTransformation object at 0x7fca1d6d7048>, <pybindgen.typehandlers.ctypeparser.TypeTraits object at 0x7fca1d1715f8>))
DEBUG:pybindgen.typehandlers:TypeMatcher.lookup('ns3::Time::Unit')
DEBUG:pybindgen.typehandlers:try to lookup type handler for 'ns3::Time::Unit' => success ((<class 'pybindgen.enum.Enum.set_module.<locals>.ThisEnumParameter'>, None, <pybindgen.typehandlers.ctypeparser.TypeTraits object at 0x7fca1d1715f8>))
DEBUG:pybindgen.typehandlers:TypeMatcher.lookup('void')
DEBUG:pybindgen.typehandlers:try to lookup type handler for 'void' => success ((<class 'pybindgen.typehandlers.voidtype.VoidReturn'>, None, <pybindgen.typehandlers.ctypeparser.TypeTraits object at 0x7fca1d171908>))
DEBUG:pybindgen.typehandlers:TypeMatcher.lookup('ns3::Time')
DEBUG:pybindgen.typehandlers:try to lookup type handler for 'ns3::Time' => success ((<class 'pybindgen.cppclass.CppClass.__init__.<locals>.ThisClassParameter'>, None, <pybindgen.typehandlers.ctypeparser.TypeTraits object at 0x7fca1d171a58>))
DEBUG:pybindgen.typehandlers:TypeMatcher.lookup('ns3::Ptr< ns3::OutputStreamWrapper >')
DEBUG:pybindgen.typehandlers:try to lookup type handler for 'ns3::Ptr< ns3::OutputStreamWrapper >' => failure
DEBUG:pybindgen.typehandlers:try to lookup type handler for 'ns3::OutputStreamWrapper *' => success ((<class 'pybindgen.cppclass.MemoryPolicy.register_ptr_parameter_and_return.<locals>.ThisClassPtrParameter'>, <ns3modulegen_core_customizations.SmartPointerTransformation object at 0x7fca1d6d7048>, <pybindgen.typehandlers.ctypeparser.TypeTraits object at 0x7fca1d171d68>))
DEBUG:pybindgen.typehandlers:TypeMatcher.lookup('ns3::Time::Unit')
DEBUG:pybindgen.typehandlers:try to lookup type handler for 'ns3::Time::Unit' => success ((<class 'pybindgen.enum.Enum.set_module.<locals>.ThisEnumParameter'>, None, <pybindgen.typehandlers.ctypeparser.TypeTraits object at 0x7fca1d171d68>))
DEBUG:pybindgen.typehandlers:TypeMatcher.lookup('void')
DEBUG:pybindgen.typehandlers:try to lookup type handler for 'void' => success ((<class 'pybindgen.typehandlers.voidtype.VoidReturn'>, None, <pybindgen.typehandlers.ctypeparser.TypeTraits object at 0x7fca1d1770b8>))
DEBUG:pybindgen.typehandlers:TypeMatcher.lookup('ns3::Time')
DEBUG:pybindgen.typehandlers:try to lookup type handler for 'ns3::Time' => success ((<class 'pybindgen.cppclass.CppClass.__init__.<locals>.ThisClassParameter'>, None, <pybindgen.typehandlers.ctypeparser.TypeTraits object at 0x7fca1d177208>))
DEBUG:pybindgen.typehandlers:TypeMatcher.lookup('ns3::Ptr< ns3::Node >')
DEBUG:pybindgen.typehandlers:try to lookup type handler for 'ns3::Ptr< ns3::Node >' => failure
DEBUG:pybindgen.typehandlers:try to lookup type handler for 'ns3::Node *' => success ((<class 'pybindgen.cppclass.MemoryPolicy.register_ptr_parameter_and_return.<locals>.ThisClassPtrParameter'>, <ns3modulegen_core_customizations.SmartPointerTransformation object at 0x7fca1d6d7048>, <pybindgen.typehandlers.ctypeparser.TypeTraits object at 0x7fca1d177518>))
DEBUG:pybindgen.typehandlers:TypeMatcher.lookup('ns3::Ptr< ns3::OutputStreamWrapper >')
DEBUG:pybindgen.typehandlers:try to lookup type handler for 'ns3::Ptr< ns3::OutputStreamWrapper >' => failure
DEBUG:pybindgen.typehandlers:try to lookup type handler for 'ns3::OutputStreamWrapper *' => success ((<class 'pybindgen.cppclass.MemoryPolicy.register_ptr_parameter_and_return.<locals>.ThisClassPtrParameter'>, <ns3modulegen_core_customizations.SmartPointerTransformation object at 0x7fca1d6d7048>, <pybindgen.typehandlers.ctypeparser.TypeTraits object at 0x7fca1d177710>))
DEBUG:pybindgen.typehandlers:TypeMatcher.lookup('ns3::Time::Unit')
DEBUG:pybindgen.typehandlers:try to lookup type handler for 'ns3::Time::Unit' => success ((<class 'pybindgen.enum.Enum.set_module.<locals>.ThisEnumParameter'>, None, <pybindgen.typehandlers.ctypeparser.TypeTraits object at 0x7fca1d177710>))
DEBUG:pybindgen.typehandlers:TypeMatcher.lookup('void')
DEBUG:pybindgen.typehandlers:try to lookup type handler for 'void' => success ((<class 'pybindgen.typehandlers.voidtype.VoidReturn'>, None, <pybindgen.typehandlers.ctypeparser.TypeTraits object at 0x7fca1d177a20>))
DEBUG:pybindgen.typehandlers:TypeMatcher.lookup('ns3::Time')
DEBUG:pybindgen.typehandlers:try to lookup type handler for 'ns3::Time' => success ((<class 'pybindgen.cppclass.CppClass.__init__.<locals>.ThisClassParameter'>, None, <pybindgen.typehandlers.ctypeparser.TypeTraits object at 0x7fca1d177b70>))
DEBUG:pybindgen.typehandlers:TypeMatcher.lookup('ns3::Ptr< ns3::Node >')
DEBUG:pybindgen.typehandlers:try to lookup type handler for 'ns3::Ptr< ns3::Node >' => failure
DEBUG:pybindgen.typehandlers:try to lookup type handler for 'ns3::Node *' => success ((<class 'pybindgen.cppclass.MemoryPolicy.register_ptr_parameter_and_return.<locals>.ThisClassPtrParameter'>, <ns3modulegen_core_customizations.SmartPointerTransformation object at 0x7fca1d6d7048>, <pybindgen.typehandlers.ctypeparser.TypeTraits object at 0x7fca1d177e80>))
DEBUG:pybindgen.typehandlers:TypeMatcher.lookup('ns3::Ptr< ns3::OutputStreamWrapper >')
DEBUG:pybindgen.typehandlers:try to lookup type handler for 'ns3::Ptr< ns3::OutputStreamWrapper >' => failure
DEBUG:pybindgen.typehandlers:try to lookup type handler for 'ns3::OutputStreamWrapper *' => success ((<class 'pybindgen.cppclass.MemoryPolicy.register_ptr_parameter_and_return.<locals>.ThisClassPtrParameter'>, <ns3modulegen_core_customizations.SmartPointerTransformation object at 0x7fca1d6d7048>, <pybindgen.typehandlers.ctypeparser.TypeTraits object at 0x7fca1d17e0b8>))
DEBUG:pybindgen.typehandlers:TypeMatcher.lookup('ns3::Time::Unit')
DEBUG:pybindgen.typehandlers:try to lookup type handler for 'ns3::Time::Unit' => success ((<class 'pybindgen.enum.Enum.set_module.<locals>.ThisEnumParameter'>, None, <pybindgen.typehandlers.ctypeparser.TypeTraits object at 0x7fca1d17e0b8>))
DEBUG:pybindgen.typehandlers:TypeMatcher.lookup('void')
DEBUG:pybindgen.typehandlers:try to lookup type handler for 'void' => success ((<class 'pybindgen.typehandlers.voidtype.VoidReturn'>, None, <pybindgen.typehandlers.ctypeparser.TypeTraits object at 0x7fca1d17e3c8>))
DEBUG:pybindgen.typehandlers:TypeMatcher.lookup('ns3::Time')
DEBUG:pybindgen.typehandlers:try to lookup type handler for 'ns3::Time' => success ((<class 'pybindgen.cppclass.CppClass.__init__.<locals>.ThisClassParameter'>, None, <pybindgen.typehandlers.ctypeparser.TypeTraits object at 0x7fca1d17e518>))
DEBUG:pybindgen.typehandlers:TypeMatcher.lookup('ns3::Ptr< ns3::OutputStreamWrapper >')
DEBUG:pybindgen.typehandlers:try to lookup type handler for 'ns3::Ptr< ns3::OutputStreamWrapper >' => failure
DEBUG:pybindgen.typehandlers:try to lookup type handler for 'ns3::OutputStreamWrapper *' => success ((<class 'pybindgen.cppclass.MemoryPolicy.register_ptr_parameter_and_return.<locals>.ThisClassPtrParameter'>, <ns3modulegen_core_customizations.SmartPointerTransformation object at 0x7fca1d6d7048>, <pybindgen.typehandlers.ctypeparser.TypeTraits object at 0x7fca1d17e828>))
DEBUG:pybindgen.typehandlers:TypeMatcher.lookup('ns3::Time::Unit')
DEBUG:pybindgen.typehandlers:try to lookup type handler for 'ns3::Time::Unit' => success ((<class 'pybindgen.enum.Enum.set_module.<locals>.ThisEnumParameter'>, None, <pybindgen.typehandlers.ctypeparser.TypeTraits object at 0x7fca1d17e828>))
DEBUG:pybindgen.typehandlers:TypeMatcher.lookup('void')
DEBUG:pybindgen.typehandlers:try to lookup type handler for 'void' => success ((<class 'pybindgen.typehandlers.voidtype.VoidReturn'>, None, <pybindgen.typehandlers.ctypeparser.TypeTraits object at 0x7fca1d17eb38>))
DEBUG:pybindgen.typehandlers:TypeMatcher.lookup('ns3::Time')
DEBUG:pybindgen.typehandlers:try to lookup type handler for 'ns3::Time' => success ((<class 'pybindgen.cppclass.CppClass.__init__.<locals>.ThisClassParameter'>, None, <pybindgen.typehandlers.ctypeparser.TypeTraits object at 0x7fca1d17ec88>))
DEBUG:pybindgen.typehandlers:TypeMatcher.lookup('ns3::Ptr< ns3::OutputStreamWrapper >')
DEBUG:pybindgen.typehandlers:try to lookup type handler for 'ns3::Ptr< ns3::OutputStreamWrapper >' => failure
DEBUG:pybindgen.typehandlers:try to lookup type handler for 'ns3::OutputStreamWrapper *' => success ((<class 'pybindgen.cppclass.MemoryPolicy.register_ptr_parameter_and_return.<locals>.ThisClassPtrParameter'>, <ns3modulegen_core_customizations.SmartPointerTransformation object at 0x7fca1d6d7048>, <pybindgen.typehandlers.ctypeparser.TypeTraits object at 0x7fca1d17ef98>))
DEBUG:pybindgen.typehandlers:TypeMatcher.lookup('ns3::Time::Unit')
DEBUG:pybindgen.typehandlers:try to lookup type handler for 'ns3::Time::Unit' => success ((<class 'pybindgen.enum.Enum.set_module.<locals>.ThisEnumParameter'>, None, <pybindgen.typehandlers.ctypeparser.TypeTraits object at 0x7fca1d17ef98>))
DEBUG:pybindgen.typehandlers:TypeMatcher.lookup('void')
DEBUG:pybindgen.typehandlers:try to lookup type handler for 'void' => success ((<class 'pybindgen.typehandlers.voidtype.VoidReturn'>, None, <pybindgen.typehandlers.ctypeparser.TypeTraits object at 0x7fca1d1842e8>))
DEBUG:pybindgen.typehandlers:TypeMatcher.lookup('ns3::Time')
DEBUG:pybindgen.typehandlers:try to lookup type handler for 'ns3::Time' => success ((<class 'pybindgen.cppclass.CppClass.__init__.<locals>.ThisClassParameter'>, None, <pybindgen.typehandlers.ctypeparser.TypeTraits object at 0x7fca1d184438>))
DEBUG:pybindgen.typehandlers:TypeMatcher.lookup('ns3::Ptr< ns3::Node >')
DEBUG:pybindgen.typehandlers:try to lookup type handler for 'ns3::Ptr< ns3::Node >' => failure
DEBUG:pybindgen.typehandlers:try to lookup type handler for 'ns3::Node *' => success ((<class 'pybindgen.cppclass.MemoryPolicy.register_ptr_parameter_and_return.<locals>.ThisClassPtrParameter'>, <ns3modulegen_core_customizations.SmartPointerTransformation object at 0x7fca1d6d7048>, <pybindgen.typehandlers.ctypeparser.TypeTraits object at 0x7fca1d184748>))
DEBUG:pybindgen.typehandlers:TypeMatcher.lookup('ns3::Ptr< ns3::OutputStreamWrapper >')
DEBUG:pybindgen.typehandlers:try to lookup type handler for 'ns3::Ptr< ns3::OutputStreamWrapper >' => failure
DEBUG:pybindgen.typehandlers:try to lookup type handler for 'ns3::OutputStreamWrapper *' => success ((<class 'pybindgen.cppclass.MemoryPolicy.register_ptr_parameter_and_return.<locals>.ThisClassPtrParameter'>, <ns3modulegen_core_customizations.SmartPointerTransformation object at 0x7fca1d6d7048>, <pybindgen.typehandlers.ctypeparser.TypeTraits object at 0x7fca1d184940>))
DEBUG:pybindgen.typehandlers:TypeMatcher.lookup('ns3::Time::Unit')
DEBUG:pybindgen.typehandlers:try to lookup type handler for 'ns3::Time::Unit' => success ((<class 'pybindgen.enum.Enum.set_module.<locals>.ThisEnumParameter'>, None, <pybindgen.typehandlers.ctypeparser.TypeTraits object at 0x7fca1d184940>))
DEBUG:pybindgen.typehandlers:TypeMatcher.lookup('void')
DEBUG:pybindgen.typehandlers:try to lookup type handler for 'void' => success ((<class 'pybindgen.typehandlers.voidtype.VoidReturn'>, None, <pybindgen.typehandlers.ctypeparser.TypeTraits object at 0x7fca1d184c50>))
DEBUG:pybindgen.typehandlers:TypeMatcher.lookup('ns3::Time')
DEBUG:pybindgen.typehandlers:try to lookup type handler for 'ns3::Time' => success ((<class 'pybindgen.cppclass.CppClass.__init__.<locals>.ThisClassParameter'>, None, <pybindgen.typehandlers.ctypeparser.TypeTraits object at 0x7fca1d184da0>))
DEBUG:pybindgen.typehandlers:TypeMatcher.lookup('ns3::Ptr< ns3::Node >')
DEBUG:pybindgen.typehandlers:try to lookup type handler for 'ns3::Ptr< ns3::Node >' => failure
DEBUG:pybindgen.typehandlers:try to lookup type handler for 'ns3::Node *' => success ((<class 'pybindgen.cppclass.MemoryPolicy.register_ptr_parameter_and_return.<locals>.ThisClassPtrParameter'>, <ns3modulegen_core_customizations.SmartPointerTransformation object at 0x7fca1d6d7048>, <pybindgen.typehandlers.ctypeparser.TypeTraits object at 0x7fca1d18a0f0>))
DEBUG:pybindgen.typehandlers:TypeMatcher.lookup('ns3::Ptr< ns3::OutputStreamWrapper >')
DEBUG:pybindgen.typehandlers:try to lookup type handler for 'ns3::Ptr< ns3::OutputStreamWrapper >' => failure
DEBUG:pybindgen.typehandlers:try to lookup type handler for 'ns3::OutputStreamWrapper *' => success ((<class 'pybindgen.cppclass.MemoryPolicy.register_ptr_parameter_and_return.<locals>.ThisClassPtrParameter'>, <ns3modulegen_core_customizations.SmartPointerTransformation object at 0x7fca1d6d7048>, <pybindgen.typehandlers.ctypeparser.TypeTraits object at 0x7fca1d18a2e8>))
DEBUG:pybindgen.typehandlers:TypeMatcher.lookup('ns3::Time::Unit')
DEBUG:pybindgen.typehandlers:try to lookup type handler for 'ns3::Time::Unit' => success ((<class 'pybindgen.enum.Enum.set_module.<locals>.ThisEnumParameter'>, None, <pybindgen.typehandlers.ctypeparser.TypeTraits object at 0x7fca1d18a2e8>))
DEBUG:pybindgen.typehandlers:TypeMatcher.lookup('char const *')
DEBUG:pybindgen.typehandlers:try to lookup type handler for 'char const *' => success ((<class 'pybindgen.typehandlers.stringtype.CStringParam'>, None, <pybindgen.typehandlers.ctypeparser.TypeTraits object at 0x7fca1d18a898>))
DEBUG:pybindgen.typehandlers:TypeMatcher.lookup('uint8_t *')
DEBUG:pybindgen.typehandlers:try to lookup type handler for 'uint8_t *' => success ((<class 'pybindgen.typehandlers.inttype.UInt8PtrParam'>, None, <pybindgen.typehandlers.ctypeparser.TypeTraits object at 0x7fca1d18acc0>))
/home/imran/ns-allinone-3.36.1/ns-3.36.1/src/dsdv/bindings/modulegen__gcc_LP64.py:1923: Warning: exception TypeConfigurationError('direction not given',) in wrapper <pybindgen.cppmethod.CppConstructor object at 0x7fca1d18ac50>
  cls.add_constructor([param('uint8_t *', 'address')])
DEBUG:pybindgen.typehandlers:TypeMatcher.lookup('ns3::Ipv6Address const &')
DEBUG:pybindgen.typehandlers:try to lookup type handler for 'ns3::Ipv6Address const &' => success ((<class 'pybindgen.cppclass.CppClass.__init__.<locals>.ThisClassRefParameter'>, None, <pybindgen.typehandlers.ctypeparser.TypeTraits object at 0x7fca1d18ae48>))
DEBUG:pybindgen.typehandlers:TypeMatcher.lookup('ns3::Ipv6Address const *')
DEBUG:pybindgen.typehandlers:try to lookup type handler for 'ns3::Ipv6Address const *' => success ((<class 'pybindgen.cppclass.CppClass.__init__.<locals>.ThisClassPtrParameter'>, None, <pybindgen.typehandlers.ctypeparser.TypeTraits object at 0x7fca1d192278>))
DEBUG:pybindgen.typehandlers:TypeMatcher.lookup('ns3::Ipv6Address')
DEBUG:pybindgen.typehandlers:try to lookup type handler for 'ns3::Ipv6Address' => success ((<class 'pybindgen.cppclass.CppClass.__init__.<locals>.ThisClassReturn'>, None, <pybindgen.typehandlers.ctypeparser.TypeTraits object at 0x7fca1d192630>))
DEBUG:pybindgen.typehandlers:TypeMatcher.lookup('ns3::Ipv6Prefix const &')
DEBUG:pybindgen.typehandlers:try to lookup type handler for 'ns3::Ipv6Prefix const &' => success ((<class 'pybindgen.cppclass.CppClass.__init__.<locals>.ThisClassRefParameter'>, None, <pybindgen.typehandlers.ctypeparser.TypeTraits object at 0x7fca1d192748>))
DEBUG:pybindgen.typehandlers:TypeMatcher.lookup('ns3::Ipv6Address')
DEBUG:pybindgen.typehandlers:try to lookup type handler for 'ns3::Ipv6Address' => success ((<class 'pybindgen.cppclass.CppClass.__init__.<locals>.ThisClassReturn'>, None, <pybindgen.typehandlers.ctypeparser.TypeTraits object at 0x7fca1d192b38>))
DEBUG:pybindgen.typehandlers:TypeMatcher.lookup('ns3::Address const &')
DEBUG:pybindgen.typehandlers:try to lookup type handler for 'ns3::Address const &' => success ((<class 'pybindgen.cppclass.CppClass.__init__.<locals>.ThisClassRefParameter'>, None, <pybindgen.typehandlers.ctypeparser.TypeTraits object at 0x7fca1d192c50>))
DEBUG:pybindgen.typehandlers:TypeMatcher.lookup('ns3::Ipv6Address')
DEBUG:pybindgen.typehandlers:try to lookup type handler for 'ns3::Ipv6Address' => success ((<class 'pybindgen.cppclass.CppClass.__init__.<locals>.ThisClassReturn'>, None, <pybindgen.typehandlers.ctypeparser.TypeTraits object at 0x7fca1d198080>))
DEBUG:pybindgen.typehandlers:TypeMatcher.lookup('uint8_t const *')
DEBUG:pybindgen.typehandlers:try to lookup type handler for 'uint8_t const *' => success ((<class 'pybindgen.typehandlers.inttype.UInt8PtrParam'>, None, <pybindgen.typehandlers.ctypeparser.TypeTraits object at 0x7fca1d198198>))
/home/imran/ns-allinone-3.36.1/ns-3.36.1/src/dsdv/bindings/modulegen__gcc_LP64.py:1942: Warning: exception TypeConfigurationError('direction not given',) in wrapper public: retval? ???::Deserialize (params?);
  is_static=True)
DEBUG:pybindgen.typehandlers:TypeMatcher.lookup('ns3::Ipv6Address')
DEBUG:pybindgen.typehandlers:try to lookup type handler for 'ns3::Ipv6Address' => success ((<class 'pybindgen.cppclass.CppClass.__init__.<locals>.ThisClassReturn'>, None, <pybindgen.typehandlers.ctypeparser.TypeTraits object at 0x7fca1d1982e8>))
DEBUG:pybindgen.typehandlers:TypeMatcher.lookup('ns3::Ipv6Address')
DEBUG:pybindgen.typehandlers:try to lookup type handler for 'ns3::Ipv6Address' => success ((<class 'pybindgen.cppclass.CppClass.__init__.<locals>.ThisClassReturn'>, None, <pybindgen.typehandlers.ctypeparser.TypeTraits object at 0x7fca1d1986d8>))
DEBUG:pybindgen.typehandlers:TypeMatcher.lookup('ns3::Ipv6Address')
DEBUG:pybindgen.typehandlers:try to lookup type handler for 'ns3::Ipv6Address' => success ((<class 'pybindgen.cppclass.CppClass.__init__.<locals>.ThisClassReturn'>, None, <pybindgen.typehandlers.ctypeparser.TypeTraits object at 0x7fca1d198a58>))
DEBUG:pybindgen.typehandlers:TypeMatcher.lookup('ns3::Ipv6Address')
DEBUG:pybindgen.typehandlers:try to lookup type handler for 'ns3::Ipv6Address' => success ((<class 'pybindgen.cppclass.CppClass.__init__.<locals>.ThisClassReturn'>, None, <pybindgen.typehandlers.ctypeparser.TypeTraits object at 0x7fca1d198dd8>))
DEBUG:pybindgen.typehandlers:TypeMatcher.lookup('void')
DEBUG:pybindgen.typehandlers:try to lookup type handler for 'void' => success ((<class 'pybindgen.typehandlers.voidtype.VoidReturn'>, None, <pybindgen.typehandlers.ctypeparser.TypeTraits object at 0x7fca1d198198>))
DEBUG:pybindgen.typehandlers:TypeMatcher.lookup('uint8_t *')
DEBUG:pybindgen.typehandlers:try to lookup type handler for 'uint8_t *' => success ((<class 'pybindgen.typehandlers.inttype.UInt8PtrParam'>, None, <pybindgen.typehandlers.ctypeparser.TypeTraits object at 0x7fca1d198320>))
/home/imran/ns-allinone-3.36.1/ns-3.36.1/src/dsdv/bindings/modulegen__gcc_LP64.py:1967: Warning: exception TypeConfigurationError('direction not given',) in wrapper public: retval? ???::GetBytes (params?) const;
  is_const=True)
DEBUG:pybindgen.typehandlers:TypeMatcher.lookup('ns3::Ipv4Address')
DEBUG:pybindgen.typehandlers:try to lookup type handler for 'ns3::Ipv4Address' => success ((<class 'pybindgen.cppclass.CppClass.__init__.<locals>.ThisClassReturn'>, None, <pybindgen.typehandlers.ctypeparser.TypeTraits object at 0x7fca1d198160>))
DEBUG:pybindgen.typehandlers:TypeMatcher.lookup('ns3::Ipv6Address')
DEBUG:pybindgen.typehandlers:try to lookup type handler for 'ns3::Ipv6Address' => success ((<class 'pybindgen.cppclass.CppClass.__init__.<locals>.ThisClassReturn'>, None, <pybindgen.typehandlers.ctypeparser.TypeTraits object at 0x7fca1d19c358>))
DEBUG:pybindgen.typehandlers:TypeMatcher.lookup('ns3::Ipv6Address')
DEBUG:pybindgen.typehandlers:try to lookup type handler for 'ns3::Ipv6Address' => success ((<class 'pybindgen.cppclass.CppClass.__init__.<locals>.ThisClassReturn'>, None, <pybindgen.typehandlers.ctypeparser.TypeTraits object at 0x7fca1d19c6d8>))
DEBUG:pybindgen.typehandlers:TypeMatcher.lookup('ns3::Ipv6Address')
DEBUG:pybindgen.typehandlers:try to lookup type handler for 'ns3::Ipv6Address' => success ((<class 'pybindgen.cppclass.CppClass.__init__.<locals>.ThisClassReturn'>, None, <pybindgen.typehandlers.ctypeparser.TypeTraits object at 0x7fca1d19ca58>))
DEBUG:pybindgen.typehandlers:TypeMatcher.lookup('bool')
DEBUG:pybindgen.typehandlers:try to lookup type handler for 'bool' => success ((<class 'pybindgen.typehandlers.booltype.BoolReturn'>, None, <pybindgen.typehandlers.ctypeparser.TypeTraits object at 0x7fca1d19cdd8>))
DEBUG:pybindgen.typehandlers:TypeMatcher.lookup('ns3::Ipv6Prefix const &')
DEBUG:pybindgen.typehandlers:try to lookup type handler for 'ns3::Ipv6Prefix const &' => success ((<class 'pybindgen.cppclass.CppClass.__init__.<locals>.ThisClassRefParameter'>, None, <pybindgen.typehandlers.ctypeparser.TypeTraits object at 0x7fca1d19cf28>))
DEBUG:pybindgen.typehandlers:TypeMatcher.lookup('bool')
DEBUG:pybindgen.typehandlers:try to lookup type handler for 'bool' => success ((<class 'pybindgen.typehandlers.booltype.BoolReturn'>, None, <pybindgen.typehandlers.ctypeparser.TypeTraits object at 0x7fca1d128358>))
DEBUG:pybindgen.typehandlers:TypeMatcher.lookup('bool')
DEBUG:pybindgen.typehandlers:try to lookup type handler for 'bool' => success ((<class 'pybindgen.typehandlers.booltype.BoolReturn'>, None, <pybindgen.typehandlers.ctypeparser.TypeTraits object at 0x7fca1d128710>))
DEBUG:pybindgen.typehandlers:TypeMatcher.lookup('bool')
DEBUG:pybindgen.typehandlers:try to lookup type handler for 'bool' => success ((<class 'pybindgen.typehandlers.booltype.BoolReturn'>, None, <pybindgen.typehandlers.ctypeparser.TypeTraits object at 0x7fca1d128ac8>))
DEBUG:pybindgen.typehandlers:TypeMatcher.lookup('bool')
DEBUG:pybindgen.typehandlers:try to lookup type handler for 'bool' => success ((<class 'pybindgen.typehandlers.booltype.BoolReturn'>, None, <pybindgen.typehandlers.ctypeparser.TypeTraits object at 0x7fca1d128e80>))
DEBUG:pybindgen.typehandlers:TypeMatcher.lookup('bool')
DEBUG:pybindgen.typehandlers:try to lookup type handler for 'bool' => success ((<class 'pybindgen.typehandlers.booltype.BoolReturn'>, None, <pybindgen.typehandlers.ctypeparser.TypeTraits object at 0x7fca1d12e278>))
DEBUG:pybindgen.typehandlers:TypeMatcher.lookup('bool')
DEBUG:pybindgen.typehandlers:try to lookup type handler for 'bool' => success ((<class 'pybindgen.typehandlers.booltype.BoolReturn'>, None, <pybindgen.typehandlers.ctypeparser.TypeTraits object at 0x7fca1d19c160>))
DEBUG:pybindgen.typehandlers:TypeMatcher.lookup('bool')
DEBUG:pybindgen.typehandlers:try to lookup type handler for 'bool' => success ((<class 'pybindgen.typehandlers.booltype.BoolReturn'>, None, <pybindgen.typehandlers.ctypeparser.TypeTraits object at 0x7fca1d12e748>))
DEBUG:pybindgen.typehandlers:TypeMatcher.lookup('bool')
DEBUG:pybindgen.typehandlers:try to lookup type handler for 'bool' => success ((<class 'pybindgen.typehandlers.booltype.BoolReturn'>, None, <pybindgen.typehandlers.ctypeparser.TypeTraits object at 0x7fca1d12eb00>))
DEBUG:pybindgen.typehandlers:TypeMatcher.lookup('bool')
DEBUG:pybindgen.typehandlers:try to lookup type handler for 'bool' => success ((<class 'pybindgen.typehandlers.booltype.BoolReturn'>, None, <pybindgen.typehandlers.ctypeparser.TypeTraits object at 0x7fca1d12eeb8>))
DEBUG:pybindgen.typehandlers:TypeMatcher.lookup('bool')
DEBUG:pybindgen.typehandlers:try to lookup type handler for 'bool' => success ((<class 'pybindgen.typehandlers.booltype.BoolReturn'>, None, <pybindgen.typehandlers.ctypeparser.TypeTraits object at 0x7fca1d1352b0>))
DEBUG:pybindgen.typehandlers:TypeMatcher.lookup('ns3::Address const &')
DEBUG:pybindgen.typehandlers:try to lookup type handler for 'ns3::Address const &' => success ((<class 'pybindgen.cppclass.CppClass.__init__.<locals>.ThisClassRefParameter'>, None, <pybindgen.typehandlers.ctypeparser.TypeTraits object at 0x7fca1d135400>))
DEBUG:pybindgen.typehandlers:TypeMatcher.lookup('bool')
DEBUG:pybindgen.typehandlers:try to lookup type handler for 'bool' => success ((<class 'pybindgen.typehandlers.booltype.BoolReturn'>, None, <pybindgen.typehandlers.ctypeparser.TypeTraits object at 0x7fca1d1357f0>))
DEBUG:pybindgen.typehandlers:TypeMatcher.lookup('bool')
DEBUG:pybindgen.typehandlers:try to lookup type handler for 'bool' => success ((<class 'pybindgen.typehandlers.booltype.BoolReturn'>, None, <pybindgen.typehandlers.ctypeparser.TypeTraits object at 0x7fca1d135ba8>))
DEBUG:pybindgen.typehandlers:TypeMatcher.lookup('ns3::Ipv6Address')
DEBUG:pybindgen.typehandlers:try to lookup type handler for 'ns3::Ipv6Address' => success ((<class 'pybindgen.cppclass.CppClass.__init__.<locals>.ThisClassReturn'>, None, <pybindgen.typehandlers.ctypeparser.TypeTraits object at 0x7fca1d135f60>))
DEBUG:pybindgen.typehandlers:TypeMatcher.lookup('ns3::Address')
DEBUG:pybindgen.typehandlers:try to lookup type handler for 'ns3::Address' => success ((<class 'pybindgen.cppclass.CppClass.__init__.<locals>.ThisClassParameter'>, None, <pybindgen.typehandlers.ctypeparser.TypeTraits object at 0x7fca1d13f0b8>))
DEBUG:pybindgen.typehandlers:TypeMatcher.lookup('ns3::Ipv6Address')
DEBUG:pybindgen.typehandlers:try to lookup type handler for 'ns3::Ipv6Address' => success ((<class 'pybindgen.cppclass.CppClass.__init__.<locals>.ThisClassParameter'>, None, <pybindgen.typehandlers.ctypeparser.TypeTraits object at 0x7fca1d13f160>))
DEBUG:pybindgen.typehandlers:TypeMatcher.lookup('ns3::Ipv6Address')
DEBUG:pybindgen.typehandlers:try to lookup type handler for 'ns3::Ipv6Address' => success ((<class 'pybindgen.cppclass.CppClass.__init__.<locals>.ThisClassReturn'>, None, <pybindgen.typehandlers.ctypeparser.TypeTraits object at 0x7fca1d13f4e0>))
DEBUG:pybindgen.typehandlers:TypeMatcher.lookup('ns3::Address')
DEBUG:pybindgen.typehandlers:try to lookup type handler for 'ns3::Address' => success ((<class 'pybindgen.cppclass.CppClass.__init__.<locals>.ThisClassParameter'>, None, <pybindgen.typehandlers.ctypeparser.TypeTraits object at 0x7fca1d13f5f8>))
DEBUG:pybindgen.typehandlers:TypeMatcher.lookup('ns3::Ipv6Prefix')
DEBUG:pybindgen.typehandlers:try to lookup type handler for 'ns3::Ipv6Prefix' => success ((<class 'pybindgen.cppclass.CppClass.__init__.<locals>.ThisClassParameter'>, None, <pybindgen.typehandlers.ctypeparser.TypeTraits object at 0x7fca1d13f6a0>))
DEBUG:pybindgen.typehandlers:TypeMatcher.lookup('ns3::Ipv6Address')
DEBUG:pybindgen.typehandlers:try to lookup type handler for 'ns3::Ipv6Address' => success ((<class 'pybindgen.cppclass.CppClass.__init__.<locals>.ThisClassReturn'>, None, <pybindgen.typehandlers.ctypeparser.TypeTraits object at 0x7fca1d13f9e8>))
DEBUG:pybindgen.typehandlers:TypeMatcher.lookup('ns3::Mac16Address')
DEBUG:pybindgen.typehandlers:try to lookup type handler for 'ns3::Mac16Address' => failure
'ns3::Mac16Address' did not match
/home/imran/ns-allinone-3.36.1/ns-3.36.1/src/dsdv/bindings/modulegen__gcc_LP64.py:2067: Warning: exception TypeLookupError(['ns3::Mac16Address'],) in wrapper public: retval? ???::MakeAutoconfiguredAddress (params?);
  is_static=True)
DEBUG:pybindgen.typehandlers:TypeMatcher.lookup('ns3::Ipv6Address')
DEBUG:pybindgen.typehandlers:try to lookup type handler for 'ns3::Ipv6Address' => success ((<class 'pybindgen.cppclass.CppClass.__init__.<locals>.ThisClassReturn'>, None, <pybindgen.typehandlers.ctypeparser.TypeTraits object at 0x7fca1d13fbe0>))
DEBUG:pybindgen.typehandlers:TypeMatcher.lookup('ns3::Mac48Address')
DEBUG:pybindgen.typehandlers:try to lookup type handler for 'ns3::Mac48Address' => success ((<class 'pybindgen.cppclass.CppClass.__init__.<locals>.ThisClassParameter'>, None, <pybindgen.typehandlers.ctypeparser.TypeTraits object at 0x7fca1d13fcc0>))
DEBUG:pybindgen.typehandlers:TypeMatcher.lookup('ns3::Ipv6Address')
DEBUG:pybindgen.typehandlers:try to lookup type handler for 'ns3::Ipv6Address' => success ((<class 'pybindgen.cppclass.CppClass.__init__.<locals>.ThisClassParameter'>, None, <pybindgen.typehandlers.ctypeparser.TypeTraits object at 0x7fca1d13fd68>))
DEBUG:pybindgen.typehandlers:TypeMatcher.lookup('ns3::Ipv6Address')
DEBUG:pybindgen.typehandlers:try to lookup type handler for 'ns3::Ipv6Address' => success ((<class 'pybindgen.cppclass.CppClass.__init__.<locals>.ThisClassReturn'>, None, <pybindgen.typehandlers.ctypeparser.TypeTraits object at 0x7fca1d1460f0>))
DEBUG:pybindgen.typehandlers:TypeMatcher.lookup('ns3::Mac64Address')
DEBUG:pybindgen.typehandlers:try to lookup type handler for 'ns3::Mac64Address' => failure
'ns3::Mac64Address' did not match
/home/imran/ns-allinone-3.36.1/ns-3.36.1/src/dsdv/bindings/modulegen__gcc_LP64.py:2077: Warning: exception TypeLookupError(['ns3::Mac64Address'],) in wrapper public: retval? ???::MakeAutoconfiguredAddress (params?);
  is_static=True)
DEBUG:pybindgen.typehandlers:TypeMatcher.lookup('ns3::Ipv6Address')
DEBUG:pybindgen.typehandlers:try to lookup type handler for 'ns3::Ipv6Address' => success ((<class 'pybindgen.cppclass.CppClass.__init__.<locals>.ThisClassReturn'>, None, <pybindgen.typehandlers.ctypeparser.TypeTraits object at 0x7fca1d1462e8>))
DEBUG:pybindgen.typehandlers:TypeMatcher.lookup('ns3::Mac8Address')
DEBUG:pybindgen.typehandlers:try to lookup type handler for 'ns3::Mac8Address' => success ((<class 'pybindgen.cppclass.CppClass.__init__.<locals>.ThisClassParameter'>, None, <pybindgen.typehandlers.ctypeparser.TypeTraits object at 0x7fca1d1463c8>))
DEBUG:pybindgen.typehandlers:TypeMatcher.lookup('ns3::Ipv6Address')
DEBUG:pybindgen.typehandlers:try to lookup type handler for 'ns3::Ipv6Address' => success ((<class 'pybindgen.cppclass.CppClass.__init__.<locals>.ThisClassParameter'>, None, <pybindgen.typehandlers.ctypeparser.TypeTraits object at 0x7fca1d146470>))
DEBUG:pybindgen.typehandlers:TypeMatcher.lookup('ns3::Ipv6Address')
DEBUG:pybindgen.typehandlers:try to lookup type handler for 'ns3::Ipv6Address' => success ((<class 'pybindgen.cppclass.CppClass.__init__.<locals>.ThisClassReturn'>, None, <pybindgen.typehandlers.ctypeparser.TypeTraits object at 0x7fca1d1467b8>))
DEBUG:pybindgen.typehandlers:TypeMatcher.lookup('ns3::Address')
DEBUG:pybindgen.typehandlers:try to lookup type handler for 'ns3::Address' => success ((<class 'pybindgen.cppclass.CppClass.__init__.<locals>.ThisClassParameter'>, None, <pybindgen.typehandlers.ctypeparser.TypeTraits object at 0x7fca1d1468d0>))
DEBUG:pybindgen.typehandlers:TypeMatcher.lookup('ns3::Ipv6Address')
DEBUG:pybindgen.typehandlers:try to lookup type handler for 'ns3::Ipv6Address' => success ((<class 'pybindgen.cppclass.CppClass.__init__.<locals>.ThisClassReturn'>, None, <pybindgen.typehandlers.ctypeparser.TypeTraits object at 0x7fca1d146c18>))
DEBUG:pybindgen.typehandlers:TypeMatcher.lookup('ns3::Mac16Address')
DEBUG:pybindgen.typehandlers:try to lookup type handler for 'ns3::Mac16Address' => failure
'ns3::Mac16Address' did not match
/home/imran/ns-allinone-3.36.1/ns-3.36.1/src/dsdv/bindings/modulegen__gcc_LP64.py:2092: Warning: exception TypeLookupError(['ns3::Mac16Address'],) in wrapper public: retval? ???::MakeAutoconfiguredLinkLocalAddress (params?);
  is_static=True)
DEBUG:pybindgen.typehandlers:TypeMatcher.lookup('ns3::Ipv6Address')
DEBUG:pybindgen.typehandlers:try to lookup type handler for 'ns3::Ipv6Address' => success ((<class 'pybindgen.cppclass.CppClass.__init__.<locals>.ThisClassReturn'>, None, <pybindgen.typehandlers.ctypeparser.TypeTraits object at 0x7fca1d146e10>))
DEBUG:pybindgen.typehandlers:TypeMatcher.lookup('ns3::Mac48Address')
DEBUG:pybindgen.typehandlers:try to lookup type handler for 'ns3::Mac48Address' => success ((<class 'pybindgen.cppclass.CppClass.__init__.<locals>.ThisClassParameter'>, None, <pybindgen.typehandlers.ctypeparser.TypeTraits object at 0x7fca1d146ef0>))
DEBUG:pybindgen.typehandlers:TypeMatcher.lookup('ns3::Ipv6Address')
DEBUG:pybindgen.typehandlers:try to lookup type handler for 'ns3::Ipv6Address' => success ((<class 'pybindgen.cppclass.CppClass.__init__.<locals>.ThisClassReturn'>, None, <pybindgen.typehandlers.ctypeparser.TypeTraits object at 0x7fca1d150240>))
DEBUG:pybindgen.typehandlers:TypeMatcher.lookup('ns3::Mac64Address')
DEBUG:pybindgen.typehandlers:try to lookup type handler for 'ns3::Mac64Address' => failure
'ns3::Mac64Address' did not match
/home/imran/ns-allinone-3.36.1/ns-3.36.1/src/dsdv/bindings/modulegen__gcc_LP64.py:2102: Warning: exception TypeLookupError(['ns3::Mac64Address'],) in wrapper public: retval? ???::MakeAutoconfiguredLinkLocalAddress (params?);
  is_static=True)
DEBUG:pybindgen.typehandlers:TypeMatcher.lookup('ns3::Ipv6Address')
DEBUG:pybindgen.typehandlers:try to lookup type handler for 'ns3::Ipv6Address' => success ((<class 'pybindgen.cppclass.CppClass.__init__.<locals>.ThisClassReturn'>, None, <pybindgen.typehandlers.ctypeparser.TypeTraits object at 0x7fca1d150438>))
DEBUG:pybindgen.typehandlers:TypeMatcher.lookup('ns3::Mac8Address')
DEBUG:pybindgen.typehandlers:try to lookup type handler for 'ns3::Mac8Address' => success ((<class 'pybindgen.cppclass.CppClass.__init__.<locals>.ThisClassParameter'>, None, <pybindgen.typehandlers.ctypeparser.TypeTraits object at 0x7fca1d150518>))
DEBUG:pybindgen.typehandlers:TypeMatcher.lookup('ns3::Ipv6Address')
DEBUG:pybindgen.typehandlers:try to lookup type handler for 'ns3::Ipv6Address' => success ((<class 'pybindgen.cppclass.CppClass.__init__.<locals>.ThisClassReturn'>, None, <pybindgen.typehandlers.ctypeparser.TypeTraits object at 0x7fca1d150828>))
DEBUG:pybindgen.typehandlers:TypeMatcher.lookup('ns3::Ipv4Address')
DEBUG:pybindgen.typehandlers:try to lookup type handler for 'ns3::Ipv4Address' => success ((<class 'pybindgen.cppclass.CppClass.__init__.<locals>.ThisClassParameter'>, None, <pybindgen.typehandlers.ctypeparser.TypeTraits object at 0x7fca1d150940>))
DEBUG:pybindgen.typehandlers:TypeMatcher.lookup('ns3::Ipv6Address')
DEBUG:pybindgen.typehandlers:try to lookup type handler for 'ns3::Ipv6Address' => success ((<class 'pybindgen.cppclass.CppClass.__init__.<locals>.ThisClassReturn'>, None, <pybindgen.typehandlers.ctypeparser.TypeTraits object at 0x7fca1d146d30>))
DEBUG:pybindgen.typehandlers:TypeMatcher.lookup('ns3::Ipv6Address')
DEBUG:pybindgen.typehandlers:try to lookup type handler for 'ns3::Ipv6Address' => success ((<class 'pybindgen.cppclass.CppClass.__init__.<locals>.ThisClassParameter'>, None, <pybindgen.typehandlers.ctypeparser.TypeTraits object at 0x7fca1d146cf8>))
DEBUG:pybindgen.typehandlers:TypeMatcher.lookup('void')
DEBUG:pybindgen.typehandlers:try to lookup type handler for 'void' => success ((<class 'pybindgen.typehandlers.voidtype.VoidReturn'>, None, <pybindgen.typehandlers.ctypeparser.TypeTraits object at 0x7fca1d150278>))
DEBUG:pybindgen.typehandlers:TypeMatcher.lookup('std::ostream &')
DEBUG:pybindgen.typehandlers:try to lookup type handler for 'std::ostream &' => failure
'std::ostream &' did not match
/home/imran/ns-allinone-3.36.1/ns-3.36.1/src/dsdv/bindings/modulegen__gcc_LP64.py:2122: Warning: exception TypeLookupError(['std::ostream &'],) in wrapper public: retval? ???::Print (params?) const;
  is_const=True)
DEBUG:pybindgen.typehandlers:TypeMatcher.lookup('void')
DEBUG:pybindgen.typehandlers:try to lookup type handler for 'void' => success ((<class 'pybindgen.typehandlers.voidtype.VoidReturn'>, None, <pybindgen.typehandlers.ctypeparser.TypeTraits object at 0x7fca1d150e10>))
DEBUG:pybindgen.typehandlers:TypeMatcher.lookup('uint8_t *')
DEBUG:pybindgen.typehandlers:try to lookup type handler for 'uint8_t *' => success ((<class 'pybindgen.typehandlers.inttype.UInt8PtrParam'>, None, <pybindgen.typehandlers.ctypeparser.TypeTraits object at 0x7fca1d150f28>))
/home/imran/ns-allinone-3.36.1/ns-3.36.1/src/dsdv/bindings/modulegen__gcc_LP64.py:2127: Warning: exception TypeConfigurationError('direction not given',) in wrapper public: retval? ???::Serialize (params?) const;
  is_const=True)
DEBUG:pybindgen.typehandlers:TypeMatcher.lookup('void')
DEBUG:pybindgen.typehandlers:try to lookup type handler for 'void' => success ((<class 'pybindgen.typehandlers.voidtype.VoidReturn'>, None, <pybindgen.typehandlers.ctypeparser.TypeTraits object at 0x7fca1d157048>))
DEBUG:pybindgen.typehandlers:TypeMatcher.lookup('char const *')
DEBUG:pybindgen.typehandlers:try to lookup type handler for 'char const *' => success ((<class 'pybindgen.typehandlers.stringtype.CStringParam'>, None, <pybindgen.typehandlers.ctypeparser.TypeTraits object at 0x7fca1d157208>))
DEBUG:pybindgen.typehandlers:TypeMatcher.lookup('void')
DEBUG:pybindgen.typehandlers:try to lookup type handler for 'void' => success ((<class 'pybindgen.typehandlers.voidtype.VoidReturn'>, None, <pybindgen.typehandlers.ctypeparser.TypeTraits object at 0x7fca1d157630>))
DEBUG:pybindgen.typehandlers:TypeMatcher.lookup('uint8_t *')
DEBUG:pybindgen.typehandlers:try to lookup type handler for 'uint8_t *' => success ((<class 'pybindgen.typehandlers.inttype.UInt8PtrParam'>, None, <pybindgen.typehandlers.ctypeparser.TypeTraits object at 0x7fca1d157780>))
/home/imran/ns-allinone-3.36.1/ns-3.36.1/src/dsdv/bindings/modulegen__gcc_LP64.py:2135: Warning: exception TypeConfigurationError('direction not given',) in wrapper public: retval? ???::Set (params?);
  [param('uint8_t *', 'address')])
DEBUG:pybindgen.typehandlers:TypeMatcher.lookup('ns3::Ipv6AddressHash const &')
DEBUG:pybindgen.typehandlers:try to lookup type handler for 'ns3::Ipv6AddressHash const &' => success ((<class 'pybindgen.cppclass.CppClass.__init__.<locals>.ThisClassRefParameter'>, None, <pybindgen.typehandlers.ctypeparser.TypeTraits object at 0x7fca1d157b70>))
DEBUG:pybindgen.typehandlers:TypeMatcher.lookup('size_t')
DEBUG:pybindgen.typehandlers:try to lookup type handler for 'size_t' => success ((<class 'pybindgen.typehandlers.inttype.SizeTReturn'>, None, <pybindgen.typehandlers.ctypeparser.TypeTraits object at 0x7fca1d157f28>))
DEBUG:pybindgen.typehandlers:TypeMatcher.lookup('ns3::Ipv6Address const &')
DEBUG:pybindgen.typehandlers:try to lookup type handler for 'ns3::Ipv6Address const &' => success ((<class 'pybindgen.cppclass.CppClass.__init__.<locals>.ThisClassRefParameter'>, None, <pybindgen.typehandlers.ctypeparser.TypeTraits object at 0x7fca1d15d0b8>))
DEBUG:pybindgen.typehandlers:TypeMatcher.lookup('uint8_t *')
DEBUG:pybindgen.typehandlers:try to lookup type handler for 'uint8_t *' => success ((<class 'pybindgen.typehandlers.inttype.UInt8PtrParam'>, None, <pybindgen.typehandlers.ctypeparser.TypeTraits object at 0x7fca1d15d748>))
/home/imran/ns-allinone-3.36.1/ns-3.36.1/src/dsdv/bindings/modulegen__gcc_LP64.py:2157: Warning: exception TypeConfigurationError('direction not given',) in wrapper <pybindgen.cppmethod.CppConstructor object at 0x7fca1d15d6d8>
  cls.add_constructor([param('uint8_t *', 'prefix')])
DEBUG:pybindgen.typehandlers:TypeMatcher.lookup('char const *')
DEBUG:pybindgen.typehandlers:try to lookup type handler for 'char const *' => success ((<class 'pybindgen.typehandlers.stringtype.CStringParam'>, None, <pybindgen.typehandlers.ctypeparser.TypeTraits object at 0x7fca1d15d8d0>))
DEBUG:pybindgen.typehandlers:TypeMatcher.lookup('uint8_t *')
DEBUG:pybindgen.typehandlers:try to lookup type handler for 'uint8_t *' => success ((<class 'pybindgen.typehandlers.inttype.UInt8PtrParam'>, None, <pybindgen.typehandlers.ctypeparser.TypeTraits object at 0x7fca1d15dcf8>))
/home/imran/ns-allinone-3.36.1/ns-3.36.1/src/dsdv/bindings/modulegen__gcc_LP64.py:2161: Warning: exception TypeConfigurationError('direction not given',) in wrapper <pybindgen.cppmethod.CppConstructor object at 0x7fca1d15dc88>
  cls.add_constructor([param('uint8_t *', 'prefix'), param('uint8_t', 'prefixLength')])
DEBUG:pybindgen.typehandlers:TypeMatcher.lookup('char const *')
DEBUG:pybindgen.typehandlers:try to lookup type handler for 'char const *' => success ((<class 'pybindgen.typehandlers.stringtype.CStringParam'>, None, <pybindgen.typehandlers.ctypeparser.TypeTraits object at 0x7fca1d15de80>))
DEBUG:pybindgen.typehandlers:TypeMatcher.lookup('uint8_t')
DEBUG:pybindgen.typehandlers:try to lookup type handler for 'uint8_t' => success ((<class 'pybindgen.typehandlers.inttype.UInt8Param'>, None, <pybindgen.typehandlers.ctypeparser.TypeTraits object at 0x7fca1d15dd30>))
DEBUG:pybindgen.typehandlers:TypeMatcher.lookup('uint8_t')
DEBUG:pybindgen.typehandlers:try to lookup type handler for 'uint8_t' => success ((<class 'pybindgen.typehandlers.inttype.UInt8Param'>, None, <pybindgen.typehandlers.ctypeparser.TypeTraits object at 0x7fca1d157828>))
DEBUG:pybindgen.typehandlers:TypeMatcher.lookup('ns3::Ipv6Prefix const &')
DEBUG:pybindgen.typehandlers:try to lookup type handler for 'ns3::Ipv6Prefix const &' => success ((<class 'pybindgen.cppclass.CppClass.__init__.<locals>.ThisClassRefParameter'>, None, <pybindgen.typehandlers.ctypeparser.TypeTraits object at 0x7fca1d150e48>))
DEBUG:pybindgen.typehandlers:TypeMatcher.lookup('ns3::Ipv6Prefix const *')
DEBUG:pybindgen.typehandlers:try to lookup type handler for 'ns3::Ipv6Prefix const *' => success ((<class 'pybindgen.cppclass.CppClass.__init__.<locals>.ThisClassPtrParameter'>, None, <pybindgen.typehandlers.ctypeparser.TypeTraits object at 0x7fca1d0e80f0>))
DEBUG:pybindgen.typehandlers:TypeMatcher.lookup('ns3::Ipv6Address')
DEBUG:pybindgen.typehandlers:try to lookup type handler for 'ns3::Ipv6Address' => success ((<class 'pybindgen.cppclass.CppClass.__init__.<locals>.ThisClassReturn'>, None, <pybindgen.typehandlers.ctypeparser.TypeTraits object at 0x7fca1d0e84a8>))
DEBUG:pybindgen.typehandlers:TypeMatcher.lookup('void')
DEBUG:pybindgen.typehandlers:try to lookup type handler for 'void' => success ((<class 'pybindgen.typehandlers.voidtype.VoidReturn'>, None, <pybindgen.typehandlers.ctypeparser.TypeTraits object at 0x7fca1d0e8828>))
DEBUG:pybindgen.typehandlers:TypeMatcher.lookup('uint8_t *')
DEBUG:pybindgen.typehandlers:try to lookup type handler for 'uint8_t *' => success ((<class 'pybindgen.typehandlers.inttype.UInt8PtrParam'>, None, <pybindgen.typehandlers.ctypeparser.TypeTraits object at 0x7fca1d0e8978>))
/home/imran/ns-allinone-3.36.1/ns-3.36.1/src/dsdv/bindings/modulegen__gcc_LP64.py:2179: Warning: exception TypeConfigurationError('direction not given',) in wrapper public: retval? ???::GetBytes (params?) const;
  is_const=True)
DEBUG:pybindgen.typehandlers:TypeMatcher.lookup('ns3::Ipv6Prefix')
DEBUG:pybindgen.typehandlers:try to lookup type handler for 'ns3::Ipv6Prefix' => success ((<class 'pybindgen.cppclass.CppClass.__init__.<locals>.ThisClassReturn'>, None, <pybindgen.typehandlers.ctypeparser.TypeTraits object at 0x7fca1d0e8a58>))
DEBUG:pybindgen.typehandlers:TypeMatcher.lookup('uint8_t')
DEBUG:pybindgen.typehandlers:try to lookup type handler for 'uint8_t' => success ((<class 'pybindgen.typehandlers.inttype.UInt8Return'>, None, <pybindgen.typehandlers.ctypeparser.TypeTraits object at 0x7fca1d0e8e48>))
DEBUG:pybindgen.typehandlers:TypeMatcher.lookup('ns3::Ipv6Prefix')
DEBUG:pybindgen.typehandlers:try to lookup type handler for 'ns3::Ipv6Prefix' => success ((<class 'pybindgen.cppclass.CppClass.__init__.<locals>.ThisClassReturn'>, None, <pybindgen.typehandlers.ctypeparser.TypeTraits object at 0x7fca1d0ee240>))
DEBUG:pybindgen.typehandlers:TypeMatcher.lookup('uint8_t')
DEBUG:pybindgen.typehandlers:try to lookup type handler for 'uint8_t' => success ((<class 'pybindgen.typehandlers.inttype.UInt8Return'>, None, <pybindgen.typehandlers.ctypeparser.TypeTraits object at 0x7fca1d0ee5c0>))
DEBUG:pybindgen.typehandlers:TypeMatcher.lookup('ns3::Ipv6Prefix')
DEBUG:pybindgen.typehandlers:try to lookup type handler for 'ns3::Ipv6Prefix' => success ((<class 'pybindgen.cppclass.CppClass.__init__.<locals>.ThisClassReturn'>, None, <pybindgen.typehandlers.ctypeparser.TypeTraits object at 0x7fca1d0ee978>))
DEBUG:pybindgen.typehandlers:TypeMatcher.lookup('bool')
DEBUG:pybindgen.typehandlers:try to lookup type handler for 'bool' => success ((<class 'pybindgen.typehandlers.booltype.BoolReturn'>, None, <pybindgen.typehandlers.ctypeparser.TypeTraits object at 0x7fca1d0eecf8>))
DEBUG:pybindgen.typehandlers:TypeMatcher.lookup('ns3::Ipv6Address')
DEBUG:pybindgen.typehandlers:try to lookup type handler for 'ns3::Ipv6Address' => success ((<class 'pybindgen.cppclass.CppClass.__init__.<locals>.ThisClassParameter'>, None, <pybindgen.typehandlers.ctypeparser.TypeTraits object at 0x7fca1d0eee48>))
DEBUG:pybindgen.typehandlers:TypeMatcher.lookup('ns3::Ipv6Address')
DEBUG:pybindgen.typehandlers:try to lookup type handler for 'ns3::Ipv6Address' => success ((<class 'pybindgen.cppclass.CppClass.__init__.<locals>.ThisClassParameter'>, None, <pybindgen.typehandlers.ctypeparser.TypeTraits object at 0x7fca1d0eeef0>))
DEBUG:pybindgen.typehandlers:TypeMatcher.lookup('void')
DEBUG:pybindgen.typehandlers:try to lookup type handler for 'void' => success ((<class 'pybindgen.typehandlers.voidtype.VoidReturn'>, None, <pybindgen.typehandlers.ctypeparser.TypeTraits object at 0x7fca1d0e89e8>))
DEBUG:pybindgen.typehandlers:TypeMatcher.lookup('std::ostream &')
DEBUG:pybindgen.typehandlers:try to lookup type handler for 'std::ostream &' => failure
'std::ostream &' did not match
/home/imran/ns-allinone-3.36.1/ns-3.36.1/src/dsdv/bindings/modulegen__gcc_LP64.py:2214: Warning: exception TypeLookupError(['std::ostream &'],) in wrapper public: retval? ???::Print (params?) const;
  is_const=True)
DEBUG:pybindgen.typehandlers:TypeMatcher.lookup('void')
DEBUG:pybindgen.typehandlers:try to lookup type handler for 'void' => success ((<class 'pybindgen.typehandlers.voidtype.VoidReturn'>, None, <pybindgen.typehandlers.ctypeparser.TypeTraits object at 0x7fca1d13fb70>))
DEBUG:pybindgen.typehandlers:TypeMatcher.lookup('uint8_t')
DEBUG:pybindgen.typehandlers:try to lookup type handler for 'uint8_t' => success ((<class 'pybindgen.typehandlers.inttype.UInt8Param'>, None, <pybindgen.typehandlers.ctypeparser.TypeTraits object at 0x7fca1d13f9e8>))
DEBUG:pybindgen.typehandlers:TypeMatcher.lookup('ns3::LogComponent const &')
DEBUG:pybindgen.typehandlers:try to lookup type handler for 'ns3::LogComponent const &' => success ((<class 'pybindgen.cppclass.CppClass.__init__.<locals>.ThisClassRefParameter'>, None, <pybindgen.typehandlers.ctypeparser.TypeTraits object at 0x7fca1d0f6588>))
DEBUG:pybindgen.typehandlers:TypeMatcher.lookup('std::string const &')
DEBUG:pybindgen.typehandlers:try to lookup type handler for 'std::string const &' => success ((<class 'pybindgen.typehandlers.stringtype.StdStringRefParam'>, None, <pybindgen.typehandlers.ctypeparser.TypeTraits object at 0x7fca1d0f6978>))
DEBUG:pybindgen.typehandlers:TypeMatcher.lookup('std::string const &')
DEBUG:pybindgen.typehandlers:try to lookup type handler for 'std::string const &' => success ((<class 'pybindgen.typehandlers.stringtype.StdStringRefParam'>, None, <pybindgen.typehandlers.ctypeparser.TypeTraits object at 0x7fca1d0f6b38>))
DEBUG:pybindgen.typehandlers:TypeMatcher.lookup('ns3::LogLevel const')
DEBUG:pybindgen.typehandlers:try to lookup type handler for 'ns3::LogLevel const' => success ((<class 'pybindgen.enum.Enum.set_module.<locals>.ThisEnumParameter'>, None, <pybindgen.typehandlers.ctypeparser.TypeTraits object at 0x7fca1d0f6cc0>))
DEBUG:pybindgen.typehandlers:TypeMatcher.lookup('void')
DEBUG:pybindgen.typehandlers:try to lookup type handler for 'void' => success ((<class 'pybindgen.typehandlers.voidtype.VoidReturn'>, None, <pybindgen.typehandlers.ctypeparser.TypeTraits object at 0x7fca1d0f6f98>))
DEBUG:pybindgen.typehandlers:TypeMatcher.lookup('ns3::LogLevel const')
DEBUG:pybindgen.typehandlers:try to lookup type handler for 'ns3::LogLevel const' => success ((<class 'pybindgen.enum.Enum.set_module.<locals>.ThisEnumParameter'>, None, <pybindgen.typehandlers.ctypeparser.TypeTraits object at 0x7fca1d0fb128>))
DEBUG:pybindgen.typehandlers:TypeMatcher.lookup('void')
DEBUG:pybindgen.typehandlers:try to lookup type handler for 'void' => success ((<class 'pybindgen.typehandlers.voidtype.VoidReturn'>, None, <pybindgen.typehandlers.ctypeparser.TypeTraits object at 0x7fca1d0fb470>))
DEBUG:pybindgen.typehandlers:TypeMatcher.lookup('ns3::LogLevel const')
DEBUG:pybindgen.typehandlers:try to lookup type handler for 'ns3::LogLevel const' => success ((<class 'pybindgen.enum.Enum.set_module.<locals>.ThisEnumParameter'>, None, <pybindgen.typehandlers.ctypeparser.TypeTraits object at 0x7fca1d0fb5c0>))
DEBUG:pybindgen.typehandlers:TypeMatcher.lookup('std::string')
DEBUG:pybindgen.typehandlers:try to lookup type handler for 'std::string' => success ((<class 'pybindgen.typehandlers.stringtype.StdStringReturn'>, None, <pybindgen.typehandlers.ctypeparser.TypeTraits object at 0x7fca1d0fb908>))
DEBUG:pybindgen.typehandlers:TypeMatcher.lookup('ns3::LogComponent::ComponentList *')
DEBUG:pybindgen.typehandlers:try to lookup type handler for 'ns3::LogComponent::ComponentList *' => failure
'ns3::LogComponent::ComponentList *' did not match
/home/imran/ns-allinone-3.36.1/ns-3.36.1/src/dsdv/bindings/modulegen__gcc_LP64.py:2243: Warning: exception TypeLookupError(['ns3::LogComponent::ComponentList *'],) in wrapper public: retval? ???::GetComponentList (params?);
  is_static=True)
DEBUG:pybindgen.typehandlers:TypeMatcher.lookup('std::string')
DEBUG:pybindgen.typehandlers:try to lookup type handler for 'std::string' => success ((<class 'pybindgen.typehandlers.stringtype.StdStringReturn'>, None, <pybindgen.typehandlers.ctypeparser.TypeTraits object at 0x7fca1d0fbda0>))
DEBUG:pybindgen.typehandlers:TypeMatcher.lookup('ns3::LogLevel const')
DEBUG:pybindgen.typehandlers:try to lookup type handler for 'ns3::LogLevel const' => success ((<class 'pybindgen.enum.Enum.set_module.<locals>.ThisEnumParameter'>, None, <pybindgen.typehandlers.ctypeparser.TypeTraits object at 0x7fca1d0fbe80>))
DEBUG:pybindgen.typehandlers:TypeMatcher.lookup('bool')
DEBUG:pybindgen.typehandlers:try to lookup type handler for 'bool' => success ((<class 'pybindgen.typehandlers.booltype.BoolReturn'>, None, <pybindgen.typehandlers.ctypeparser.TypeTraits object at 0x7fca1d107208>))
DEBUG:pybindgen.typehandlers:TypeMatcher.lookup('ns3::LogLevel const')
DEBUG:pybindgen.typehandlers:try to lookup type handler for 'ns3::LogLevel const' => success ((<class 'pybindgen.enum.Enum.set_module.<locals>.ThisEnumParameter'>, None, <pybindgen.typehandlers.ctypeparser.TypeTraits object at 0x7fca1d107358>))
DEBUG:pybindgen.typehandlers:TypeMatcher.lookup('bool')
DEBUG:pybindgen.typehandlers:try to lookup type handler for 'bool' => success ((<class 'pybindgen.typehandlers.booltype.BoolReturn'>, None, <pybindgen.typehandlers.ctypeparser.TypeTraits object at 0x7fca1d0e8940>))
DEBUG:pybindgen.typehandlers:TypeMatcher.lookup('char const *')
DEBUG:pybindgen.typehandlers:try to lookup type handler for 'char const *' => success ((<class 'pybindgen.typehandlers.stringtype.CStringReturn'>, None, <pybindgen.typehandlers.ctypeparser.TypeTraits object at 0x7fca1d107748>))
DEBUG:pybindgen.typehandlers:TypeMatcher.lookup('void')
DEBUG:pybindgen.typehandlers:try to lookup type handler for 'void' => success ((<class 'pybindgen.typehandlers.voidtype.VoidReturn'>, None, <pybindgen.typehandlers.ctypeparser.TypeTraits object at 0x7fca1d107b38>))
DEBUG:pybindgen.typehandlers:TypeMatcher.lookup('ns3::LogLevel const')
DEBUG:pybindgen.typehandlers:try to lookup type handler for 'ns3::LogLevel const' => success ((<class 'pybindgen.enum.Enum.set_module.<locals>.ThisEnumParameter'>, None, <pybindgen.typehandlers.ctypeparser.TypeTraits object at 0x7fca1d107cf8>))
DEBUG:pybindgen.typehandlers:TypeMatcher.lookup('ns3::Mac48Address const &')
DEBUG:pybindgen.typehandlers:try to lookup type handler for 'ns3::Mac48Address const &' => success ((<class 'pybindgen.cppclass.CppClass.__init__.<locals>.ThisClassRefParameter'>, None, <pybindgen.typehandlers.ctypeparser.TypeTraits object at 0x7fca1d10d0b8>))
DEBUG:pybindgen.typehandlers:TypeMatcher.lookup('char const *')
DEBUG:pybindgen.typehandlers:try to lookup type handler for 'char const *' => success ((<class 'pybindgen.typehandlers.stringtype.CStringParam'>, None, <pybindgen.typehandlers.ctypeparser.TypeTraits object at 0x7fca1d10d710>))
DEBUG:pybindgen.typehandlers:TypeMatcher.lookup('ns3::Mac48Address')
DEBUG:pybindgen.typehandlers:try to lookup type handler for 'ns3::Mac48Address' => success ((<class 'pybindgen.cppclass.CppClass.__init__.<locals>.ThisClassReturn'>, None, <pybindgen.typehandlers.ctypeparser.TypeTraits object at 0x7fca1d10db00>))
DEBUG:pybindgen.typehandlers:TypeMatcher.lookup('ns3::Mac48Address')
DEBUG:pybindgen.typehandlers:try to lookup type handler for 'ns3::Mac48Address' => success ((<class 'pybindgen.cppclass.CppClass.__init__.<locals>.ThisClassReturn'>, None, <pybindgen.typehandlers.ctypeparser.TypeTraits object at 0x7fca1d10de80>))
DEBUG:pybindgen.typehandlers:TypeMatcher.lookup('ns3::Address const &')
DEBUG:pybindgen.typehandlers:try to lookup type handler for 'ns3::Address const &' => success ((<class 'pybindgen.cppclass.CppClass.__init__.<locals>.ThisClassRefParameter'>, None, <pybindgen.typehandlers.ctypeparser.TypeTraits object at 0x7fca1d10df98>))
DEBUG:pybindgen.typehandlers:TypeMatcher.lookup('void')
DEBUG:pybindgen.typehandlers:try to lookup type handler for 'void' => success ((<class 'pybindgen.typehandlers.voidtype.VoidReturn'>, None, <pybindgen.typehandlers.ctypeparser.TypeTraits object at 0x7fca1d1143c8>))
DEBUG:pybindgen.typehandlers:TypeMatcher.lookup('uint8_t const *')
DEBUG:pybindgen.typehandlers:try to lookup type handler for 'uint8_t const *' => success ((<class 'pybindgen.typehandlers.inttype.UInt8PtrParam'>, None, <pybindgen.typehandlers.ctypeparser.TypeTraits object at 0x7fca1d114518>))
/home/imran/ns-allinone-3.36.1/ns-3.36.1/src/dsdv/bindings/modulegen__gcc_LP64.py:2294: Warning: exception TypeConfigurationError('direction not given',) in wrapper public: retval? ???::CopyFrom (params?);
  [param('uint8_t const *', 'buffer')])
DEBUG:pybindgen.typehandlers:TypeMatcher.lookup('void')
DEBUG:pybindgen.typehandlers:try to lookup type handler for 'void' => success ((<class 'pybindgen.typehandlers.voidtype.VoidReturn'>, None, <pybindgen.typehandlers.ctypeparser.TypeTraits object at 0x7fca1d114668>))
DEBUG:pybindgen.typehandlers:TypeMatcher.lookup('uint8_t *')
DEBUG:pybindgen.typehandlers:try to lookup type handler for 'uint8_t *' => success ((<class 'pybindgen.typehandlers.inttype.UInt8PtrParam'>, None, <pybindgen.typehandlers.ctypeparser.TypeTraits object at 0x7fca1d114828>))
/home/imran/ns-allinone-3.36.1/ns-3.36.1/src/dsdv/bindings/modulegen__gcc_LP64.py:2299: Warning: exception TypeConfigurationError('direction not given',) in wrapper public: retval? ???::CopyTo (params?) const;
  is_const=True)
DEBUG:pybindgen.typehandlers:TypeMatcher.lookup('ns3::Mac48Address')
DEBUG:pybindgen.typehandlers:try to lookup type handler for 'ns3::Mac48Address' => success ((<class 'pybindgen.cppclass.CppClass.__init__.<locals>.ThisClassReturn'>, None, <pybindgen.typehandlers.ctypeparser.TypeTraits object at 0x7fca1d114908>))
DEBUG:pybindgen.typehandlers:TypeMatcher.lookup('ns3::Mac48Address')
DEBUG:pybindgen.typehandlers:try to lookup type handler for 'ns3::Mac48Address' => success ((<class 'pybindgen.cppclass.CppClass.__init__.<locals>.ThisClassReturn'>, None, <pybindgen.typehandlers.ctypeparser.TypeTraits object at 0x7fca1d114860>))
DEBUG:pybindgen.typehandlers:TypeMatcher.lookup('ns3::Ipv4Address')
DEBUG:pybindgen.typehandlers:try to lookup type handler for 'ns3::Ipv4Address' => success ((<class 'pybindgen.cppclass.CppClass.__init__.<locals>.ThisClassParameter'>, None, <pybindgen.typehandlers.ctypeparser.TypeTraits object at 0x7fca1d1147b8>))
DEBUG:pybindgen.typehandlers:TypeMatcher.lookup('ns3::Mac48Address')
DEBUG:pybindgen.typehandlers:try to lookup type handler for 'ns3::Mac48Address' => success ((<class 'pybindgen.cppclass.CppClass.__init__.<locals>.ThisClassReturn'>, None, <pybindgen.typehandlers.ctypeparser.TypeTraits object at 0x7fca1d114438>))
DEBUG:pybindgen.typehandlers:TypeMatcher.lookup('ns3::Ipv6Address')
DEBUG:pybindgen.typehandlers:try to lookup type handler for 'ns3::Ipv6Address' => success ((<class 'pybindgen.cppclass.CppClass.__init__.<locals>.ThisClassParameter'>, None, <pybindgen.typehandlers.ctypeparser.TypeTraits object at 0x7fca1d114cc0>))
DEBUG:pybindgen.typehandlers:TypeMatcher.lookup('ns3::Mac48Address')
DEBUG:pybindgen.typehandlers:try to lookup type handler for 'ns3::Mac48Address' => success ((<class 'pybindgen.cppclass.CppClass.__init__.<locals>.ThisClassReturn'>, None, <pybindgen.typehandlers.ctypeparser.TypeTraits object at 0x7fca1d114fd0>))
DEBUG:pybindgen.typehandlers:TypeMatcher.lookup('ns3::Mac48Address')
DEBUG:pybindgen.typehandlers:try to lookup type handler for 'ns3::Mac48Address' => success ((<class 'pybindgen.cppclass.CppClass.__init__.<locals>.ThisClassReturn'>, None, <pybindgen.typehandlers.ctypeparser.TypeTraits object at 0x7fca1d11b390>))
DEBUG:pybindgen.typehandlers:TypeMatcher.lookup('bool')
DEBUG:pybindgen.typehandlers:try to lookup type handler for 'bool' => success ((<class 'pybindgen.typehandlers.booltype.BoolReturn'>, None, <pybindgen.typehandlers.ctypeparser.TypeTraits object at 0x7fca1d11b710>))
DEBUG:pybindgen.typehandlers:TypeMatcher.lookup('bool')
DEBUG:pybindgen.typehandlers:try to lookup type handler for 'bool' => success ((<class 'pybindgen.typehandlers.booltype.BoolReturn'>, None, <pybindgen.typehandlers.ctypeparser.TypeTraits object at 0x7fca1d11bac8>))
DEBUG:pybindgen.typehandlers:TypeMatcher.lookup('bool')
DEBUG:pybindgen.typehandlers:try to lookup type handler for 'bool' => success ((<class 'pybindgen.typehandlers.booltype.BoolReturn'>, None, <pybindgen.typehandlers.ctypeparser.TypeTraits object at 0x7fca1d11be80>))
DEBUG:pybindgen.typehandlers:TypeMatcher.lookup('ns3::Address const &')
DEBUG:pybindgen.typehandlers:try to lookup type handler for 'ns3::Address const &' => success ((<class 'pybindgen.cppclass.CppClass.__init__.<locals>.ThisClassRefParameter'>, None, <pybindgen.typehandlers.ctypeparser.TypeTraits object at 0x7fca1d11bfd0>))
DEBUG:pybindgen.typehandlers:TypeMatcher.lookup('ns3::Mac8Address const &')
DEBUG:pybindgen.typehandlers:try to lookup type handler for 'ns3::Mac8Address const &' => success ((<class 'pybindgen.cppclass.CppClass.__init__.<locals>.ThisClassRefParameter'>, None, <pybindgen.typehandlers.ctypeparser.TypeTraits object at 0x7fca1d0a3438>))
DEBUG:pybindgen.typehandlers:TypeMatcher.lookup('uint8_t')
DEBUG:pybindgen.typehandlers:try to lookup type handler for 'uint8_t' => success ((<class 'pybindgen.typehandlers.inttype.UInt8Param'>, None, <pybindgen.typehandlers.ctypeparser.TypeTraits object at 0x7fca1d0a3a90>))
DEBUG:pybindgen.typehandlers:TypeMatcher.lookup('ns3::Mac8Address')
DEBUG:pybindgen.typehandlers:try to lookup type handler for 'ns3::Mac8Address' => success ((<class 'pybindgen.cppclass.CppClass.__init__.<locals>.ThisClassReturn'>, None, <pybindgen.typehandlers.ctypeparser.TypeTraits object at 0x7fca1d0a3dd8>))
DEBUG:pybindgen.typehandlers:TypeMatcher.lookup('ns3::Mac8Address')
DEBUG:pybindgen.typehandlers:try to lookup type handler for 'ns3::Mac8Address' => success ((<class 'pybindgen.cppclass.CppClass.__init__.<locals>.ThisClassReturn'>, None, <pybindgen.typehandlers.ctypeparser.TypeTraits object at 0x7fca1d0aa198>))
DEBUG:pybindgen.typehandlers:TypeMatcher.lookup('ns3::Address const &')
DEBUG:pybindgen.typehandlers:try to lookup type handler for 'ns3::Address const &' => success ((<class 'pybindgen.cppclass.CppClass.__init__.<locals>.ThisClassRefParameter'>, None, <pybindgen.typehandlers.ctypeparser.TypeTraits object at 0x7fca1d0aa2b0>))
DEBUG:pybindgen.typehandlers:TypeMatcher.lookup('void')
DEBUG:pybindgen.typehandlers:try to lookup type handler for 'void' => success ((<class 'pybindgen.typehandlers.voidtype.VoidReturn'>, None, <pybindgen.typehandlers.ctypeparser.TypeTraits object at 0x7fca1d0aa6a0>))
DEBUG:pybindgen.typehandlers:TypeMatcher.lookup('uint8_t const *')
DEBUG:pybindgen.typehandlers:try to lookup type handler for 'uint8_t const *' => success ((<class 'pybindgen.typehandlers.inttype.UInt8PtrParam'>, None, <pybindgen.typehandlers.ctypeparser.TypeTraits object at 0x7fca1d0aa7f0>))
/home/imran/ns-allinone-3.36.1/ns-3.36.1/src/dsdv/bindings/modulegen__gcc_LP64.py:2366: Warning: exception TypeConfigurationError('direction not given',) in wrapper public: retval? ???::CopyFrom (params?);
  [param('uint8_t const *', 'pBuffer')])
DEBUG:pybindgen.typehandlers:TypeMatcher.lookup('void')
DEBUG:pybindgen.typehandlers:try to lookup type handler for 'void' => success ((<class 'pybindgen.typehandlers.voidtype.VoidReturn'>, None, <pybindgen.typehandlers.ctypeparser.TypeTraits object at 0x7fca1d0aa940>))
DEBUG:pybindgen.typehandlers:TypeMatcher.lookup('uint8_t *')
DEBUG:pybindgen.typehandlers:try to lookup type handler for 'uint8_t *' => success ((<class 'pybindgen.typehandlers.inttype.UInt8PtrParam'>, None, <pybindgen.typehandlers.ctypeparser.TypeTraits object at 0x7fca1d0aab00>))
/home/imran/ns-allinone-3.36.1/ns-3.36.1/src/dsdv/bindings/modulegen__gcc_LP64.py:2371: Warning: exception TypeConfigurationError('direction not given',) in wrapper public: retval? ???::CopyTo (params?) const;
  is_const=True)
DEBUG:pybindgen.typehandlers:TypeMatcher.lookup('ns3::Mac8Address')
DEBUG:pybindgen.typehandlers:try to lookup type handler for 'ns3::Mac8Address' => success ((<class 'pybindgen.cppclass.CppClass.__init__.<locals>.ThisClassReturn'>, None, <pybindgen.typehandlers.ctypeparser.TypeTraits object at 0x7fca1d0aabe0>))
DEBUG:pybindgen.typehandlers:TypeMatcher.lookup('bool')
DEBUG:pybindgen.typehandlers:try to lookup type handler for 'bool' => success ((<class 'pybindgen.typehandlers.booltype.BoolReturn'>, None, <pybindgen.typehandlers.ctypeparser.TypeTraits object at 0x7fca1d0aafd0>))
DEBUG:pybindgen.typehandlers:TypeMatcher.lookup('ns3::Address const &')
DEBUG:pybindgen.typehandlers:try to lookup type handler for 'ns3::Address const &' => success ((<class 'pybindgen.cppclass.CppClass.__init__.<locals>.ThisClassRefParameter'>, None, <pybindgen.typehandlers.ctypeparser.TypeTraits object at 0x7fca1d0b2160>))
DEBUG:pybindgen.typehandlers:TypeMatcher.lookup('ns3::NodeContainer const &')
DEBUG:pybindgen.typehandlers:try to lookup type handler for 'ns3::NodeContainer const &' => success ((<class 'pybindgen.cppclass.CppClass.__init__.<locals>.ThisClassRefParameter'>, None, <pybindgen.typehandlers.ctypeparser.TypeTraits object at 0x7fca1d0b2588>))
DEBUG:pybindgen.typehandlers:TypeMatcher.lookup('ns3::Ptr< ns3::Node >')
DEBUG:pybindgen.typehandlers:try to lookup type handler for 'ns3::Ptr< ns3::Node >' => failure
DEBUG:pybindgen.typehandlers:try to lookup type handler for 'ns3::Node *' => success ((<class 'pybindgen.cppclass.MemoryPolicy.register_ptr_parameter_and_return.<locals>.ThisClassPtrParameter'>, <ns3modulegen_core_customizations.SmartPointerTransformation object at 0x7fca1d6d7048>, <pybindgen.typehandlers.ctypeparser.TypeTraits object at 0x7fca1d0b2e10>))
DEBUG:pybindgen.typehandlers:TypeMatcher.lookup('std::string')
DEBUG:pybindgen.typehandlers:try to lookup type handler for 'std::string' => success ((<class 'pybindgen.typehandlers.stringtype.StdStringParam'>, None, <pybindgen.typehandlers.ctypeparser.TypeTraits object at 0x7fca1d0b9080>))
DEBUG:pybindgen.typehandlers:TypeMatcher.lookup('uint32_t')
DEBUG:pybindgen.typehandlers:try to lookup type handler for 'uint32_t' => success ((<class 'pybindgen.typehandlers.inttype.UnsignedIntParam'>, None, <pybindgen.typehandlers.ctypeparser.TypeTraits object at 0x7fca1d0b93c8>))
DEBUG:pybindgen.typehandlers:TypeMatcher.lookup('uint32_t')
DEBUG:pybindgen.typehandlers:try to lookup type handler for 'uint32_t' => success ((<class 'pybindgen.typehandlers.inttype.UnsignedIntParam'>, None, <pybindgen.typehandlers.ctypeparser.TypeTraits object at 0x7fca1d0b9470>))
DEBUG:pybindgen.typehandlers:TypeMatcher.lookup('ns3::NodeContainer const &')
DEBUG:pybindgen.typehandlers:try to lookup type handler for 'ns3::NodeContainer const &' => success ((<class 'pybindgen.cppclass.CppClass.__init__.<locals>.ThisClassRefParameter'>, None, <pybindgen.typehandlers.ctypeparser.TypeTraits object at 0x7fca1d0aab38>))
DEBUG:pybindgen.typehandlers:TypeMatcher.lookup('ns3::NodeContainer const &')
DEBUG:pybindgen.typehandlers:try to lookup type handler for 'ns3::NodeContainer const &' => success ((<class 'pybindgen.cppclass.CppClass.__init__.<locals>.ThisClassRefParameter'>, None, <pybindgen.typehandlers.ctypeparser.TypeTraits object at 0x7fca1d0aa9e8>))
DEBUG:pybindgen.typehandlers:TypeMatcher.lookup('ns3::NodeContainer const &')
DEBUG:pybindgen.typehandlers:try to lookup type handler for 'ns3::NodeContainer const &' => success ((<class 'pybindgen.cppclass.CppClass.__init__.<locals>.ThisClassRefParameter'>, None, <pybindgen.typehandlers.ctypeparser.TypeTraits object at 0x7fca1d0b97b8>))
DEBUG:pybindgen.typehandlers:TypeMatcher.lookup('ns3::NodeContainer const &')
DEBUG:pybindgen.typehandlers:try to lookup type handler for 'ns3::NodeContainer const &' => success ((<class 'pybindgen.cppclass.CppClass.__init__.<locals>.ThisClassRefParameter'>, None, <pybindgen.typehandlers.ctypeparser.TypeTraits object at 0x7fca1d0b9978>))
DEBUG:pybindgen.typehandlers:TypeMatcher.lookup('ns3::NodeContainer const &')
DEBUG:pybindgen.typehandlers:try to lookup type handler for 'ns3::NodeContainer const &' => success ((<class 'pybindgen.cppclass.CppClass.__init__.<locals>.ThisClassRefParameter'>, None, <pybindgen.typehandlers.ctypeparser.TypeTraits object at 0x7fca1d0b9b00>))
DEBUG:pybindgen.typehandlers:TypeMatcher.lookup('ns3::NodeContainer const &')
DEBUG:pybindgen.typehandlers:try to lookup type handler for 'ns3::NodeContainer const &' => success ((<class 'pybindgen.cppclass.CppClass.__init__.<locals>.ThisClassRefParameter'>, None, <pybindgen.typehandlers.ctypeparser.TypeTraits object at 0x7fca1d0b9eb8>))
DEBUG:pybindgen.typehandlers:TypeMatcher.lookup('ns3::NodeContainer const &')
DEBUG:pybindgen.typehandlers:try to lookup type handler for 'ns3::NodeContainer const &' => success ((<class 'pybindgen.cppclass.CppClass.__init__.<locals>.ThisClassRefParameter'>, None, <pybindgen.typehandlers.ctypeparser.TypeTraits object at 0x7fca1d0c00b8>))
DEBUG:pybindgen.typehandlers:TypeMatcher.lookup('ns3::NodeContainer const &')
DEBUG:pybindgen.typehandlers:try to lookup type handler for 'ns3::NodeContainer const &' => success ((<class 'pybindgen.cppclass.CppClass.__init__.<locals>.ThisClassRefParameter'>, None, <pybindgen.typehandlers.ctypeparser.TypeTraits object at 0x7fca1d0c0240>))
DEBUG:pybindgen.typehandlers:TypeMatcher.lookup('ns3::NodeContainer const &')
DEBUG:pybindgen.typehandlers:try to lookup type handler for 'ns3::NodeContainer const &' => success ((<class 'pybindgen.cppclass.CppClass.__init__.<locals>.ThisClassRefParameter'>, None, <pybindgen.typehandlers.ctypeparser.TypeTraits object at 0x7fca1d0c03c8>))
DEBUG:pybindgen.typehandlers:TypeMatcher.lookup('ns3::NodeContainer const &')
DEBUG:pybindgen.typehandlers:try to lookup type handler for 'ns3::NodeContainer const &' => success ((<class 'pybindgen.cppclass.CppClass.__init__.<locals>.ThisClassRefParameter'>, None, <pybindgen.typehandlers.ctypeparser.TypeTraits object at 0x7fca1d0c0780>))
DEBUG:pybindgen.typehandlers:TypeMatcher.lookup('ns3::NodeContainer const &')
DEBUG:pybindgen.typehandlers:try to lookup type handler for 'ns3::NodeContainer const &' => success ((<class 'pybindgen.cppclass.CppClass.__init__.<locals>.ThisClassRefParameter'>, None, <pybindgen.typehandlers.ctypeparser.TypeTraits object at 0x7fca1d0c0940>))
DEBUG:pybindgen.typehandlers:TypeMatcher.lookup('ns3::NodeContainer const &')
DEBUG:pybindgen.typehandlers:try to lookup type handler for 'ns3::NodeContainer const &' => success ((<class 'pybindgen.cppclass.CppClass.__init__.<locals>.ThisClassRefParameter'>, None, <pybindgen.typehandlers.ctypeparser.TypeTraits object at 0x7fca1d0c0ac8>))
DEBUG:pybindgen.typehandlers:TypeMatcher.lookup('ns3::NodeContainer const &')
DEBUG:pybindgen.typehandlers:try to lookup type handler for 'ns3::NodeContainer const &' => success ((<class 'pybindgen.cppclass.CppClass.__init__.<locals>.ThisClassRefParameter'>, None, <pybindgen.typehandlers.ctypeparser.TypeTraits object at 0x7fca1d0c0c50>))
DEBUG:pybindgen.typehandlers:TypeMatcher.lookup('ns3::NodeContainer const &')
DEBUG:pybindgen.typehandlers:try to lookup type handler for 'ns3::NodeContainer const &' => success ((<class 'pybindgen.cppclass.CppClass.__init__.<locals>.ThisClassRefParameter'>, None, <pybindgen.typehandlers.ctypeparser.TypeTraits object at 0x7fca1d0c0dd8>))
DEBUG:pybindgen.typehandlers:TypeMatcher.lookup('void')
DEBUG:pybindgen.typehandlers:try to lookup type handler for 'void' => success ((<class 'pybindgen.typehandlers.voidtype.VoidReturn'>, None, <pybindgen.typehandlers.ctypeparser.TypeTraits object at 0x7fca1d0c3198>))
DEBUG:pybindgen.typehandlers:TypeMatcher.lookup('ns3::NodeContainer')
DEBUG:pybindgen.typehandlers:try to lookup type handler for 'ns3::NodeContainer' => success ((<class 'pybindgen.cppclass.CppClass.__init__.<locals>.ThisClassParameter'>, None, <pybindgen.typehandlers.ctypeparser.TypeTraits object at 0x7fca1d0c32e8>))
DEBUG:pybindgen.typehandlers:TypeMatcher.lookup('void')
DEBUG:pybindgen.typehandlers:try to lookup type handler for 'void' => success ((<class 'pybindgen.typehandlers.voidtype.VoidReturn'>, None, <pybindgen.typehandlers.ctypeparser.TypeTraits object at 0x7fca1d0c3630>))
DEBUG:pybindgen.typehandlers:TypeMatcher.lookup('ns3::Ptr< ns3::Node >')
DEBUG:pybindgen.typehandlers:try to lookup type handler for 'ns3::Ptr< ns3::Node >' => failure
DEBUG:pybindgen.typehandlers:try to lookup type handler for 'ns3::Node *' => success ((<class 'pybindgen.cppclass.MemoryPolicy.register_ptr_parameter_and_return.<locals>.ThisClassPtrParameter'>, <ns3modulegen_core_customizations.SmartPointerTransformation object at 0x7fca1d6d7048>, <pybindgen.typehandlers.ctypeparser.TypeTraits object at 0x7fca1d0c39b0>))
DEBUG:pybindgen.typehandlers:TypeMatcher.lookup('void')
DEBUG:pybindgen.typehandlers:try to lookup type handler for 'void' => success ((<class 'pybindgen.typehandlers.voidtype.VoidReturn'>, None, <pybindgen.typehandlers.ctypeparser.TypeTraits object at 0x7fca1d0c3ba8>))
DEBUG:pybindgen.typehandlers:TypeMatcher.lookup('std::string')
DEBUG:pybindgen.typehandlers:try to lookup type handler for 'std::string' => success ((<class 'pybindgen.typehandlers.stringtype.StdStringParam'>, None, <pybindgen.typehandlers.ctypeparser.TypeTraits object at 0x7fca1d0c3cf8>))
DEBUG:pybindgen.typehandlers:TypeMatcher.lookup('ns3::NodeContainer::Iterator')
DEBUG:pybindgen.typehandlers:try to lookup type handler for 'ns3::NodeContainer::Iterator' => failure
'ns3::NodeContainer::Iterator' did not match
/home/imran/ns-allinone-3.36.1/ns-3.36.1/src/dsdv/bindings/modulegen__gcc_LP64.py:2419: Warning: exception TypeLookupError(['ns3::NodeContainer::Iterator'],) in wrapper public: retval? ???::Begin (params?) const;
  is_const=True)
DEBUG:pybindgen.typehandlers:TypeMatcher.lookup('bool')
DEBUG:pybindgen.typehandlers:try to lookup type handler for 'bool' => success ((<class 'pybindgen.typehandlers.booltype.BoolReturn'>, None, <pybindgen.typehandlers.ctypeparser.TypeTraits object at 0x7fca1d0ce128>))
DEBUG:pybindgen.typehandlers:TypeMatcher.lookup('uint32_t')
DEBUG:pybindgen.typehandlers:try to lookup type handler for 'uint32_t' => success ((<class 'pybindgen.typehandlers.inttype.UnsignedIntParam'>, None, <pybindgen.typehandlers.ctypeparser.TypeTraits object at 0x7fca1d0ce240>))
DEBUG:pybindgen.typehandlers:TypeMatcher.lookup('void')
DEBUG:pybindgen.typehandlers:try to lookup type handler for 'void' => success ((<class 'pybindgen.typehandlers.voidtype.VoidReturn'>, None, <pybindgen.typehandlers.ctypeparser.TypeTraits object at 0x7fca1d0ce588>))
DEBUG:pybindgen.typehandlers:TypeMatcher.lookup('uint32_t')
DEBUG:pybindgen.typehandlers:try to lookup type handler for 'uint32_t' => success ((<class 'pybindgen.typehandlers.inttype.UnsignedIntParam'>, None, <pybindgen.typehandlers.ctypeparser.TypeTraits object at 0x7fca1d0ce6d8>))
DEBUG:pybindgen.typehandlers:TypeMatcher.lookup('void')
DEBUG:pybindgen.typehandlers:try to lookup type handler for 'void' => success ((<class 'pybindgen.typehandlers.voidtype.VoidReturn'>, None, <pybindgen.typehandlers.ctypeparser.TypeTraits object at 0x7fca1d0cea20>))
DEBUG:pybindgen.typehandlers:TypeMatcher.lookup('uint32_t')
DEBUG:pybindgen.typehandlers:try to lookup type handler for 'uint32_t' => success ((<class 'pybindgen.typehandlers.inttype.UnsignedIntParam'>, None, <pybindgen.typehandlers.ctypeparser.TypeTraits object at 0x7fca1d0ceb70>))
DEBUG:pybindgen.typehandlers:TypeMatcher.lookup('uint32_t')
DEBUG:pybindgen.typehandlers:try to lookup type handler for 'uint32_t' => success ((<class 'pybindgen.typehandlers.inttype.UnsignedIntParam'>, None, <pybindgen.typehandlers.ctypeparser.TypeTraits object at 0x7fca1d0cec18>))
DEBUG:pybindgen.typehandlers:TypeMatcher.lookup('ns3::NodeContainer::Iterator')
DEBUG:pybindgen.typehandlers:try to lookup type handler for 'ns3::NodeContainer::Iterator' => failure
'ns3::NodeContainer::Iterator' did not match
/home/imran/ns-allinone-3.36.1/ns-3.36.1/src/dsdv/bindings/modulegen__gcc_LP64.py:2437: Warning: exception TypeLookupError(['ns3::NodeContainer::Iterator'],) in wrapper public: retval? ???::End (params?) const;
  is_const=True)
DEBUG:pybindgen.typehandlers:TypeMatcher.lookup('ns3::Ptr< ns3::Node >')
DEBUG:pybindgen.typehandlers:try to lookup type handler for 'ns3::Ptr< ns3::Node >' => failure
DEBUG:pybindgen.typehandlers:try to lookup type handler for 'ns3::Node *' => success ((<class 'pybindgen.cppclass.MemoryPolicy.register_ptr_parameter_and_return.<locals>.ThisClassPtrReturn'>, <ns3modulegen_core_customizations.SmartPointerTransformation object at 0x7fca1d6d7048>, <pybindgen.typehandlers.ctypeparser.TypeTraits object at 0x7fca1d0d7278>))
DEBUG:pybindgen.typehandlers:TypeMatcher.lookup('uint32_t')
DEBUG:pybindgen.typehandlers:try to lookup type handler for 'uint32_t' => success ((<class 'pybindgen.typehandlers.inttype.UnsignedIntParam'>, None, <pybindgen.typehandlers.ctypeparser.TypeTraits object at 0x7fca1d0d71d0>))
DEBUG:pybindgen.typehandlers:TypeMatcher.lookup('ns3::NodeContainer')
DEBUG:pybindgen.typehandlers:try to lookup type handler for 'ns3::NodeContainer' => success ((<class 'pybindgen.cppclass.CppClass.__init__.<locals>.ThisClassReturn'>, None, <pybindgen.typehandlers.ctypeparser.TypeTraits object at 0x7fca1d0d75c0>))
DEBUG:pybindgen.typehandlers:TypeMatcher.lookup('uint32_t')
DEBUG:pybindgen.typehandlers:try to lookup type handler for 'uint32_t' => success ((<class 'pybindgen.typehandlers.inttype.UnsignedIntReturn'>, None, <pybindgen.typehandlers.ctypeparser.TypeTraits object at 0x7fca1d0d7940>))
DEBUG:pybindgen.typehandlers:TypeMatcher.lookup('ns3::ObjectBase const &')
DEBUG:pybindgen.typehandlers:try to lookup type handler for 'ns3::ObjectBase const &' => success ((<class 'pybindgen.cppclass.CppClass.__init__.<locals>.ThisClassRefParameter'>, None, <pybindgen.typehandlers.ctypeparser.TypeTraits object at 0x7fca1d0d7f60>))
DEBUG:pybindgen.typehandlers:TypeMatcher.lookup('void')
DEBUG:pybindgen.typehandlers:try to lookup type handler for 'void' => success ((<class 'pybindgen.typehandlers.voidtype.VoidReturn'>, None, <pybindgen.typehandlers.ctypeparser.TypeTraits object at 0x7fca1d0dd358>))
DEBUG:pybindgen.typehandlers:TypeMatcher.lookup('std::string')
DEBUG:pybindgen.typehandlers:try to lookup type handler for 'std::string' => success ((<class 'pybindgen.typehandlers.stringtype.StdStringParam'>, None, <pybindgen.typehandlers.ctypeparser.TypeTraits object at 0x7fca1d0dd4a8>))
DEBUG:pybindgen.typehandlers:TypeMatcher.lookup('ns3::AttributeValue &')
DEBUG:pybindgen.typehandlers:try to lookup type handler for 'ns3::AttributeValue &' => success ((<class 'pybindgen.cppclass.CppClass.__init__.<locals>.ThisClassRefParameter'>, None, <pybindgen.typehandlers.ctypeparser.TypeTraits object at 0x7fca1d0cefd0>))
DEBUG:pybindgen.typehandlers:TypeMatcher.lookup('bool')
DEBUG:pybindgen.typehandlers:try to lookup type handler for 'bool' => success ((<class 'pybindgen.typehandlers.booltype.BoolReturn'>, None, <pybindgen.typehandlers.ctypeparser.TypeTraits object at 0x7fca1d0dd860>))
DEBUG:pybindgen.typehandlers:TypeMatcher.lookup('std::string')
DEBUG:pybindgen.typehandlers:try to lookup type handler for 'std::string' => success ((<class 'pybindgen.typehandlers.stringtype.StdStringParam'>, None, <pybindgen.typehandlers.ctypeparser.TypeTraits object at 0x7fca1d0dd9b0>))
DEBUG:pybindgen.typehandlers:TypeMatcher.lookup('ns3::AttributeValue &')
DEBUG:pybindgen.typehandlers:try to lookup type handler for 'ns3::AttributeValue &' => success ((<class 'pybindgen.cppclass.CppClass.__init__.<locals>.ThisClassRefParameter'>, None, <pybindgen.typehandlers.ctypeparser.TypeTraits object at 0x7fca1d0dda58>))
DEBUG:pybindgen.typehandlers:TypeMatcher.lookup('ns3::TypeId')
DEBUG:pybindgen.typehandlers:try to lookup type handler for 'ns3::TypeId' => success ((<class 'pybindgen.cppclass.CppClass.__init__.<locals>.ThisClassReturn'>, None, <pybindgen.typehandlers.ctypeparser.TypeTraits object at 0x7fca1d0dde10>))
DEBUG:pybindgen.typehandlers:TypeMatcher.lookup('ns3::TypeId')
DEBUG:pybindgen.typehandlers:try to lookup type handler for 'ns3::TypeId' => success ((<class 'pybindgen.cppclass.CppClass.__init__.<locals>.ThisClassReturn'>, None, <pybindgen.typehandlers.ctypeparser.TypeTraits object at 0x7fca1d065400>))
DEBUG:pybindgen.typehandlers:TypeMatcher.lookup('void')
DEBUG:pybindgen.typehandlers:try to lookup type handler for 'void' => success ((<class 'pybindgen.typehandlers.voidtype.VoidReturn'>, None, <pybindgen.typehandlers.ctypeparser.TypeTraits object at 0x7fca1d065780>))
DEBUG:pybindgen.typehandlers:TypeMatcher.lookup('std::string')
DEBUG:pybindgen.typehandlers:try to lookup type handler for 'std::string' => success ((<class 'pybindgen.typehandlers.stringtype.StdStringParam'>, None, <pybindgen.typehandlers.ctypeparser.TypeTraits object at 0x7fca1d0658d0>))
DEBUG:pybindgen.typehandlers:TypeMatcher.lookup('ns3::AttributeValue const &')
DEBUG:pybindgen.typehandlers:try to lookup type handler for 'ns3::AttributeValue const &' => success ((<class 'pybindgen.cppclass.CppClass.__init__.<locals>.ThisClassRefParameter'>, None, <pybindgen.typehandlers.ctypeparser.TypeTraits object at 0x7fca1d065978>))
DEBUG:pybindgen.typehandlers:TypeMatcher.lookup('bool')
DEBUG:pybindgen.typehandlers:try to lookup type handler for 'bool' => success ((<class 'pybindgen.typehandlers.booltype.BoolReturn'>, None, <pybindgen.typehandlers.ctypeparser.TypeTraits object at 0x7fca1d065da0>))
DEBUG:pybindgen.typehandlers:TypeMatcher.lookup('std::string')
DEBUG:pybindgen.typehandlers:try to lookup type handler for 'std::string' => success ((<class 'pybindgen.typehandlers.stringtype.StdStringParam'>, None, <pybindgen.typehandlers.ctypeparser.TypeTraits object at 0x7fca1d065ef0>))
DEBUG:pybindgen.typehandlers:TypeMatcher.lookup('ns3::AttributeValue const &')
DEBUG:pybindgen.typehandlers:try to lookup type handler for 'ns3::AttributeValue const &' => success ((<class 'pybindgen.cppclass.CppClass.__init__.<locals>.ThisClassRefParameter'>, None, <pybindgen.typehandlers.ctypeparser.TypeTraits object at 0x7fca1d065f98>))
DEBUG:pybindgen.typehandlers:TypeMatcher.lookup('bool')
DEBUG:pybindgen.typehandlers:try to lookup type handler for 'bool' => success ((<class 'pybindgen.typehandlers.booltype.BoolReturn'>, None, <pybindgen.typehandlers.ctypeparser.TypeTraits object at 0x7fca1d06c400>))
DEBUG:pybindgen.typehandlers:TypeMatcher.lookup('std::string')
DEBUG:pybindgen.typehandlers:try to lookup type handler for 'std::string' => success ((<class 'pybindgen.typehandlers.stringtype.StdStringParam'>, None, <pybindgen.typehandlers.ctypeparser.TypeTraits object at 0x7fca1d06c550>))
DEBUG:pybindgen.typehandlers:TypeMatcher.lookup('std::string')
DEBUG:pybindgen.typehandlers:try to lookup type handler for 'std::string' => success ((<class 'pybindgen.typehandlers.stringtype.StdStringParam'>, None, <pybindgen.typehandlers.ctypeparser.TypeTraits object at 0x7fca1d06c5f8>))
DEBUG:pybindgen.typehandlers:TypeMatcher.lookup('ns3::CallbackBase const &')
DEBUG:pybindgen.typehandlers:try to lookup type handler for 'ns3::CallbackBase const &' => success ((<class 'pybindgen.cppclass.CppClass.__init__.<locals>.ThisClassRefParameter'>, None, <pybindgen.typehandlers.ctypeparser.TypeTraits object at 0x7fca1d06c6d8>))
DEBUG:pybindgen.typehandlers:TypeMatcher.lookup('bool')
DEBUG:pybindgen.typehandlers:try to lookup type handler for 'bool' => success ((<class 'pybindgen.typehandlers.booltype.BoolReturn'>, None, <pybindgen.typehandlers.ctypeparser.TypeTraits object at 0x7fca1d06cb00>))
DEBUG:pybindgen.typehandlers:TypeMatcher.lookup('std::string')
DEBUG:pybindgen.typehandlers:try to lookup type handler for 'std::string' => success ((<class 'pybindgen.typehandlers.stringtype.StdStringParam'>, None, <pybindgen.typehandlers.ctypeparser.TypeTraits object at 0x7fca1d06cc50>))
DEBUG:pybindgen.typehandlers:TypeMatcher.lookup('ns3::CallbackBase const &')
DEBUG:pybindgen.typehandlers:try to lookup type handler for 'ns3::CallbackBase const &' => success ((<class 'pybindgen.cppclass.CppClass.__init__.<locals>.ThisClassRefParameter'>, None, <pybindgen.typehandlers.ctypeparser.TypeTraits object at 0x7fca1d06ccf8>))
DEBUG:pybindgen.typehandlers:TypeMatcher.lookup('bool')
DEBUG:pybindgen.typehandlers:try to lookup type handler for 'bool' => success ((<class 'pybindgen.typehandlers.booltype.BoolReturn'>, None, <pybindgen.typehandlers.ctypeparser.TypeTraits object at 0x7fca1d072160>))
DEBUG:pybindgen.typehandlers:TypeMatcher.lookup('std::string')
DEBUG:pybindgen.typehandlers:try to lookup type handler for 'std::string' => success ((<class 'pybindgen.typehandlers.stringtype.StdStringParam'>, None, <pybindgen.typehandlers.ctypeparser.TypeTraits object at 0x7fca1d0722b0>))
DEBUG:pybindgen.typehandlers:TypeMatcher.lookup('std::string')
DEBUG:pybindgen.typehandlers:try to lookup type handler for 'std::string' => success ((<class 'pybindgen.typehandlers.stringtype.StdStringParam'>, None, <pybindgen.typehandlers.ctypeparser.TypeTraits object at 0x7fca1d072358>))
DEBUG:pybindgen.typehandlers:TypeMatcher.lookup('ns3::CallbackBase const &')
DEBUG:pybindgen.typehandlers:try to lookup type handler for 'ns3::CallbackBase const &' => success ((<class 'pybindgen.cppclass.CppClass.__init__.<locals>.ThisClassRefParameter'>, None, <pybindgen.typehandlers.ctypeparser.TypeTraits object at 0x7fca1d072438>))
DEBUG:pybindgen.typehandlers:TypeMatcher.lookup('bool')
DEBUG:pybindgen.typehandlers:try to lookup type handler for 'bool' => success ((<class 'pybindgen.typehandlers.booltype.BoolReturn'>, None, <pybindgen.typehandlers.ctypeparser.TypeTraits object at 0x7fca1d072860>))
DEBUG:pybindgen.typehandlers:TypeMatcher.lookup('std::string')
DEBUG:pybindgen.typehandlers:try to lookup type handler for 'std::string' => success ((<class 'pybindgen.typehandlers.stringtype.StdStringParam'>, None, <pybindgen.typehandlers.ctypeparser.TypeTraits object at 0x7fca1d0729b0>))
DEBUG:pybindgen.typehandlers:TypeMatcher.lookup('ns3::CallbackBase const &')
DEBUG:pybindgen.typehandlers:try to lookup type handler for 'ns3::CallbackBase const &' => success ((<class 'pybindgen.cppclass.CppClass.__init__.<locals>.ThisClassRefParameter'>, None, <pybindgen.typehandlers.ctypeparser.TypeTraits object at 0x7fca1d072a58>))
DEBUG:pybindgen.typehandlers:TypeMatcher.lookup('void')
DEBUG:pybindgen.typehandlers:try to lookup type handler for 'void' => success ((<class 'pybindgen.typehandlers.voidtype.VoidReturn'>, None, <pybindgen.typehandlers.ctypeparser.TypeTraits object at 0x7fca1d072e80>))
DEBUG:pybindgen.typehandlers:TypeMatcher.lookup('ns3::AttributeConstructionList const &')
DEBUG:pybindgen.typehandlers:try to lookup type handler for 'ns3::AttributeConstructionList const &' => success ((<class 'pybindgen.cppclass.CppClass.__init__.<locals>.ThisClassRefParameter'>, None, <pybindgen.typehandlers.ctypeparser.TypeTraits object at 0x7fca1d072fd0>))
DEBUG:pybindgen.typehandlers:TypeMatcher.lookup('void')
DEBUG:pybindgen.typehandlers:try to lookup type handler for 'void' => success ((<class 'pybindgen.typehandlers.voidtype.VoidReturn'>, None, <pybindgen.typehandlers.ctypeparser.TypeTraits object at 0x7fca1d07a668>))
DEBUG:pybindgen.typehandlers:TypeMatcher.lookup('ns3::ObjectDeleter const &')
DEBUG:pybindgen.typehandlers:try to lookup type handler for 'ns3::ObjectDeleter const &' => success ((<class 'pybindgen.cppclass.CppClass.__init__.<locals>.ThisClassRefParameter'>, None, <pybindgen.typehandlers.ctypeparser.TypeTraits object at 0x7fca1d080160>))
DEBUG:pybindgen.typehandlers:TypeMatcher.lookup('void')
DEBUG:pybindgen.typehandlers:try to lookup type handler for 'void' => success ((<class 'pybindgen.typehandlers.voidtype.VoidReturn'>, None, <pybindgen.typehandlers.ctypeparser.TypeTraits object at 0x7fca1d080518>))
DEBUG:pybindgen.typehandlers:TypeMatcher.lookup('ns3::Object *')
DEBUG:pybindgen.typehandlers:try to lookup type handler for 'ns3::Object *' => success ((<class 'pybindgen.cppclass.MemoryPolicy.register_ptr_parameter_and_return.<locals>.ThisClassPtrParameter'>, None, <pybindgen.typehandlers.ctypeparser.TypeTraits object at 0x7fca1d080668>))
/home/imran/ns-allinone-3.36.1/ns-3.36.1/src/dsdv/bindings/modulegen__gcc_LP64.py:2525: Warning: exception TypeConfigurationError('Missing transfer_ownership option',) in wrapper public: retval? ???::Delete (params?);
  is_static=True)
DEBUG:pybindgen.typehandlers:TypeMatcher.lookup('ns3::ObjectFactory const &')
DEBUG:pybindgen.typehandlers:try to lookup type handler for 'ns3::ObjectFactory const &' => success ((<class 'pybindgen.cppclass.CppClass.__init__.<locals>.ThisClassRefParameter'>, None, <pybindgen.typehandlers.ctypeparser.TypeTraits object at 0x7fca1d0807f0>))
DEBUG:pybindgen.typehandlers:TypeMatcher.lookup('std::string const &')
DEBUG:pybindgen.typehandlers:try to lookup type handler for 'std::string const &' => success ((<class 'pybindgen.typehandlers.stringtype.StdStringRefParam'>, None, <pybindgen.typehandlers.ctypeparser.TypeTraits object at 0x7fca1d080e48>))
DEBUG:pybindgen.typehandlers:TypeMatcher.lookup('ns3::Ptr< ns3::Object >')
DEBUG:pybindgen.typehandlers:try to lookup type handler for 'ns3::Ptr< ns3::Object >' => failure
DEBUG:pybindgen.typehandlers:try to lookup type handler for 'ns3::Object *' => success ((<class 'pybindgen.cppclass.MemoryPolicy.register_ptr_parameter_and_return.<locals>.ThisClassPtrReturn'>, <ns3modulegen_core_customizations.SmartPointerTransformation object at 0x7fca1d6d7048>, <pybindgen.typehandlers.ctypeparser.TypeTraits object at 0x7fca1d08a470>))
DEBUG:pybindgen.typehandlers:TypeMatcher.lookup('ns3::TypeId')
DEBUG:pybindgen.typehandlers:try to lookup type handler for 'ns3::TypeId' => success ((<class 'pybindgen.cppclass.CppClass.__init__.<locals>.ThisClassReturn'>, None, <pybindgen.typehandlers.ctypeparser.TypeTraits object at 0x7fca1d08a6d8>))
DEBUG:pybindgen.typehandlers:TypeMatcher.lookup('bool')
DEBUG:pybindgen.typehandlers:try to lookup type handler for 'bool' => success ((<class 'pybindgen.typehandlers.booltype.BoolReturn'>, None, <pybindgen.typehandlers.ctypeparser.TypeTraits object at 0x7fca1d08aa58>))
DEBUG:pybindgen.typehandlers:TypeMatcher.lookup('void')
DEBUG:pybindgen.typehandlers:try to lookup type handler for 'void' => success ((<class 'pybindgen.typehandlers.voidtype.VoidReturn'>, None, <pybindgen.typehandlers.ctypeparser.TypeTraits object at 0x7fca1d08ae10>))
DEBUG:pybindgen.typehandlers:TypeMatcher.lookup('void')
DEBUG:pybindgen.typehandlers:try to lookup type handler for 'void' => success ((<class 'pybindgen.typehandlers.voidtype.VoidReturn'>, None, <pybindgen.typehandlers.ctypeparser.TypeTraits object at 0x7fca1d091240>))
DEBUG:pybindgen.typehandlers:TypeMatcher.lookup('ns3::TypeId')
DEBUG:pybindgen.typehandlers:try to lookup type handler for 'ns3::TypeId' => success ((<class 'pybindgen.cppclass.CppClass.__init__.<locals>.ThisClassParameter'>, None, <pybindgen.typehandlers.ctypeparser.TypeTraits object at 0x7fca1d091390>))
DEBUG:pybindgen.typehandlers:TypeMatcher.lookup('void')
DEBUG:pybindgen.typehandlers:try to lookup type handler for 'void' => success ((<class 'pybindgen.typehandlers.voidtype.VoidReturn'>, None, <pybindgen.typehandlers.ctypeparser.TypeTraits object at 0x7fca1d0916d8>))
DEBUG:pybindgen.typehandlers:TypeMatcher.lookup('char const *')
DEBUG:pybindgen.typehandlers:try to lookup type handler for 'char const *' => success ((<class 'pybindgen.typehandlers.stringtype.CStringParam'>, None, <pybindgen.typehandlers.ctypeparser.TypeTraits object at 0x7fca1d091828>))
DEBUG:pybindgen.typehandlers:TypeMatcher.lookup('void')
DEBUG:pybindgen.typehandlers:try to lookup type handler for 'void' => success ((<class 'pybindgen.typehandlers.voidtype.VoidReturn'>, None, <pybindgen.typehandlers.ctypeparser.TypeTraits object at 0x7fca1d091c18>))
DEBUG:pybindgen.typehandlers:TypeMatcher.lookup('std::string')
DEBUG:pybindgen.typehandlers:try to lookup type handler for 'std::string' => success ((<class 'pybindgen.typehandlers.stringtype.StdStringParam'>, None, <pybindgen.typehandlers.ctypeparser.TypeTraits object at 0x7fca1d091d68>))
DEBUG:pybindgen.typehandlers:TypeMatcher.lookup('uint64_t')
DEBUG:pybindgen.typehandlers:try to lookup type handler for 'uint64_t' => success ((<class 'pybindgen.typehandlers.inttype.UnsignedLongLongParam'>, None, <pybindgen.typehandlers.ctypeparser.TypeTraits object at 0x7fca1d091e48>))
DEBUG:pybindgen.typehandlers:TypeMatcher.lookup('uint32_t')
DEBUG:pybindgen.typehandlers:try to lookup type handler for 'uint32_t' => success ((<class 'pybindgen.typehandlers.inttype.UnsignedIntParam'>, None, <pybindgen.typehandlers.ctypeparser.TypeTraits object at 0x7fca1d091eb8>))
DEBUG:pybindgen.typehandlers:TypeMatcher.lookup('ns3::PacketMetadata const &')
DEBUG:pybindgen.typehandlers:try to lookup type handler for 'ns3::PacketMetadata const &' => success ((<class 'pybindgen.cppclass.CppClass.__init__.<locals>.ThisClassRefParameter'>, None, <pybindgen.typehandlers.ctypeparser.TypeTraits object at 0x7fca1d097278>))
DEBUG:pybindgen.typehandlers:TypeMatcher.lookup('void')
DEBUG:pybindgen.typehandlers:try to lookup type handler for 'void' => success ((<class 'pybindgen.typehandlers.voidtype.VoidReturn'>, None, <pybindgen.typehandlers.ctypeparser.TypeTraits object at 0x7fca1d097630>))
DEBUG:pybindgen.typehandlers:TypeMatcher.lookup('ns3::PacketMetadata const &')
DEBUG:pybindgen.typehandlers:try to lookup type handler for 'ns3::PacketMetadata const &' => success ((<class 'pybindgen.cppclass.CppClass.__init__.<locals>.ThisClassRefParameter'>, None, <pybindgen.typehandlers.ctypeparser.TypeTraits object at 0x7fca1d097780>))
DEBUG:pybindgen.typehandlers:TypeMatcher.lookup('void')
DEBUG:pybindgen.typehandlers:try to lookup type handler for 'void' => success ((<class 'pybindgen.typehandlers.voidtype.VoidReturn'>, None, <pybindgen.typehandlers.ctypeparser.TypeTraits object at 0x7fca1d097b70>))
DEBUG:pybindgen.typehandlers:TypeMatcher.lookup('ns3::Header const &')
DEBUG:pybindgen.typehandlers:try to lookup type handler for 'ns3::Header const &' => success ((<class 'pybindgen.cppclass.CppClass.__init__.<locals>.ThisClassRefParameter'>, None, <pybindgen.typehandlers.ctypeparser.TypeTraits object at 0x7fca1d097cc0>))
DEBUG:pybindgen.typehandlers:TypeMatcher.lookup('uint32_t')
DEBUG:pybindgen.typehandlers:try to lookup type handler for 'uint32_t' => success ((<class 'pybindgen.typehandlers.inttype.UnsignedIntParam'>, None, <pybindgen.typehandlers.ctypeparser.TypeTraits object at 0x7fca1d097e80>))
DEBUG:pybindgen.typehandlers:TypeMatcher.lookup('void')
DEBUG:pybindgen.typehandlers:try to lookup type handler for 'void' => success ((<class 'pybindgen.typehandlers.voidtype.VoidReturn'>, None, <pybindgen.typehandlers.ctypeparser.TypeTraits object at 0x7fca1d0201d0>))
DEBUG:pybindgen.typehandlers:TypeMatcher.lookup('uint32_t')
DEBUG:pybindgen.typehandlers:try to lookup type handler for 'uint32_t' => success ((<class 'pybindgen.typehandlers.inttype.UnsignedIntParam'>, None, <pybindgen.typehandlers.ctypeparser.TypeTraits object at 0x7fca1d020320>))
DEBUG:pybindgen.typehandlers:TypeMatcher.lookup('void')
DEBUG:pybindgen.typehandlers:try to lookup type handler for 'void' => success ((<class 'pybindgen.typehandlers.voidtype.VoidReturn'>, None, <pybindgen.typehandlers.ctypeparser.TypeTraits object at 0x7fca1d020668>))
DEBUG:pybindgen.typehandlers:TypeMatcher.lookup('ns3::Trailer const &')
DEBUG:pybindgen.typehandlers:try to lookup type handler for 'ns3::Trailer const &' => success ((<class 'pybindgen.cppclass.CppClass.__init__.<locals>.ThisClassRefParameter'>, None, <pybindgen.typehandlers.ctypeparser.TypeTraits object at 0x7fca1d0207b8>))
DEBUG:pybindgen.typehandlers:TypeMatcher.lookup('uint32_t')
DEBUG:pybindgen.typehandlers:try to lookup type handler for 'uint32_t' => success ((<class 'pybindgen.typehandlers.inttype.UnsignedIntParam'>, None, <pybindgen.typehandlers.ctypeparser.TypeTraits object at 0x7fca1d020978>))
DEBUG:pybindgen.typehandlers:TypeMatcher.lookup('ns3::PacketMetadata::ItemIterator')
DEBUG:pybindgen.typehandlers:try to lookup type handler for 'ns3::PacketMetadata::ItemIterator' => success ((<class 'pybindgen.cppclass.CppClass.__init__.<locals>.ThisClassReturn'>, None, <pybindgen.typehandlers.ctypeparser.TypeTraits object at 0x7fca1d020c88>))
DEBUG:pybindgen.typehandlers:TypeMatcher.lookup('ns3::Buffer')
DEBUG:pybindgen.typehandlers:try to lookup type handler for 'ns3::Buffer' => success ((<class 'pybindgen.cppclass.CppClass.__init__.<locals>.ThisClassParameter'>, None, <pybindgen.typehandlers.ctypeparser.TypeTraits object at 0x7fca1d020da0>))
DEBUG:pybindgen.typehandlers:TypeMatcher.lookup('ns3::PacketMetadata')
DEBUG:pybindgen.typehandlers:try to lookup type handler for 'ns3::PacketMetadata' => success ((<class 'pybindgen.cppclass.CppClass.__init__.<locals>.ThisClassReturn'>, None, <pybindgen.typehandlers.ctypeparser.TypeTraits object at 0x7fca1d026128>))
DEBUG:pybindgen.typehandlers:TypeMatcher.lookup('uint32_t')
DEBUG:pybindgen.typehandlers:try to lookup type handler for 'uint32_t' => success ((<class 'pybindgen.typehandlers.inttype.UnsignedIntParam'>, None, <pybindgen.typehandlers.ctypeparser.TypeTraits object at 0x7fca1d026240>))
DEBUG:pybindgen.typehandlers:TypeMatcher.lookup('uint32_t')
DEBUG:pybindgen.typehandlers:try to lookup type handler for 'uint32_t' => success ((<class 'pybindgen.typehandlers.inttype.UnsignedIntParam'>, None, <pybindgen.typehandlers.ctypeparser.TypeTraits object at 0x7fca1d0262e8>))
DEBUG:pybindgen.typehandlers:TypeMatcher.lookup('uint32_t')
DEBUG:pybindgen.typehandlers:try to lookup type handler for 'uint32_t' => success ((<class 'pybindgen.typehandlers.inttype.UnsignedIntReturn'>, None, <pybindgen.typehandlers.ctypeparser.TypeTraits object at 0x7fca1d026668>))
DEBUG:pybindgen.typehandlers:TypeMatcher.lookup('uint8_t const *')
DEBUG:pybindgen.typehandlers:try to lookup type handler for 'uint8_t const *' => success ((<class 'pybindgen.typehandlers.inttype.UInt8PtrParam'>, None, <pybindgen.typehandlers.ctypeparser.TypeTraits object at 0x7fca1d026780>))
/home/imran/ns-allinone-3.36.1/ns-3.36.1/src/dsdv/bindings/modulegen__gcc_LP64.py:2603: Warning: exception TypeConfigurationError('direction not given',) in wrapper public: retval? ???::Deserialize (params?);
  [param('uint8_t const *', 'buffer'), param('uint32_t', 'size')])
DEBUG:pybindgen.typehandlers:TypeMatcher.lookup('void')
DEBUG:pybindgen.typehandlers:try to lookup type handler for 'void' => success ((<class 'pybindgen.typehandlers.voidtype.VoidReturn'>, None, <pybindgen.typehandlers.ctypeparser.TypeTraits object at 0x7fca1d0268d0>))
DEBUG:pybindgen.typehandlers:TypeMatcher.lookup('void')
DEBUG:pybindgen.typehandlers:try to lookup type handler for 'void' => success ((<class 'pybindgen.typehandlers.voidtype.VoidReturn'>, None, <pybindgen.typehandlers.ctypeparser.TypeTraits object at 0x7fca1d026cf8>))
DEBUG:pybindgen.typehandlers:TypeMatcher.lookup('uint32_t')
DEBUG:pybindgen.typehandlers:try to lookup type handler for 'uint32_t' => success ((<class 'pybindgen.typehandlers.inttype.UnsignedIntReturn'>, None, <pybindgen.typehandlers.ctypeparser.TypeTraits object at 0x7fca1d02e0f0>))
DEBUG:pybindgen.typehandlers:TypeMatcher.lookup('uint64_t')
DEBUG:pybindgen.typehandlers:try to lookup type handler for 'uint64_t' => success ((<class 'pybindgen.typehandlers.inttype.UnsignedLongLongReturn'>, None, <pybindgen.typehandlers.ctypeparser.TypeTraits object at 0x7fca1d02e470>))
DEBUG:pybindgen.typehandlers:TypeMatcher.lookup('void')
DEBUG:pybindgen.typehandlers:try to lookup type handler for 'void' => success ((<class 'pybindgen.typehandlers.voidtype.VoidReturn'>, None, <pybindgen.typehandlers.ctypeparser.TypeTraits object at 0x7fca1d02e7f0>))
DEBUG:pybindgen.typehandlers:TypeMatcher.lookup('uint32_t')
DEBUG:pybindgen.typehandlers:try to lookup type handler for 'uint32_t' => success ((<class 'pybindgen.typehandlers.inttype.UnsignedIntParam'>, None, <pybindgen.typehandlers.ctypeparser.TypeTraits object at 0x7fca1d02e940>))
DEBUG:pybindgen.typehandlers:TypeMatcher.lookup('void')
DEBUG:pybindgen.typehandlers:try to lookup type handler for 'void' => success ((<class 'pybindgen.typehandlers.voidtype.VoidReturn'>, None, <pybindgen.typehandlers.ctypeparser.TypeTraits object at 0x7fca1d02ec88>))
DEBUG:pybindgen.typehandlers:TypeMatcher.lookup('uint32_t')
DEBUG:pybindgen.typehandlers:try to lookup type handler for 'uint32_t' => success ((<class 'pybindgen.typehandlers.inttype.UnsignedIntParam'>, None, <pybindgen.typehandlers.ctypeparser.TypeTraits object at 0x7fca1d02edd8>))
DEBUG:pybindgen.typehandlers:TypeMatcher.lookup('void')
DEBUG:pybindgen.typehandlers:try to lookup type handler for 'void' => success ((<class 'pybindgen.typehandlers.voidtype.VoidReturn'>, None, <pybindgen.typehandlers.ctypeparser.TypeTraits object at 0x7fca1d037160>))
DEBUG:pybindgen.typehandlers:TypeMatcher.lookup('ns3::Header const &')
DEBUG:pybindgen.typehandlers:try to lookup type handler for 'ns3::Header const &' => success ((<class 'pybindgen.cppclass.CppClass.__init__.<locals>.ThisClassRefParameter'>, None, <pybindgen.typehandlers.ctypeparser.TypeTraits object at 0x7fca1d0372b0>))
DEBUG:pybindgen.typehandlers:TypeMatcher.lookup('uint32_t')
DEBUG:pybindgen.typehandlers:try to lookup type handler for 'uint32_t' => success ((<class 'pybindgen.typehandlers.inttype.UnsignedIntParam'>, None, <pybindgen.typehandlers.ctypeparser.TypeTraits object at 0x7fca1d037470>))
DEBUG:pybindgen.typehandlers:TypeMatcher.lookup('void')
DEBUG:pybindgen.typehandlers:try to lookup type handler for 'void' => success ((<class 'pybindgen.typehandlers.voidtype.VoidReturn'>, None, <pybindgen.typehandlers.ctypeparser.TypeTraits object at 0x7fca1d037780>))
DEBUG:pybindgen.typehandlers:TypeMatcher.lookup('ns3::Trailer const &')
DEBUG:pybindgen.typehandlers:try to lookup type handler for 'ns3::Trailer const &' => success ((<class 'pybindgen.cppclass.CppClass.__init__.<locals>.ThisClassRefParameter'>, None, <pybindgen.typehandlers.ctypeparser.TypeTraits object at 0x7fca1d0378d0>))
DEBUG:pybindgen.typehandlers:TypeMatcher.lookup('uint32_t')
DEBUG:pybindgen.typehandlers:try to lookup type handler for 'uint32_t' => success ((<class 'pybindgen.typehandlers.inttype.UnsignedIntParam'>, None, <pybindgen.typehandlers.ctypeparser.TypeTraits object at 0x7fca1d037a90>))
DEBUG:pybindgen.typehandlers:TypeMatcher.lookup('uint32_t')
DEBUG:pybindgen.typehandlers:try to lookup type handler for 'uint32_t' => success ((<class 'pybindgen.typehandlers.inttype.UnsignedIntReturn'>, None, <pybindgen.typehandlers.ctypeparser.TypeTraits object at 0x7fca1d026780>))
DEBUG:pybindgen.typehandlers:TypeMatcher.lookup('uint8_t *')
DEBUG:pybindgen.typehandlers:try to lookup type handler for 'uint8_t *' => success ((<class 'pybindgen.typehandlers.inttype.UInt8PtrParam'>, None, <pybindgen.typehandlers.ctypeparser.TypeTraits object at 0x7fca1d026898>))
/home/imran/ns-allinone-3.36.1/ns-3.36.1/src/dsdv/bindings/modulegen__gcc_LP64.py:2644: Warning: exception TypeConfigurationError('direction not given',) in wrapper public: retval? ???::Serialize (params?) const;
  is_const=True)
DEBUG:pybindgen.typehandlers:TypeMatcher.lookup('ns3::PacketMetadata::Item const &')
DEBUG:pybindgen.typehandlers:try to lookup type handler for 'ns3::PacketMetadata::Item const &' => success ((<class 'pybindgen.cppclass.CppClass.__init__.<locals>.ThisClassRefParameter'>, None, <pybindgen.typehandlers.ctypeparser.TypeTraits object at 0x7fca1d037fd0>))
DEBUG:pybindgen.typehandlers:TypeMatcher.lookup('ns3::Buffer::Iterator')
DEBUG:pybindgen.typehandlers:try to lookup type handler for 'ns3::Buffer::Iterator' => success ((<class 'pybindgen.cppclass.CppClass.__init__.<locals>.ThisClassReturn'>, None, <pybindgen.typehandlers.ctypeparser.TypeTraits object at 0x7fca1d0e7390>))
DEBUG:pybindgen.typehandlers:TypeMatcher.lookup('uint32_t')
DEBUG:pybindgen.typehandlers:try to lookup type handler for 'uint32_t' => success ((<class 'pybindgen.typehandlers.inttype.UnsignedIntReturn'>, None, <pybindgen.typehandlers.ctypeparser.TypeTraits object at 0x7fca1d0e78d0>))
DEBUG:pybindgen.typehandlers:TypeMatcher.lookup('uint32_t')
DEBUG:pybindgen.typehandlers:try to lookup type handler for 'uint32_t' => success ((<class 'pybindgen.typehandlers.inttype.UnsignedIntReturn'>, None, <pybindgen.typehandlers.ctypeparser.TypeTraits object at 0x7fca1d0e7e10>))
DEBUG:pybindgen.typehandlers:TypeMatcher.lookup('uint32_t')
DEBUG:pybindgen.typehandlers:try to lookup type handler for 'uint32_t' => success ((<class 'pybindgen.typehandlers.inttype.UnsignedIntReturn'>, None, <pybindgen.typehandlers.ctypeparser.TypeTraits object at 0x7fca1d044390>))
DEBUG:pybindgen.typehandlers:TypeMatcher.lookup('bool')
DEBUG:pybindgen.typehandlers:try to lookup type handler for 'bool' => success ((<class 'pybindgen.typehandlers.booltype.BoolReturn'>, None, <pybindgen.typehandlers.ctypeparser.TypeTraits object at 0x7fca1d0448d0>))
DEBUG:pybindgen.typehandlers:TypeMatcher.lookup('ns3::TypeId')
DEBUG:pybindgen.typehandlers:try to lookup type handler for 'ns3::TypeId' => success ((<class 'pybindgen.cppclass.CppClass.__init__.<locals>.ThisClassReturn'>, None, <pybindgen.typehandlers.ctypeparser.TypeTraits object at 0x7fca1d044e48>))
DEBUG:pybindgen.typehandlers:TypeMatcher.lookup('ns3::PacketMetadata::Item::ItemType')
DEBUG:pybindgen.typehandlers:try to lookup type handler for 'ns3::PacketMetadata::Item::ItemType' => success ((<class 'pybindgen.enum.Enum.set_module.<locals>.ThisEnumReturn'>, None, <pybindgen.typehandlers.ctypeparser.TypeTraits object at 0x7fca1d026908>))
DEBUG:pybindgen.typehandlers:TypeMatcher.lookup('ns3::PacketMetadata::ItemIterator const &')
DEBUG:pybindgen.typehandlers:try to lookup type handler for 'ns3::PacketMetadata::ItemIterator const &' => success ((<class 'pybindgen.cppclass.CppClass.__init__.<locals>.ThisClassRefParameter'>, None, <pybindgen.typehandlers.ctypeparser.TypeTraits object at 0x7fca1d04c668>))
DEBUG:pybindgen.typehandlers:TypeMatcher.lookup('ns3::PacketMetadata const *')
DEBUG:pybindgen.typehandlers:try to lookup type handler for 'ns3::PacketMetadata const *' => success ((<class 'pybindgen.cppclass.CppClass.__init__.<locals>.ThisClassPtrParameter'>, None, <pybindgen.typehandlers.ctypeparser.TypeTraits object at 0x7fca1d04ca58>))
DEBUG:pybindgen.typehandlers:TypeMatcher.lookup('ns3::Buffer')
DEBUG:pybindgen.typehandlers:try to lookup type handler for 'ns3::Buffer' => success ((<class 'pybindgen.cppclass.CppClass.__init__.<locals>.ThisClassParameter'>, None, <pybindgen.typehandlers.ctypeparser.TypeTraits object at 0x7fca1d04cc18>))
DEBUG:pybindgen.typehandlers:TypeMatcher.lookup('bool')
DEBUG:pybindgen.typehandlers:try to lookup type handler for 'bool' => success ((<class 'pybindgen.typehandlers.booltype.BoolReturn'>, None, <pybindgen.typehandlers.ctypeparser.TypeTraits object at 0x7fca1d04cef0>))
DEBUG:pybindgen.typehandlers:TypeMatcher.lookup('ns3::PacketMetadata::Item')
DEBUG:pybindgen.typehandlers:try to lookup type handler for 'ns3::PacketMetadata::Item' => success ((<class 'pybindgen.cppclass.CppClass.__init__.<locals>.ThisClassReturn'>, None, <pybindgen.typehandlers.ctypeparser.TypeTraits object at 0x7fca1d0522e8>))
DEBUG:pybindgen.typehandlers:TypeMatcher.lookup('ns3::PacketTagIterator const &')
DEBUG:pybindgen.typehandlers:try to lookup type handler for 'ns3::PacketTagIterator const &' => success ((<class 'pybindgen.cppclass.CppClass.__init__.<locals>.ThisClassRefParameter'>, None, <pybindgen.typehandlers.ctypeparser.TypeTraits object at 0x7fca1d0526d8>))
DEBUG:pybindgen.typehandlers:TypeMatcher.lookup('bool')
DEBUG:pybindgen.typehandlers:try to lookup type handler for 'bool' => success ((<class 'pybindgen.typehandlers.booltype.BoolReturn'>, None, <pybindgen.typehandlers.ctypeparser.TypeTraits object at 0x7fca1d052a90>))
DEBUG:pybindgen.typehandlers:TypeMatcher.lookup('ns3::PacketTagIterator::Item')
DEBUG:pybindgen.typehandlers:try to lookup type handler for 'ns3::PacketTagIterator::Item' => success ((<class 'pybindgen.cppclass.CppClass.__init__.<locals>.ThisClassReturn'>, None, <pybindgen.typehandlers.ctypeparser.TypeTraits object at 0x7fca1d052e48>))
DEBUG:pybindgen.typehandlers:TypeMatcher.lookup('ns3::PacketTagIterator::Item const &')
DEBUG:pybindgen.typehandlers:try to lookup type handler for 'ns3::PacketTagIterator::Item const &' => success ((<class 'pybindgen.cppclass.CppClass.__init__.<locals>.ThisClassRefParameter'>, None, <pybindgen.typehandlers.ctypeparser.TypeTraits object at 0x7fca1d05a278>))
DEBUG:pybindgen.typehandlers:TypeMatcher.lookup('void')
DEBUG:pybindgen.typehandlers:try to lookup type handler for 'void' => success ((<class 'pybindgen.typehandlers.voidtype.VoidReturn'>, None, <pybindgen.typehandlers.ctypeparser.TypeTraits object at 0x7fca1d05a630>))
DEBUG:pybindgen.typehandlers:TypeMatcher.lookup('ns3::Tag &')
DEBUG:pybindgen.typehandlers:try to lookup type handler for 'ns3::Tag &' => success ((<class 'pybindgen.cppclass.CppClass.__init__.<locals>.ThisClassRefParameter'>, None, <pybindgen.typehandlers.ctypeparser.TypeTraits object at 0x7fca1d05a780>))
DEBUG:pybindgen.typehandlers:TypeMatcher.lookup('ns3::TypeId')
DEBUG:pybindgen.typehandlers:try to lookup type handler for 'ns3::TypeId' => success ((<class 'pybindgen.cppclass.CppClass.__init__.<locals>.ThisClassReturn'>, None, <pybindgen.typehandlers.ctypeparser.TypeTraits object at 0x7fca1d05ab00>))
DEBUG:pybindgen.typehandlers:TypeMatcher.lookup('ns3::PacketTagList const &')
DEBUG:pybindgen.typehandlers:try to lookup type handler for 'ns3::PacketTagList const &' => success ((<class 'pybindgen.cppclass.CppClass.__init__.<locals>.ThisClassRefParameter'>, None, <pybindgen.typehandlers.ctypeparser.TypeTraits object at 0x7fca1cfe1160>))
DEBUG:pybindgen.typehandlers:TypeMatcher.lookup('void')
DEBUG:pybindgen.typehandlers:try to lookup type handler for 'void' => success ((<class 'pybindgen.typehandlers.voidtype.VoidReturn'>, None, <pybindgen.typehandlers.ctypeparser.TypeTraits object at 0x7fca1cfe1518>))
DEBUG:pybindgen.typehandlers:TypeMatcher.lookup('ns3::Tag const &')
DEBUG:pybindgen.typehandlers:try to lookup type handler for 'ns3::Tag const &' => success ((<class 'pybindgen.cppclass.CppClass.__init__.<locals>.ThisClassRefParameter'>, None, <pybindgen.typehandlers.ctypeparser.TypeTraits object at 0x7fca1cfe1668>))
DEBUG:pybindgen.typehandlers:TypeMatcher.lookup('uint32_t')
DEBUG:pybindgen.typehandlers:try to lookup type handler for 'uint32_t' => success ((<class 'pybindgen.typehandlers.inttype.UnsignedIntReturn'>, None, <pybindgen.typehandlers.ctypeparser.TypeTraits object at 0x7fca1cfe1a58>))
DEBUG:pybindgen.typehandlers:TypeMatcher.lookup('uint32_t const *')
DEBUG:pybindgen.typehandlers:try to lookup type handler for 'uint32_t const *' => success ((<class 'pybindgen.typehandlers.inttype.UnsignedIntPtrParam'>, None, <pybindgen.typehandlers.ctypeparser.TypeTraits object at 0x7fca1cfe1b70>))
DEBUG:pybindgen.typehandlers:TypeMatcher.lookup('uint32_t')
DEBUG:pybindgen.typehandlers:try to lookup type handler for 'uint32_t' => success ((<class 'pybindgen.typehandlers.inttype.UnsignedIntParam'>, None, <pybindgen.typehandlers.ctypeparser.TypeTraits object at 0x7fca1cfe1d30>))
DEBUG:pybindgen.typehandlers:TypeMatcher.lookup('uint32_t')
DEBUG:pybindgen.typehandlers:try to lookup type handler for 'uint32_t' => success ((<class 'pybindgen.typehandlers.inttype.UnsignedIntReturn'>, None, <pybindgen.typehandlers.ctypeparser.TypeTraits object at 0x7fca1cfea080>))
DEBUG:pybindgen.typehandlers:TypeMatcher.lookup('ns3::PacketTagList::TagData const *')
DEBUG:pybindgen.typehandlers:try to lookup type handler for 'ns3::PacketTagList::TagData const *' => success ((<class 'pybindgen.cppclass.CppClass.__init__.<locals>.ThisClassPtrReturn'>, None, <pybindgen.typehandlers.ctypeparser.TypeTraits object at 0x7fca1cfea400>))
DEBUG:pybindgen.typehandlers:TypeMatcher.lookup('bool')
DEBUG:pybindgen.typehandlers:try to lookup type handler for 'bool' => success ((<class 'pybindgen.typehandlers.booltype.BoolReturn'>, None, <pybindgen.typehandlers.ctypeparser.TypeTraits object at 0x7fca1cfea7b8>))
DEBUG:pybindgen.typehandlers:TypeMatcher.lookup('ns3::Tag &')
DEBUG:pybindgen.typehandlers:try to lookup type handler for 'ns3::Tag &' => success ((<class 'pybindgen.cppclass.CppClass.__init__.<locals>.ThisClassRefParameter'>, None, <pybindgen.typehandlers.ctypeparser.TypeTraits object at 0x7fca1cfea978>))
DEBUG:pybindgen.typehandlers:TypeMatcher.lookup('bool')
DEBUG:pybindgen.typehandlers:try to lookup type handler for 'bool' => success ((<class 'pybindgen.typehandlers.booltype.BoolReturn'>, None, <pybindgen.typehandlers.ctypeparser.TypeTraits object at 0x7fca1cfeacf8>))
DEBUG:pybindgen.typehandlers:TypeMatcher.lookup('ns3::Tag &')
DEBUG:pybindgen.typehandlers:try to lookup type handler for 'ns3::Tag &' => success ((<class 'pybindgen.cppclass.CppClass.__init__.<locals>.ThisClassRefParameter'>, None, <pybindgen.typehandlers.ctypeparser.TypeTraits object at 0x7fca1cfeae48>))
DEBUG:pybindgen.typehandlers:TypeMatcher.lookup('void')
DEBUG:pybindgen.typehandlers:try to lookup type handler for 'void' => success ((<class 'pybindgen.typehandlers.voidtype.VoidReturn'>, None, <pybindgen.typehandlers.ctypeparser.TypeTraits object at 0x7fca1cff0208>))
DEBUG:pybindgen.typehandlers:TypeMatcher.lookup('bool')
DEBUG:pybindgen.typehandlers:try to lookup type handler for 'bool' => success ((<class 'pybindgen.typehandlers.booltype.BoolReturn'>, None, <pybindgen.typehandlers.ctypeparser.TypeTraits object at 0x7fca1cff05f8>))
DEBUG:pybindgen.typehandlers:TypeMatcher.lookup('ns3::Tag &')
DEBUG:pybindgen.typehandlers:try to lookup type handler for 'ns3::Tag &' => success ((<class 'pybindgen.cppclass.CppClass.__init__.<locals>.ThisClassRefParameter'>, None, <pybindgen.typehandlers.ctypeparser.TypeTraits object at 0x7fca1cff0748>))
DEBUG:pybindgen.typehandlers:TypeMatcher.lookup('uint32_t')
DEBUG:pybindgen.typehandlers:try to lookup type handler for 'uint32_t' => success ((<class 'pybindgen.typehandlers.inttype.UnsignedIntReturn'>, None, <pybindgen.typehandlers.ctypeparser.TypeTraits object at 0x7fca1cff0ac8>))
DEBUG:pybindgen.typehandlers:TypeMatcher.lookup('uint32_t *')
DEBUG:pybindgen.typehandlers:try to lookup type handler for 'uint32_t *' => success ((<class 'pybindgen.typehandlers.inttype.UnsignedIntPtrParam'>, None, <pybindgen.typehandlers.ctypeparser.TypeTraits object at 0x7fca1cff0be0>))
DEBUG:pybindgen.typehandlers:TypeMatcher.lookup('uint32_t')
DEBUG:pybindgen.typehandlers:try to lookup type handler for 'uint32_t' => success ((<class 'pybindgen.typehandlers.inttype.UnsignedIntParam'>, None, <pybindgen.typehandlers.ctypeparser.TypeTraits object at 0x7fca1cff0cf8>))
DEBUG:pybindgen.typehandlers:TypeMatcher.lookup('ns3::PacketTagList::TagData const &')
DEBUG:pybindgen.typehandlers:try to lookup type handler for 'ns3::PacketTagList::TagData const &' => success ((<class 'pybindgen.cppclass.CppClass.__init__.<locals>.ThisClassRefParameter'>, None, <pybindgen.typehandlers.ctypeparser.TypeTraits object at 0x7fca1cff8320>))
DEBUG:pybindgen.typehandlers:TypeMatcher.lookup('uint32_t')
DEBUG:pybindgen.typehandlers:try to lookup type handler for 'uint32_t' => success ((<class 'pybindgen.typehandlers.inttype.UnsignedIntReturn'>, None, <pybindgen.typehandlers.ctypeparser.TypeTraits object at 0x7fca1cff86a0>))
DEBUG:pybindgen.typehandlers:TypeMatcher.lookup('uint8_t [ 1 ]')
DEBUG:pybindgen.typehandlers:try to lookup type handler for 'uint8_t [ 1 ]' => failure
'uint8_t [ 1 ]' did not match
/home/imran/ns-allinone-3.36.1/ns-3.36.1/bindings/python/ns3modulegen-modular.py:30: UserWarning: exception TypeLookupError(['uint8_t [ 1 ]'],) in wrapper None
  warnings.warn("exception %r in wrapper %s" % (exception, wrapper))
DEBUG:pybindgen.typehandlers:TypeMatcher.lookup('ns3::PacketTagList::TagData *')
DEBUG:pybindgen.typehandlers:try to lookup type handler for 'ns3::PacketTagList::TagData *' => success ((<class 'pybindgen.cppclass.CppClass.__init__.<locals>.ThisClassPtrReturn'>, None, <pybindgen.typehandlers.ctypeparser.TypeTraits object at 0x7fca1cff8e10>))
DEBUG:pybindgen.typehandlers:TypeMatcher.lookup('uint32_t')
DEBUG:pybindgen.typehandlers:try to lookup type handler for 'uint32_t' => success ((<class 'pybindgen.typehandlers.inttype.UnsignedIntReturn'>, None, <pybindgen.typehandlers.ctypeparser.TypeTraits object at 0x7fca1d000390>))
DEBUG:pybindgen.typehandlers:TypeMatcher.lookup('ns3::TypeId')
DEBUG:pybindgen.typehandlers:try to lookup type handler for 'ns3::TypeId' => success ((<class 'pybindgen.cppclass.CppClass.__init__.<locals>.ThisClassReturn'>, None, <pybindgen.typehandlers.ctypeparser.TypeTraits object at 0x7fca1d0008d0>))
DEBUG:pybindgen.typehandlers:TypeMatcher.lookup('ns3::ParameterLogger const &')
DEBUG:pybindgen.typehandlers:try to lookup type handler for 'ns3::ParameterLogger const &' => success ((<class 'pybindgen.cppclass.CppClass.__init__.<locals>.ThisClassRefParameter'>, None, <pybindgen.typehandlers.ctypeparser.TypeTraits object at 0x7fca1d000c88>))
DEBUG:pybindgen.typehandlers:TypeMatcher.lookup('std::ostream &')
DEBUG:pybindgen.typehandlers:try to lookup type handler for 'std::ostream &' => failure
'std::ostream &' did not match
/home/imran/ns-allinone-3.36.1/ns-3.36.1/src/dsdv/bindings/modulegen__gcc_LP64.py:2782: Warning: exception TypeLookupError(['std::ostream &'],) in wrapper <pybindgen.cppmethod.CppConstructor object at 0x7fca1d009048>
  cls.add_constructor([param('std::ostream &', 'os')])
DEBUG:pybindgen.typehandlers:TypeMatcher.lookup('ns3::SimpleRefCount< ns3::Object, ns3::ObjectBase, ns3::ObjectDeleter > const &')
DEBUG:pybindgen.typehandlers:try to lookup type handler for 'ns3::SimpleRefCount< ns3::Object, ns3::ObjectBase, ns3::ObjectDeleter > const &' => success ((<class 'pybindgen.cppclass.CppClass.__init__.<locals>.ThisClassRefParameter'>, None, <pybindgen.typehandlers.ctypeparser.TypeTraits object at 0x7fca1d009438>))
DEBUG:pybindgen.typehandlers:TypeMatcher.lookup('ns3::Simulator const &')
DEBUG:pybindgen.typehandlers:try to lookup type handler for 'ns3::Simulator const &' => success ((<class 'pybindgen.cppclass.CppClass.__init__.<locals>.ThisClassRefParameter'>, None, <pybindgen.typehandlers.ctypeparser.TypeTraits object at 0x7fca1d0099b0>))
DEBUG:pybindgen.typehandlers:TypeMatcher.lookup('void')
DEBUG:pybindgen.typehandlers:try to lookup type handler for 'void' => success ((<class 'pybindgen.typehandlers.voidtype.VoidReturn'>, None, <pybindgen.typehandlers.ctypeparser.TypeTraits object at 0x7fca1d009d68>))
DEBUG:pybindgen.typehandlers:TypeMatcher.lookup('ns3::EventId const &')
DEBUG:pybindgen.typehandlers:try to lookup type handler for 'ns3::EventId const &' => success ((<class 'pybindgen.cppclass.CppClass.__init__.<locals>.ThisClassRefParameter'>, None, <pybindgen.typehandlers.ctypeparser.TypeTraits object at 0x7fca1d009eb8>))
DEBUG:pybindgen.typehandlers:TypeMatcher.lookup('void')
DEBUG:pybindgen.typehandlers:try to lookup type handler for 'void' => success ((<class 'pybindgen.typehandlers.voidtype.VoidReturn'>, None, <pybindgen.typehandlers.ctypeparser.TypeTraits object at 0x7fca1d0142e8>))
DEBUG:pybindgen.typehandlers:TypeMatcher.lookup('uint32_t')
DEBUG:pybindgen.typehandlers:try to lookup type handler for 'uint32_t' => success ((<class 'pybindgen.typehandlers.inttype.UnsignedIntReturn'>, None, <pybindgen.typehandlers.ctypeparser.TypeTraits object at 0x7fca1d0146a0>))
DEBUG:pybindgen.typehandlers:TypeMatcher.lookup('ns3::Time')
DEBUG:pybindgen.typehandlers:try to lookup type handler for 'ns3::Time' => success ((<class 'pybindgen.cppclass.CppClass.__init__.<locals>.ThisClassReturn'>, None, <pybindgen.typehandlers.ctypeparser.TypeTraits object at 0x7fca1d014a20>))
DEBUG:pybindgen.typehandlers:TypeMatcher.lookup('ns3::EventId const &')
DEBUG:pybindgen.typehandlers:try to lookup type handler for 'ns3::EventId const &' => success ((<class 'pybindgen.cppclass.CppClass.__init__.<locals>.ThisClassRefParameter'>, None, <pybindgen.typehandlers.ctypeparser.TypeTraits object at 0x7fca1d014b38>))
DEBUG:pybindgen.typehandlers:TypeMatcher.lookup('uint64_t')
DEBUG:pybindgen.typehandlers:try to lookup type handler for 'uint64_t' => success ((<class 'pybindgen.typehandlers.inttype.UnsignedLongLongReturn'>, None, <pybindgen.typehandlers.ctypeparser.TypeTraits object at 0x7fca1d0090f0>))
DEBUG:pybindgen.typehandlers:TypeMatcher.lookup('ns3::Ptr< ns3::SimulatorImpl >')
DEBUG:pybindgen.typehandlers:try to lookup type handler for 'ns3::Ptr< ns3::SimulatorImpl >' => failure
DEBUG:pybindgen.typehandlers:try to lookup type handler for 'ns3::SimulatorImpl *' => failure ('')
/home/imran/ns-allinone-3.36.1/ns-3.36.1/src/dsdv/bindings/modulegen__gcc_LP64.py:2824: Warning: exception TypeLookupError(['ns3::Ptr< ns3::SimulatorImpl >', 'ns3::SimulatorImpl *'],) in wrapper public: retval? ???::GetImplementation (params?);
  is_static=True)
DEBUG:pybindgen.typehandlers:TypeMatcher.lookup('ns3::Time')
DEBUG:pybindgen.typehandlers:try to lookup type handler for 'ns3::Time' => success ((<class 'pybindgen.cppclass.CppClass.__init__.<locals>.ThisClassReturn'>, None, <pybindgen.typehandlers.ctypeparser.TypeTraits object at 0x7fca1d0174a8>))
DEBUG:pybindgen.typehandlers:TypeMatcher.lookup('uint32_t')
DEBUG:pybindgen.typehandlers:try to lookup type handler for 'uint32_t' => success ((<class 'pybindgen.typehandlers.inttype.UnsignedIntReturn'>, None, <pybindgen.typehandlers.ctypeparser.TypeTraits object at 0x7fca1d0177f0>))
DEBUG:pybindgen.typehandlers:TypeMatcher.lookup('bool')
DEBUG:pybindgen.typehandlers:try to lookup type handler for 'bool' => success ((<class 'pybindgen.typehandlers.booltype.BoolReturn'>, None, <pybindgen.typehandlers.ctypeparser.TypeTraits object at 0x7fca1d017b70>))
DEBUG:pybindgen.typehandlers:TypeMatcher.lookup('ns3::EventId const &')
DEBUG:pybindgen.typehandlers:try to lookup type handler for 'ns3::EventId const &' => success ((<class 'pybindgen.cppclass.CppClass.__init__.<locals>.ThisClassRefParameter'>, None, <pybindgen.typehandlers.ctypeparser.TypeTraits object at 0x7fca1d017cc0>))
DEBUG:pybindgen.typehandlers:TypeMatcher.lookup('bool')
DEBUG:pybindgen.typehandlers:try to lookup type handler for 'bool' => success ((<class 'pybindgen.typehandlers.booltype.BoolReturn'>, None, <pybindgen.typehandlers.ctypeparser.TypeTraits object at 0x7fca1cfa00f0>))
DEBUG:pybindgen.typehandlers:TypeMatcher.lookup('ns3::Time')
DEBUG:pybindgen.typehandlers:try to lookup type handler for 'ns3::Time' => success ((<class 'pybindgen.cppclass.CppClass.__init__.<locals>.ThisClassReturn'>, None, <pybindgen.typehandlers.ctypeparser.TypeTraits object at 0x7fca1cfa04a8>))
DEBUG:pybindgen.typehandlers:TypeMatcher.lookup('void')
DEBUG:pybindgen.typehandlers:try to lookup type handler for 'void' => success ((<class 'pybindgen.typehandlers.voidtype.VoidReturn'>, None, <pybindgen.typehandlers.ctypeparser.TypeTraits object at 0x7fca1cfa0828>))
DEBUG:pybindgen.typehandlers:TypeMatcher.lookup('ns3::EventId const &')
DEBUG:pybindgen.typehandlers:try to lookup type handler for 'ns3::EventId const &' => success ((<class 'pybindgen.cppclass.CppClass.__init__.<locals>.ThisClassRefParameter'>, None, <pybindgen.typehandlers.ctypeparser.TypeTraits object at 0x7fca1cfa0978>))
DEBUG:pybindgen.typehandlers:TypeMatcher.lookup('void')
DEBUG:pybindgen.typehandlers:try to lookup type handler for 'void' => success ((<class 'pybindgen.typehandlers.voidtype.VoidReturn'>, None, <pybindgen.typehandlers.ctypeparser.TypeTraits object at 0x7fca1cfa0d68>))
DEBUG:pybindgen.typehandlers:TypeMatcher.lookup('ns3::Ptr< ns3::SimulatorImpl >')
DEBUG:pybindgen.typehandlers:try to lookup type handler for 'ns3::Ptr< ns3::SimulatorImpl >' => failure
DEBUG:pybindgen.typehandlers:try to lookup type handler for 'ns3::SimulatorImpl *' => failure ('')
/home/imran/ns-allinone-3.36.1/ns-3.36.1/src/dsdv/bindings/modulegen__gcc_LP64.py:2859: Warning: exception TypeLookupError(['ns3::Ptr< ns3::SimulatorImpl >', 'ns3::SimulatorImpl *'],) in wrapper public: retval? ???::SetImplementation (params?);
  is_static=True)
DEBUG:pybindgen.typehandlers:TypeMatcher.lookup('void')
DEBUG:pybindgen.typehandlers:try to lookup type handler for 'void' => success ((<class 'pybindgen.typehandlers.voidtype.VoidReturn'>, None, <pybindgen.typehandlers.ctypeparser.TypeTraits object at 0x7fca1cfa81d0>))
DEBUG:pybindgen.typehandlers:TypeMatcher.lookup('ns3::ObjectFactory')
DEBUG:pybindgen.typehandlers:try to lookup type handler for 'ns3::ObjectFactory' => success ((<class 'pybindgen.cppclass.CppClass.__init__.<locals>.ThisClassParameter'>, None, <pybindgen.typehandlers.ctypeparser.TypeTraits object at 0x7fca1cfa82e8>))
DEBUG:pybindgen.typehandlers:TypeMatcher.lookup('void')
DEBUG:pybindgen.typehandlers:try to lookup type handler for 'void' => success ((<class 'pybindgen.typehandlers.voidtype.VoidReturn'>, None, <pybindgen.typehandlers.ctypeparser.TypeTraits object at 0x7fca1cfa0f98>))
DEBUG:pybindgen.typehandlers:TypeMatcher.lookup('void')
DEBUG:pybindgen.typehandlers:try to lookup type handler for 'void' => success ((<class 'pybindgen.typehandlers.voidtype.VoidReturn'>, None, <pybindgen.typehandlers.ctypeparser.TypeTraits object at 0x7fca1d0172b0>))
DEBUG:pybindgen.typehandlers:TypeMatcher.lookup('ns3::Time const &')
DEBUG:pybindgen.typehandlers:try to lookup type handler for 'ns3::Time const &' => success ((<class 'pybindgen.cppclass.CppClass.__init__.<locals>.ThisClassRefParameter'>, None, <pybindgen.typehandlers.ctypeparser.TypeTraits object at 0x7fca1cfa8160>))
DEBUG:pybindgen.typehandlers:TypeMatcher.lookup('ns3::Tag const &')
DEBUG:pybindgen.typehandlers:try to lookup type handler for 'ns3::Tag const &' => success ((<class 'pybindgen.cppclass.CppClass.__init__.<locals>.ThisClassRefParameter'>, None, <pybindgen.typehandlers.ctypeparser.TypeTraits object at 0x7fca1cfa8b00>))
DEBUG:pybindgen.typehandlers:TypeMatcher.lookup('void')
DEBUG:pybindgen.typehandlers:try to lookup type handler for 'void' => success ((<class 'pybindgen.typehandlers.voidtype.VoidReturn'>, None, <pybindgen.typehandlers.ctypeparser.TypeTraits object at 0x7fca1cfa8eb8>))
DEBUG:pybindgen.typehandlers:TypeMatcher.lookup('ns3::TagBuffer')
DEBUG:pybindgen.typehandlers:try to lookup type handler for 'ns3::TagBuffer' => success ((<class 'pybindgen.cppclass.CppClass.__init__.<locals>.ThisClassParameter'>, None, <pybindgen.typehandlers.ctypeparser.TypeTraits object at 0x7fca1cfae048>))
DEBUG:pybindgen.typehandlers:TypeMatcher.lookup('uint32_t')
DEBUG:pybindgen.typehandlers:try to lookup type handler for 'uint32_t' => success ((<class 'pybindgen.typehandlers.inttype.UnsignedIntReturn'>, None, <pybindgen.typehandlers.ctypeparser.TypeTraits object at 0x7fca1cfae5c0>))
DEBUG:pybindgen.typehandlers:TypeMatcher.lookup('ns3::TypeId')
DEBUG:pybindgen.typehandlers:try to lookup type handler for 'ns3::TypeId' => success ((<class 'pybindgen.cppclass.CppClass.__init__.<locals>.ThisClassReturn'>, None, <pybindgen.typehandlers.ctypeparser.TypeTraits object at 0x7fca1cfaeb38>))
DEBUG:pybindgen.typehandlers:TypeMatcher.lookup('void')
DEBUG:pybindgen.typehandlers:try to lookup type handler for 'void' => success ((<class 'pybindgen.typehandlers.voidtype.VoidReturn'>, None, <pybindgen.typehandlers.ctypeparser.TypeTraits object at 0x7fca1cfaeeb8>))
DEBUG:pybindgen.typehandlers:TypeMatcher.lookup('std::ostream &')
DEBUG:pybindgen.typehandlers:try to lookup type handler for 'std::ostream &' => failure
'std::ostream &' did not match
/home/imran/ns-allinone-3.36.1/ns-3.36.1/src/dsdv/bindings/modulegen__gcc_LP64.py:2901: Warning: exception TypeLookupError(['std::ostream &'],) in wrapper public: virtual retval? ???::Print (params?) const = 0;
  is_const=True, is_pure_virtual=True, is_virtual=True)
DEBUG:pybindgen.typehandlers:TypeMatcher.lookup('void')
DEBUG:pybindgen.typehandlers:try to lookup type handler for 'void' => success ((<class 'pybindgen.typehandlers.voidtype.VoidReturn'>, None, <pybindgen.typehandlers.ctypeparser.TypeTraits object at 0x7fca1cfb85c0>))
DEBUG:pybindgen.typehandlers:TypeMatcher.lookup('ns3::TagBuffer')
DEBUG:pybindgen.typehandlers:try to lookup type handler for 'ns3::TagBuffer' => success ((<class 'pybindgen.cppclass.CppClass.__init__.<locals>.ThisClassParameter'>, None, <pybindgen.typehandlers.ctypeparser.TypeTraits object at 0x7fca1cfb8710>))
DEBUG:pybindgen.typehandlers:TypeMatcher.lookup('ns3::TagBuffer const &')
DEBUG:pybindgen.typehandlers:try to lookup type handler for 'ns3::TagBuffer const &' => success ((<class 'pybindgen.cppclass.CppClass.__init__.<locals>.ThisClassRefParameter'>, None, <pybindgen.typehandlers.ctypeparser.TypeTraits object at 0x7fca1cfae470>))
DEBUG:pybindgen.typehandlers:TypeMatcher.lookup('uint8_t *')
DEBUG:pybindgen.typehandlers:try to lookup type handler for 'uint8_t *' => success ((<class 'pybindgen.typehandlers.inttype.UInt8PtrParam'>, None, <pybindgen.typehandlers.ctypeparser.TypeTraits object at 0x7fca1cfb8828>))
/home/imran/ns-allinone-3.36.1/ns-3.36.1/src/dsdv/bindings/modulegen__gcc_LP64.py:2913: Warning: exception TypeConfigurationError('direction not given',) in wrapper <pybindgen.cppmethod.CppConstructor object at 0x7fca1cfb8080>
  cls.add_constructor([param('uint8_t *', 'start'), param('uint8_t *', 'end')])
DEBUG:pybindgen.typehandlers:TypeMatcher.lookup('void')
DEBUG:pybindgen.typehandlers:try to lookup type handler for 'void' => success ((<class 'pybindgen.typehandlers.voidtype.VoidReturn'>, None, <pybindgen.typehandlers.ctypeparser.TypeTraits object at 0x7fca1cfb8908>))
DEBUG:pybindgen.typehandlers:TypeMatcher.lookup('ns3::TagBuffer')
DEBUG:pybindgen.typehandlers:try to lookup type handler for 'ns3::TagBuffer' => success ((<class 'pybindgen.cppclass.CppClass.__init__.<locals>.ThisClassParameter'>, None, <pybindgen.typehandlers.ctypeparser.TypeTraits object at 0x7fca1cfb8ac8>))
DEBUG:pybindgen.typehandlers:TypeMatcher.lookup('void')
DEBUG:pybindgen.typehandlers:try to lookup type handler for 'void' => success ((<class 'pybindgen.typehandlers.voidtype.VoidReturn'>, None, <pybindgen.typehandlers.ctypeparser.TypeTraits object at 0x7fca1cfb8e10>))
DEBUG:pybindgen.typehandlers:TypeMatcher.lookup('uint8_t *')
DEBUG:pybindgen.typehandlers:try to lookup type handler for 'uint8_t *' => success ((<class 'pybindgen.typehandlers.inttype.UInt8PtrParam'>, None, <pybindgen.typehandlers.ctypeparser.TypeTraits object at 0x7fca1cfb8f60>))
/home/imran/ns-allinone-3.36.1/ns-3.36.1/src/dsdv/bindings/modulegen__gcc_LP64.py:2921: Warning: exception TypeConfigurationError('direction not given',) in wrapper public: retval? ???::Read (params?);
  [param('uint8_t *', 'buffer'), param('uint32_t', 'size')])
DEBUG:pybindgen.typehandlers:TypeMatcher.lookup('double')
DEBUG:pybindgen.typehandlers:try to lookup type handler for 'double' => success ((<class 'pybindgen.typehandlers.doubletype.DoubleReturn'>, None, <pybindgen.typehandlers.ctypeparser.TypeTraits object at 0x7fca1cfc1080>))
DEBUG:pybindgen.typehandlers:TypeMatcher.lookup('uint16_t')
DEBUG:pybindgen.typehandlers:try to lookup type handler for 'uint16_t' => success ((<class 'pybindgen.typehandlers.inttype.UInt16Return'>, None, <pybindgen.typehandlers.ctypeparser.TypeTraits object at 0x7fca1cfc14e0>))
DEBUG:pybindgen.typehandlers:TypeMatcher.lookup('uint32_t')
DEBUG:pybindgen.typehandlers:try to lookup type handler for 'uint32_t' => success ((<class 'pybindgen.typehandlers.inttype.UnsignedIntReturn'>, None, <pybindgen.typehandlers.ctypeparser.TypeTraits object at 0x7fca1cfc1898>))
DEBUG:pybindgen.typehandlers:TypeMatcher.lookup('uint64_t')
DEBUG:pybindgen.typehandlers:try to lookup type handler for 'uint64_t' => success ((<class 'pybindgen.typehandlers.inttype.UnsignedLongLongReturn'>, None, <pybindgen.typehandlers.ctypeparser.TypeTraits object at 0x7fca1cfc1c50>))
DEBUG:pybindgen.typehandlers:TypeMatcher.lookup('uint8_t')
DEBUG:pybindgen.typehandlers:try to lookup type handler for 'uint8_t' => success ((<class 'pybindgen.typehandlers.inttype.UInt8Return'>, None, <pybindgen.typehandlers.ctypeparser.TypeTraits object at 0x7fca1cfc6048>))
DEBUG:pybindgen.typehandlers:TypeMatcher.lookup('void')
DEBUG:pybindgen.typehandlers:try to lookup type handler for 'void' => success ((<class 'pybindgen.typehandlers.voidtype.VoidReturn'>, None, <pybindgen.typehandlers.ctypeparser.TypeTraits object at 0x7fca1cfc6438>))
DEBUG:pybindgen.typehandlers:TypeMatcher.lookup('uint32_t')
DEBUG:pybindgen.typehandlers:try to lookup type handler for 'uint32_t' => success ((<class 'pybindgen.typehandlers.inttype.UnsignedIntParam'>, None, <pybindgen.typehandlers.ctypeparser.TypeTraits object at 0x7fca1cfc6588>))
DEBUG:pybindgen.typehandlers:TypeMatcher.lookup('void')
DEBUG:pybindgen.typehandlers:try to lookup type handler for 'void' => success ((<class 'pybindgen.typehandlers.voidtype.VoidReturn'>, None, <pybindgen.typehandlers.ctypeparser.TypeTraits object at 0x7fca1cfc68d0>))
DEBUG:pybindgen.typehandlers:TypeMatcher.lookup('uint8_t const *')
DEBUG:pybindgen.typehandlers:try to lookup type handler for 'uint8_t const *' => success ((<class 'pybindgen.typehandlers.inttype.UInt8PtrParam'>, None, <pybindgen.typehandlers.ctypeparser.TypeTraits object at 0x7fca1cfc6a20>))
/home/imran/ns-allinone-3.36.1/ns-3.36.1/src/dsdv/bindings/modulegen__gcc_LP64.py:2949: Warning: exception TypeConfigurationError('direction not given',) in wrapper public: retval? ???::Write (params?);
  [param('uint8_t const *', 'buffer'), param('uint32_t', 'size')])
DEBUG:pybindgen.typehandlers:TypeMatcher.lookup('void')
DEBUG:pybindgen.typehandlers:try to lookup type handler for 'void' => success ((<class 'pybindgen.typehandlers.voidtype.VoidReturn'>, None, <pybindgen.typehandlers.ctypeparser.TypeTraits object at 0x7fca1cfc6b70>))
DEBUG:pybindgen.typehandlers:TypeMatcher.lookup('double')
DEBUG:pybindgen.typehandlers:try to lookup type handler for 'double' => success ((<class 'pybindgen.typehandlers.doubletype.DoubleParam'>, None, <pybindgen.typehandlers.ctypeparser.TypeTraits object at 0x7fca1cfb8dd8>))
DEBUG:pybindgen.typehandlers:TypeMatcher.lookup('void')
DEBUG:pybindgen.typehandlers:try to lookup type handler for 'void' => success ((<class 'pybindgen.typehandlers.voidtype.VoidReturn'>, None, <pybindgen.typehandlers.ctypeparser.TypeTraits object at 0x7fca1cfc6a20>))
DEBUG:pybindgen.typehandlers:TypeMatcher.lookup('uint16_t')
DEBUG:pybindgen.typehandlers:try to lookup type handler for 'uint16_t' => success ((<class 'pybindgen.typehandlers.inttype.UInt16Param'>, None, <pybindgen.typehandlers.ctypeparser.TypeTraits object at 0x7fca1cfc6ba8>))
DEBUG:pybindgen.typehandlers:TypeMatcher.lookup('void')
DEBUG:pybindgen.typehandlers:try to lookup type handler for 'void' => success ((<class 'pybindgen.typehandlers.voidtype.VoidReturn'>, None, <pybindgen.typehandlers.ctypeparser.TypeTraits object at 0x7fca1cfc6e10>))
DEBUG:pybindgen.typehandlers:TypeMatcher.lookup('uint32_t')
DEBUG:pybindgen.typehandlers:try to lookup type handler for 'uint32_t' => success ((<class 'pybindgen.typehandlers.inttype.UnsignedIntParam'>, None, <pybindgen.typehandlers.ctypeparser.TypeTraits object at 0x7fca1cfc6f60>))
DEBUG:pybindgen.typehandlers:TypeMatcher.lookup('void')
DEBUG:pybindgen.typehandlers:try to lookup type handler for 'void' => success ((<class 'pybindgen.typehandlers.voidtype.VoidReturn'>, None, <pybindgen.typehandlers.ctypeparser.TypeTraits object at 0x7fca1cfd02e8>))
DEBUG:pybindgen.typehandlers:TypeMatcher.lookup('uint64_t')
DEBUG:pybindgen.typehandlers:try to lookup type handler for 'uint64_t' => success ((<class 'pybindgen.typehandlers.inttype.UnsignedLongLongParam'>, None, <pybindgen.typehandlers.ctypeparser.TypeTraits object at 0x7fca1cfd0438>))
DEBUG:pybindgen.typehandlers:TypeMatcher.lookup('void')
DEBUG:pybindgen.typehandlers:try to lookup type handler for 'void' => success ((<class 'pybindgen.typehandlers.voidtype.VoidReturn'>, None, <pybindgen.typehandlers.ctypeparser.TypeTraits object at 0x7fca1cfd0780>))
DEBUG:pybindgen.typehandlers:TypeMatcher.lookup('uint8_t')
DEBUG:pybindgen.typehandlers:try to lookup type handler for 'uint8_t' => success ((<class 'pybindgen.typehandlers.inttype.UInt8Param'>, None, <pybindgen.typehandlers.ctypeparser.TypeTraits object at 0x7fca1cfd08d0>))
DEBUG:pybindgen.typehandlers:TypeMatcher.lookup('ns3::Time const &')
DEBUG:pybindgen.typehandlers:try to lookup type handler for 'ns3::Time const &' => success ((<class 'pybindgen.cppclass.CppClass.__init__.<locals>.ThisClassRefParameter'>, None, <pybindgen.typehandlers.ctypeparser.TypeTraits object at 0x7fca1cfd0c18>))
DEBUG:pybindgen.typehandlers:TypeMatcher.lookup('ns3::Time const &')
DEBUG:pybindgen.typehandlers:try to lookup type handler for 'ns3::Time const &' => success ((<class 'pybindgen.cppclass.CppClass.__init__.<locals>.ThisClassRefParameter'>, None, <pybindgen.typehandlers.ctypeparser.TypeTraits object at 0x7fca1cfd0dd8>))
DEBUG:pybindgen.typehandlers:TypeMatcher.lookup('ns3::int64x64_t const &')
DEBUG:pybindgen.typehandlers:try to lookup type handler for 'ns3::int64x64_t const &' => success ((<class 'pybindgen.cppclass.CppClass.__init__.<locals>.ThisClassRefParameter'>, None, <pybindgen.typehandlers.ctypeparser.TypeTraits object at 0x7fca1cfd0f60>))
DEBUG:pybindgen.typehandlers:TypeMatcher.lookup('ns3::Time const &')
DEBUG:pybindgen.typehandlers:try to lookup type handler for 'ns3::Time const &' => success ((<class 'pybindgen.cppclass.CppClass.__init__.<locals>.ThisClassRefParameter'>, None, <pybindgen.typehandlers.ctypeparser.TypeTraits object at 0x7fca1cfd5128>))
DEBUG:pybindgen.typehandlers:TypeMatcher.lookup('ns3::int64x64_t const &')
DEBUG:pybindgen.typehandlers:try to lookup type handler for 'ns3::int64x64_t const &' => success ((<class 'pybindgen.cppclass.CppClass.__init__.<locals>.ThisClassRefParameter'>, None, <pybindgen.typehandlers.ctypeparser.TypeTraits object at 0x7fca1cfd52b0>))
DEBUG:pybindgen.typehandlers:TypeMatcher.lookup('ns3::Time const &')
DEBUG:pybindgen.typehandlers:try to lookup type handler for 'ns3::Time const &' => success ((<class 'pybindgen.cppclass.CppClass.__init__.<locals>.ThisClassRefParameter'>, None, <pybindgen.typehandlers.ctypeparser.TypeTraits object at 0x7fca1cfd5438>))
DEBUG:pybindgen.typehandlers:TypeMatcher.lookup('ns3::Time const &')
DEBUG:pybindgen.typehandlers:try to lookup type handler for 'ns3::Time const &' => success ((<class 'pybindgen.cppclass.CppClass.__init__.<locals>.ThisClassRefParameter'>, None, <pybindgen.typehandlers.ctypeparser.TypeTraits object at 0x7fca1cfd55c0>))
DEBUG:pybindgen.typehandlers:TypeMatcher.lookup('ns3::Time const &')
DEBUG:pybindgen.typehandlers:try to lookup type handler for 'ns3::Time const &' => success ((<class 'pybindgen.cppclass.CppClass.__init__.<locals>.ThisClassRefParameter'>, None, <pybindgen.typehandlers.ctypeparser.TypeTraits object at 0x7fca1cfd59e8>))
DEBUG:pybindgen.typehandlers:TypeMatcher.lookup('double')
DEBUG:pybindgen.typehandlers:try to lookup type handler for 'double' => success ((<class 'pybindgen.typehandlers.doubletype.DoubleParam'>, None, <pybindgen.typehandlers.ctypeparser.TypeTraits object at 0x7fca1cfd5dd8>))
DEBUG:pybindgen.typehandlers:TypeMatcher.lookup('int')
DEBUG:pybindgen.typehandlers:try to lookup type handler for 'int' => success ((<class 'pybindgen.typehandlers.inttype.IntParam'>, None, <pybindgen.typehandlers.ctypeparser.TypeTraits object at 0x7fca1cfda198>))
DEBUG:pybindgen.typehandlers:TypeMatcher.lookup('long int')
DEBUG:pybindgen.typehandlers:try to lookup type handler for 'long int' => success ((<class 'pybindgen.typehandlers.inttype.LongParam'>, None, <pybindgen.typehandlers.ctypeparser.TypeTraits object at 0x7fca1cfda518>))
DEBUG:pybindgen.typehandlers:TypeMatcher.lookup('long long int')
DEBUG:pybindgen.typehandlers:try to lookup type handler for 'long long int' => success ((<class 'pybindgen.typehandlers.inttype.LongLongParam'>, None, <pybindgen.typehandlers.ctypeparser.TypeTraits object at 0x7fca1cfda908>))
DEBUG:pybindgen.typehandlers:TypeMatcher.lookup('unsigned int')
DEBUG:pybindgen.typehandlers:try to lookup type handler for 'unsigned int' => success ((<class 'pybindgen.typehandlers.inttype.UnsignedIntParam'>, None, <pybindgen.typehandlers.ctypeparser.TypeTraits object at 0x7fca1cfdad68>))
DEBUG:pybindgen.typehandlers:TypeMatcher.lookup('long unsigned int')
DEBUG:pybindgen.typehandlers:try to lookup type handler for 'long unsigned int' => success ((<class 'pybindgen.typehandlers.inttype.UnsignedLongParam'>, None, <pybindgen.typehandlers.ctypeparser.TypeTraits object at 0x7fca1cf63160>))
DEBUG:pybindgen.typehandlers:TypeMatcher.lookup('long long unsigned int')
DEBUG:pybindgen.typehandlers:try to lookup type handler for 'long long unsigned int' => success ((<class 'pybindgen.typehandlers.inttype.UnsignedLongLongParam'>, None, <pybindgen.typehandlers.ctypeparser.TypeTraits object at 0x7fca1cf63588>))
DEBUG:pybindgen.typehandlers:TypeMatcher.lookup('ns3::int64x64_t const &')
DEBUG:pybindgen.typehandlers:try to lookup type handler for 'ns3::int64x64_t const &' => success ((<class 'pybindgen.cppclass.CppClass.__init__.<locals>.ThisClassRefParameter'>, None, <pybindgen.typehandlers.ctypeparser.TypeTraits object at 0x7fca1cf63ac8>))
DEBUG:pybindgen.typehandlers:TypeMatcher.lookup('std::string const &')
DEBUG:pybindgen.typehandlers:try to lookup type handler for 'std::string const &' => success ((<class 'pybindgen.typehandlers.stringtype.StdStringRefParam'>, None, <pybindgen.typehandlers.ctypeparser.TypeTraits object at 0x7fca1cf63eb8>))
DEBUG:pybindgen.typehandlers:TypeMatcher.lookup('ns3::TimeWithUnit')
DEBUG:pybindgen.typehandlers:try to lookup type handler for 'ns3::TimeWithUnit' => success ((<class 'pybindgen.cppclass.CppClass.__init__.<locals>.ThisClassReturn'>, None, <pybindgen.typehandlers.ctypeparser.TypeTraits object at 0x7fca1cf6a2b0>))
DEBUG:pybindgen.typehandlers:TypeMatcher.lookup('ns3::Time::Unit const')
DEBUG:pybindgen.typehandlers:try to lookup type handler for 'ns3::Time::Unit const' => success ((<class 'pybindgen.enum.Enum.set_module.<locals>.ThisEnumParameter'>, None, <pybindgen.typehandlers.ctypeparser.TypeTraits object at 0x7fca1cf6a3c8>))
DEBUG:pybindgen.typehandlers:TypeMatcher.lookup('int')
DEBUG:pybindgen.typehandlers:try to lookup type handler for 'int' => success ((<class 'pybindgen.typehandlers.inttype.IntReturn'>, None, <pybindgen.typehandlers.ctypeparser.TypeTraits object at 0x7fca1cf6a710>))
DEBUG:pybindgen.typehandlers:TypeMatcher.lookup('ns3::Time const &')
DEBUG:pybindgen.typehandlers:try to lookup type handler for 'ns3::Time const &' => success ((<class 'pybindgen.cppclass.CppClass.__init__.<locals>.ThisClassRefParameter'>, None, <pybindgen.typehandlers.ctypeparser.TypeTraits object at 0x7fca1cf6a860>))
DEBUG:pybindgen.typehandlers:TypeMatcher.lookup('ns3::Time')
DEBUG:pybindgen.typehandlers:try to lookup type handler for 'ns3::Time' => success ((<class 'pybindgen.cppclass.CppClass.__init__.<locals>.ThisClassReturn'>, None, <pybindgen.typehandlers.ctypeparser.TypeTraits object at 0x7fca1cf6ac50>))
DEBUG:pybindgen.typehandlers:TypeMatcher.lookup('ns3::int64x64_t const &')
DEBUG:pybindgen.typehandlers:try to lookup type handler for 'ns3::int64x64_t const &' => success ((<class 'pybindgen.cppclass.CppClass.__init__.<locals>.ThisClassRefParameter'>, None, <pybindgen.typehandlers.ctypeparser.TypeTraits object at 0x7fca1cf6ad68>))
DEBUG:pybindgen.typehandlers:TypeMatcher.lookup('ns3::Time')
DEBUG:pybindgen.typehandlers:try to lookup type handler for 'ns3::Time' => success ((<class 'pybindgen.cppclass.CppClass.__init__.<locals>.ThisClassReturn'>, None, <pybindgen.typehandlers.ctypeparser.TypeTraits object at 0x7fca1cf71198>))
DEBUG:pybindgen.typehandlers:TypeMatcher.lookup('ns3::int64x64_t const &')
DEBUG:pybindgen.typehandlers:try to lookup type handler for 'ns3::int64x64_t const &' => success ((<class 'pybindgen.cppclass.CppClass.__init__.<locals>.ThisClassRefParameter'>, None, <pybindgen.typehandlers.ctypeparser.TypeTraits object at 0x7fca1cf712b0>))
DEBUG:pybindgen.typehandlers:TypeMatcher.lookup('ns3::Time::Unit')
DEBUG:pybindgen.typehandlers:try to lookup type handler for 'ns3::Time::Unit' => success ((<class 'pybindgen.enum.Enum.set_module.<locals>.ThisEnumParameter'>, None, <pybindgen.typehandlers.ctypeparser.TypeTraits object at 0x7fca1cf71470>))
DEBUG:pybindgen.typehandlers:TypeMatcher.lookup('ns3::Time')
DEBUG:pybindgen.typehandlers:try to lookup type handler for 'ns3::Time' => success ((<class 'pybindgen.cppclass.CppClass.__init__.<locals>.ThisClassReturn'>, None, <pybindgen.typehandlers.ctypeparser.TypeTraits object at 0x7fca1cf71748>))
DEBUG:pybindgen.typehandlers:TypeMatcher.lookup('double')
DEBUG:pybindgen.typehandlers:try to lookup type handler for 'double' => success ((<class 'pybindgen.typehandlers.doubletype.DoubleParam'>, None, <pybindgen.typehandlers.ctypeparser.TypeTraits object at 0x7fca1cf71860>))
DEBUG:pybindgen.typehandlers:TypeMatcher.lookup('ns3::Time::Unit')
DEBUG:pybindgen.typehandlers:try to lookup type handler for 'ns3::Time::Unit' => success ((<class 'pybindgen.enum.Enum.set_module.<locals>.ThisEnumParameter'>, None, <pybindgen.typehandlers.ctypeparser.TypeTraits object at 0x7fca1cf71940>))
DEBUG:pybindgen.typehandlers:TypeMatcher.lookup('ns3::Time')
DEBUG:pybindgen.typehandlers:try to lookup type handler for 'ns3::Time' => success ((<class 'pybindgen.cppclass.CppClass.__init__.<locals>.ThisClassReturn'>, None, <pybindgen.typehandlers.ctypeparser.TypeTraits object at 0x7fca1cf71cc0>))
DEBUG:pybindgen.typehandlers:TypeMatcher.lookup('uint64_t')
DEBUG:pybindgen.typehandlers:try to lookup type handler for 'uint64_t' => success ((<class 'pybindgen.typehandlers.inttype.UnsignedLongLongParam'>, None, <pybindgen.typehandlers.ctypeparser.TypeTraits object at 0x7fca1cf71dd8>))
DEBUG:pybindgen.typehandlers:TypeMatcher.lookup('ns3::Time::Unit')
DEBUG:pybindgen.typehandlers:try to lookup type handler for 'ns3::Time::Unit' => success ((<class 'pybindgen.enum.Enum.set_module.<locals>.ThisEnumParameter'>, None, <pybindgen.typehandlers.ctypeparser.TypeTraits object at 0x7fca1cf71e80>))
DEBUG:pybindgen.typehandlers:TypeMatcher.lookup('double')
DEBUG:pybindgen.typehandlers:try to lookup type handler for 'double' => success ((<class 'pybindgen.typehandlers.doubletype.DoubleReturn'>, None, <pybindgen.typehandlers.ctypeparser.TypeTraits object at 0x7fca1cf78240>))
DEBUG:pybindgen.typehandlers:TypeMatcher.lookup('double')
DEBUG:pybindgen.typehandlers:try to lookup type handler for 'double' => success ((<class 'pybindgen.typehandlers.doubletype.DoubleReturn'>, None, <pybindgen.typehandlers.ctypeparser.TypeTraits object at 0x7fca1cf785f8>))
DEBUG:pybindgen.typehandlers:TypeMatcher.lookup('int64_t')
DEBUG:pybindgen.typehandlers:try to lookup type handler for 'int64_t' => success ((<class 'pybindgen.typehandlers.inttype.LongLongReturn'>, None, <pybindgen.typehandlers.ctypeparser.TypeTraits object at 0x7fca1cf789b0>))
DEBUG:pybindgen.typehandlers:TypeMatcher.lookup('double')
DEBUG:pybindgen.typehandlers:try to lookup type handler for 'double' => success ((<class 'pybindgen.typehandlers.doubletype.DoubleReturn'>, None, <pybindgen.typehandlers.ctypeparser.TypeTraits object at 0x7fca1cf78d68>))
DEBUG:pybindgen.typehandlers:TypeMatcher.lookup('int64_t')
DEBUG:pybindgen.typehandlers:try to lookup type handler for 'int64_t' => success ((<class 'pybindgen.typehandlers.inttype.LongLongReturn'>, None, <pybindgen.typehandlers.ctypeparser.TypeTraits object at 0x7fca1cf7f160>))
DEBUG:pybindgen.typehandlers:TypeMatcher.lookup('int64_t')
DEBUG:pybindgen.typehandlers:try to lookup type handler for 'int64_t' => success ((<class 'pybindgen.typehandlers.inttype.LongLongReturn'>, None, <pybindgen.typehandlers.ctypeparser.TypeTraits object at 0x7fca1cf7f518>))
DEBUG:pybindgen.typehandlers:TypeMatcher.lookup('int64_t')
DEBUG:pybindgen.typehandlers:try to lookup type handler for 'int64_t' => success ((<class 'pybindgen.typehandlers.inttype.LongLongReturn'>, None, <pybindgen.typehandlers.ctypeparser.TypeTraits object at 0x7fca1cf7f8d0>))
DEBUG:pybindgen.typehandlers:TypeMatcher.lookup('double')
DEBUG:pybindgen.typehandlers:try to lookup type handler for 'double' => success ((<class 'pybindgen.typehandlers.doubletype.DoubleReturn'>, None, <pybindgen.typehandlers.ctypeparser.TypeTraits object at 0x7fca1cf7fc88>))
DEBUG:pybindgen.typehandlers:TypeMatcher.lookup('int64_t')
DEBUG:pybindgen.typehandlers:try to lookup type handler for 'int64_t' => success ((<class 'pybindgen.typehandlers.inttype.LongLongReturn'>, None, <pybindgen.typehandlers.ctypeparser.TypeTraits object at 0x7fca1cf87080>))
DEBUG:pybindgen.typehandlers:TypeMatcher.lookup('int64_t')
DEBUG:pybindgen.typehandlers:try to lookup type handler for 'int64_t' => success ((<class 'pybindgen.typehandlers.inttype.LongLongReturn'>, None, <pybindgen.typehandlers.ctypeparser.TypeTraits object at 0x7fca1cf87438>))
DEBUG:pybindgen.typehandlers:TypeMatcher.lookup('ns3::Time::Unit')
DEBUG:pybindgen.typehandlers:try to lookup type handler for 'ns3::Time::Unit' => success ((<class 'pybindgen.enum.Enum.set_module.<locals>.ThisEnumReturn'>, None, <pybindgen.typehandlers.ctypeparser.TypeTraits object at 0x7fca1cf877f0>))
DEBUG:pybindgen.typehandlers:TypeMatcher.lookup('double')
DEBUG:pybindgen.typehandlers:try to lookup type handler for 'double' => success ((<class 'pybindgen.typehandlers.doubletype.DoubleReturn'>, None, <pybindgen.typehandlers.ctypeparser.TypeTraits object at 0x7fca1cf87b70>))
DEBUG:pybindgen.typehandlers:TypeMatcher.lookup('int64_t')
DEBUG:pybindgen.typehandlers:try to lookup type handler for 'int64_t' => success ((<class 'pybindgen.typehandlers.inttype.LongLongReturn'>, None, <pybindgen.typehandlers.ctypeparser.TypeTraits object at 0x7fca1cf87f28>))
DEBUG:pybindgen.typehandlers:TypeMatcher.lookup('double')
DEBUG:pybindgen.typehandlers:try to lookup type handler for 'double' => success ((<class 'pybindgen.typehandlers.doubletype.DoubleReturn'>, None, <pybindgen.typehandlers.ctypeparser.TypeTraits object at 0x7fca1cf8e320>))
DEBUG:pybindgen.typehandlers:TypeMatcher.lookup('bool')
DEBUG:pybindgen.typehandlers:try to lookup type handler for 'bool' => success ((<class 'pybindgen.typehandlers.booltype.BoolReturn'>, None, <pybindgen.typehandlers.ctypeparser.TypeTraits object at 0x7fca1cf8e6d8>))
DEBUG:pybindgen.typehandlers:TypeMatcher.lookup('bool')
DEBUG:pybindgen.typehandlers:try to lookup type handler for 'bool' => success ((<class 'pybindgen.typehandlers.booltype.BoolReturn'>, None, <pybindgen.typehandlers.ctypeparser.TypeTraits object at 0x7fca1cf8ea90>))
DEBUG:pybindgen.typehandlers:TypeMatcher.lookup('bool')
DEBUG:pybindgen.typehandlers:try to lookup type handler for 'bool' => success ((<class 'pybindgen.typehandlers.booltype.BoolReturn'>, None, <pybindgen.typehandlers.ctypeparser.TypeTraits object at 0x7fca1cf8ee48>))
DEBUG:pybindgen.typehandlers:TypeMatcher.lookup('bool')
DEBUG:pybindgen.typehandlers:try to lookup type handler for 'bool' => success ((<class 'pybindgen.typehandlers.booltype.BoolReturn'>, None, <pybindgen.typehandlers.ctypeparser.TypeTraits object at 0x7fca1cf96240>))
DEBUG:pybindgen.typehandlers:TypeMatcher.lookup('bool')
DEBUG:pybindgen.typehandlers:try to lookup type handler for 'bool' => success ((<class 'pybindgen.typehandlers.booltype.BoolReturn'>, None, <pybindgen.typehandlers.ctypeparser.TypeTraits object at 0x7fca1cf965f8>))
DEBUG:pybindgen.typehandlers:TypeMatcher.lookup('ns3::Time')
DEBUG:pybindgen.typehandlers:try to lookup type handler for 'ns3::Time' => success ((<class 'pybindgen.cppclass.CppClass.__init__.<locals>.ThisClassReturn'>, None, <pybindgen.typehandlers.ctypeparser.TypeTraits object at 0x7fca1cf969b0>))
DEBUG:pybindgen.typehandlers:TypeMatcher.lookup('ns3::Time')
DEBUG:pybindgen.typehandlers:try to lookup type handler for 'ns3::Time' => success ((<class 'pybindgen.cppclass.CppClass.__init__.<locals>.ThisClassReturn'>, None, <pybindgen.typehandlers.ctypeparser.TypeTraits object at 0x7fca1cf96d30>))
DEBUG:pybindgen.typehandlers:TypeMatcher.lookup('ns3::Time')
DEBUG:pybindgen.typehandlers:try to lookup type handler for 'ns3::Time' => success ((<class 'pybindgen.cppclass.CppClass.__init__.<locals>.ThisClassReturn'>, None, <pybindgen.typehandlers.ctypeparser.TypeTraits object at 0x7fca1cf9f0f0>))
DEBUG:pybindgen.typehandlers:TypeMatcher.lookup('ns3::Time::Unit')
DEBUG:pybindgen.typehandlers:try to lookup type handler for 'ns3::Time::Unit' => success ((<class 'pybindgen.enum.Enum.set_module.<locals>.ThisEnumParameter'>, None, <pybindgen.typehandlers.ctypeparser.TypeTraits object at 0x7fca1cf9f208>))
DEBUG:pybindgen.typehandlers:TypeMatcher.lookup('void')
DEBUG:pybindgen.typehandlers:try to lookup type handler for 'void' => success ((<class 'pybindgen.typehandlers.voidtype.VoidReturn'>, None, <pybindgen.typehandlers.ctypeparser.TypeTraits object at 0x7fca1cf9f550>))
DEBUG:pybindgen.typehandlers:TypeMatcher.lookup('ns3::Time::Unit')
DEBUG:pybindgen.typehandlers:try to lookup type handler for 'ns3::Time::Unit' => success ((<class 'pybindgen.enum.Enum.set_module.<locals>.ThisEnumParameter'>, None, <pybindgen.typehandlers.ctypeparser.TypeTraits object at 0x7fca1cf9f6a0>))
DEBUG:pybindgen.typehandlers:TypeMatcher.lookup('bool')
DEBUG:pybindgen.typehandlers:try to lookup type handler for 'bool' => success ((<class 'pybindgen.typehandlers.booltype.BoolReturn'>, None, <pybindgen.typehandlers.ctypeparser.TypeTraits object at 0x7fca1cf9f9e8>))
DEBUG:pybindgen.typehandlers:TypeMatcher.lookup('ns3::int64x64_t')
DEBUG:pybindgen.typehandlers:try to lookup type handler for 'ns3::int64x64_t' => success ((<class 'pybindgen.cppclass.CppClass.__init__.<locals>.ThisClassReturn'>, None, <pybindgen.typehandlers.ctypeparser.TypeTraits object at 0x7fca1cf9fda0>))
DEBUG:pybindgen.typehandlers:TypeMatcher.lookup('ns3::Time::Unit')
DEBUG:pybindgen.typehandlers:try to lookup type handler for 'ns3::Time::Unit' => success ((<class 'pybindgen.enum.Enum.set_module.<locals>.ThisEnumParameter'>, None, <pybindgen.typehandlers.ctypeparser.TypeTraits object at 0x7fca1cf9feb8>))
DEBUG:pybindgen.typehandlers:TypeMatcher.lookup('double')
DEBUG:pybindgen.typehandlers:try to lookup type handler for 'double' => success ((<class 'pybindgen.typehandlers.doubletype.DoubleReturn'>, None, <pybindgen.typehandlers.ctypeparser.TypeTraits object at 0x7fca1cf25240>))
DEBUG:pybindgen.typehandlers:TypeMatcher.lookup('ns3::Time::Unit')
DEBUG:pybindgen.typehandlers:try to lookup type handler for 'ns3::Time::Unit' => success ((<class 'pybindgen.enum.Enum.set_module.<locals>.ThisEnumParameter'>, None, <pybindgen.typehandlers.ctypeparser.TypeTraits object at 0x7fca1cf25390>))
DEBUG:pybindgen.typehandlers:TypeMatcher.lookup('int64_t')
DEBUG:pybindgen.typehandlers:try to lookup type handler for 'int64_t' => success ((<class 'pybindgen.typehandlers.inttype.LongLongReturn'>, None, <pybindgen.typehandlers.ctypeparser.TypeTraits object at 0x7fca1cf256d8>))
DEBUG:pybindgen.typehandlers:TypeMatcher.lookup('ns3::Time::Unit')
DEBUG:pybindgen.typehandlers:try to lookup type handler for 'ns3::Time::Unit' => success ((<class 'pybindgen.enum.Enum.set_module.<locals>.ThisEnumParameter'>, None, <pybindgen.typehandlers.ctypeparser.TypeTraits object at 0x7fca1cf25828>))
DEBUG:pybindgen.typehandlers:TypeMatcher.lookup('ns3::TimeWithUnit const &')
DEBUG:pybindgen.typehandlers:try to lookup type handler for 'ns3::TimeWithUnit const &' => success ((<class 'pybindgen.cppclass.CppClass.__init__.<locals>.ThisClassRefParameter'>, None, <pybindgen.typehandlers.ctypeparser.TypeTraits object at 0x7fca1cf25ba8>))
DEBUG:pybindgen.typehandlers:TypeMatcher.lookup('ns3::Time const')
DEBUG:pybindgen.typehandlers:try to lookup type handler for 'ns3::Time const' => success ((<class 'pybindgen.cppclass.CppClass.__init__.<locals>.ThisClassParameter'>, None, <pybindgen.typehandlers.ctypeparser.TypeTraits object at 0x7fca1cf25f98>))
DEBUG:pybindgen.typehandlers:TypeMatcher.lookup('ns3::Time::Unit const')
DEBUG:pybindgen.typehandlers:try to lookup type handler for 'ns3::Time::Unit const' => success ((<class 'pybindgen.enum.Enum.set_module.<locals>.ThisEnumParameter'>, None, <pybindgen.typehandlers.ctypeparser.TypeTraits object at 0x7fca1cf2d128>))
DEBUG:pybindgen.typehandlers:TypeMatcher.lookup('ns3::Timer const &')
DEBUG:pybindgen.typehandlers:try to lookup type handler for 'ns3::Timer const &' => success ((<class 'pybindgen.cppclass.CppClass.__init__.<locals>.ThisClassRefParameter'>, None, <pybindgen.typehandlers.ctypeparser.TypeTraits object at 0x7fca1cf2d470>))
DEBUG:pybindgen.typehandlers:TypeMatcher.lookup('ns3::Timer::DestroyPolicy')
DEBUG:pybindgen.typehandlers:try to lookup type handler for 'ns3::Timer::DestroyPolicy' => success ((<class 'pybindgen.enum.Enum.set_module.<locals>.ThisEnumParameter'>, None, <pybindgen.typehandlers.ctypeparser.TypeTraits object at 0x7fca1cf2dac8>))
DEBUG:pybindgen.typehandlers:TypeMatcher.lookup('void')
DEBUG:pybindgen.typehandlers:try to lookup type handler for 'void' => success ((<class 'pybindgen.typehandlers.voidtype.VoidReturn'>, None, <pybindgen.typehandlers.ctypeparser.TypeTraits object at 0x7fca1cf2ddd8>))
DEBUG:pybindgen.typehandlers:TypeMatcher.lookup('ns3::Time')
DEBUG:pybindgen.typehandlers:try to lookup type handler for 'ns3::Time' => success ((<class 'pybindgen.cppclass.CppClass.__init__.<locals>.ThisClassReturn'>, None, <pybindgen.typehandlers.ctypeparser.TypeTraits object at 0x7fca1cf36208>))
DEBUG:pybindgen.typehandlers:TypeMatcher.lookup('ns3::Time')
DEBUG:pybindgen.typehandlers:try to lookup type handler for 'ns3::Time' => success ((<class 'pybindgen.cppclass.CppClass.__init__.<locals>.ThisClassReturn'>, None, <pybindgen.typehandlers.ctypeparser.TypeTraits object at 0x7fca1cf36588>))
DEBUG:pybindgen.typehandlers:TypeMatcher.lookup('ns3::Timer::State')
DEBUG:pybindgen.typehandlers:try to lookup type handler for 'ns3::Timer::State' => success ((<class 'pybindgen.enum.Enum.set_module.<locals>.ThisEnumReturn'>, None, <pybindgen.typehandlers.ctypeparser.TypeTraits object at 0x7fca1cf36908>))
DEBUG:pybindgen.typehandlers:TypeMatcher.lookup('bool')
DEBUG:pybindgen.typehandlers:try to lookup type handler for 'bool' => success ((<class 'pybindgen.typehandlers.booltype.BoolReturn'>, None, <pybindgen.typehandlers.ctypeparser.TypeTraits object at 0x7fca1cf36c88>))
DEBUG:pybindgen.typehandlers:TypeMatcher.lookup('bool')
DEBUG:pybindgen.typehandlers:try to lookup type handler for 'bool' => success ((<class 'pybindgen.typehandlers.booltype.BoolReturn'>, None, <pybindgen.typehandlers.ctypeparser.TypeTraits object at 0x7fca1cf3d080>))
DEBUG:pybindgen.typehandlers:TypeMatcher.lookup('bool')
DEBUG:pybindgen.typehandlers:try to lookup type handler for 'bool' => success ((<class 'pybindgen.typehandlers.booltype.BoolReturn'>, None, <pybindgen.typehandlers.ctypeparser.TypeTraits object at 0x7fca1cf3d438>))
DEBUG:pybindgen.typehandlers:TypeMatcher.lookup('void')
DEBUG:pybindgen.typehandlers:try to lookup type handler for 'void' => success ((<class 'pybindgen.typehandlers.voidtype.VoidReturn'>, None, <pybindgen.typehandlers.ctypeparser.TypeTraits object at 0x7fca1cf3d7f0>))
DEBUG:pybindgen.typehandlers:TypeMatcher.lookup('void')
DEBUG:pybindgen.typehandlers:try to lookup type handler for 'void' => success ((<class 'pybindgen.typehandlers.voidtype.VoidReturn'>, None, <pybindgen.typehandlers.ctypeparser.TypeTraits object at 0x7fca1cf3dbe0>))
DEBUG:pybindgen.typehandlers:TypeMatcher.lookup('void')
DEBUG:pybindgen.typehandlers:try to lookup type handler for 'void' => success ((<class 'pybindgen.typehandlers.voidtype.VoidReturn'>, None, <pybindgen.typehandlers.ctypeparser.TypeTraits object at 0x7fca1cf3dfd0>))
DEBUG:pybindgen.typehandlers:TypeMatcher.lookup('void')
DEBUG:pybindgen.typehandlers:try to lookup type handler for 'void' => success ((<class 'pybindgen.typehandlers.voidtype.VoidReturn'>, None, <pybindgen.typehandlers.ctypeparser.TypeTraits object at 0x7fca1cf43400>))
DEBUG:pybindgen.typehandlers:TypeMatcher.lookup('ns3::Time')
DEBUG:pybindgen.typehandlers:try to lookup type handler for 'ns3::Time' => success ((<class 'pybindgen.cppclass.CppClass.__init__.<locals>.ThisClassParameter'>, None, <pybindgen.typehandlers.ctypeparser.TypeTraits object at 0x7fca1cf43550>))
DEBUG:pybindgen.typehandlers:TypeMatcher.lookup('void')
DEBUG:pybindgen.typehandlers:try to lookup type handler for 'void' => success ((<class 'pybindgen.typehandlers.voidtype.VoidReturn'>, None, <pybindgen.typehandlers.ctypeparser.TypeTraits object at 0x7fca1cf43860>))
DEBUG:pybindgen.typehandlers:TypeMatcher.lookup('ns3::Time const &')
DEBUG:pybindgen.typehandlers:try to lookup type handler for 'ns3::Time const &' => success ((<class 'pybindgen.cppclass.CppClass.__init__.<locals>.ThisClassRefParameter'>, None, <pybindgen.typehandlers.ctypeparser.TypeTraits object at 0x7fca1cf439b0>))
DEBUG:pybindgen.typehandlers:TypeMatcher.lookup('void')
DEBUG:pybindgen.typehandlers:try to lookup type handler for 'void' => success ((<class 'pybindgen.typehandlers.voidtype.VoidReturn'>, None, <pybindgen.typehandlers.ctypeparser.TypeTraits object at 0x7fca1cf43da0>))
DEBUG:pybindgen.typehandlers:TypeMatcher.lookup('ns3::TimerImpl const &')
DEBUG:pybindgen.typehandlers:try to lookup type handler for 'ns3::TimerImpl const &' => success ((<class 'pybindgen.cppclass.CppClass.__init__.<locals>.ThisClassRefParameter'>, None, <pybindgen.typehandlers.ctypeparser.TypeTraits object at 0x7fca1cf4c470>))
DEBUG:pybindgen.typehandlers:TypeMatcher.lookup('void')
DEBUG:pybindgen.typehandlers:try to lookup type handler for 'void' => success ((<class 'pybindgen.typehandlers.voidtype.VoidReturn'>, None, <pybindgen.typehandlers.ctypeparser.TypeTraits object at 0x7fca1cf4c828>))
DEBUG:pybindgen.typehandlers:TypeMatcher.lookup('ns3::EventId')
DEBUG:pybindgen.typehandlers:try to lookup type handler for 'ns3::EventId' => success ((<class 'pybindgen.cppclass.CppClass.__init__.<locals>.ThisClassReturn'>, None, <pybindgen.typehandlers.ctypeparser.TypeTraits object at 0x7fca1cf4ce10>))
DEBUG:pybindgen.typehandlers:TypeMatcher.lookup('ns3::Time const &')
DEBUG:pybindgen.typehandlers:try to lookup type handler for 'ns3::Time const &' => success ((<class 'pybindgen.cppclass.CppClass.__init__.<locals>.ThisClassRefParameter'>, None, <pybindgen.typehandlers.ctypeparser.TypeTraits object at 0x7fca1cf4cf28>))
DEBUG:pybindgen.typehandlers:TypeMatcher.lookup('std::string const &')
DEBUG:pybindgen.typehandlers:try to lookup type handler for 'std::string const &' => success ((<class 'pybindgen.typehandlers.stringtype.StdStringRefParam'>, None, <pybindgen.typehandlers.ctypeparser.TypeTraits object at 0x7fca1cf53588>))
DEBUG:pybindgen.typehandlers:TypeMatcher.lookup('ns3::TypeId const &')
DEBUG:pybindgen.typehandlers:try to lookup type handler for 'ns3::TypeId const &' => success ((<class 'pybindgen.cppclass.CppClass.__init__.<locals>.ThisClassRefParameter'>, None, <pybindgen.typehandlers.ctypeparser.TypeTraits object at 0x7fca1cf53be0>))
DEBUG:pybindgen.typehandlers:TypeMatcher.lookup('ns3::TypeId')
DEBUG:pybindgen.typehandlers:try to lookup type handler for 'ns3::TypeId' => success ((<class 'pybindgen.cppclass.CppClass.__init__.<locals>.ThisClassReturn'>, None, <pybindgen.typehandlers.ctypeparser.TypeTraits object at 0x7fca1cf53fd0>))
DEBUG:pybindgen.typehandlers:TypeMatcher.lookup('std::string')
DEBUG:pybindgen.typehandlers:try to lookup type handler for 'std::string' => success ((<class 'pybindgen.typehandlers.stringtype.StdStringParam'>, None, <pybindgen.typehandlers.ctypeparser.TypeTraits object at 0x7fca1cf5b128>))
DEBUG:pybindgen.typehandlers:TypeMatcher.lookup('std::string')
DEBUG:pybindgen.typehandlers:try to lookup type handler for 'std::string' => success ((<class 'pybindgen.typehandlers.stringtype.StdStringParam'>, None, <pybindgen.typehandlers.ctypeparser.TypeTraits object at 0x7fca1cf5b1d0>))
DEBUG:pybindgen.typehandlers:TypeMatcher.lookup('ns3::AttributeValue const &')
DEBUG:pybindgen.typehandlers:try to lookup type handler for 'ns3::AttributeValue const &' => success ((<class 'pybindgen.cppclass.CppClass.__init__.<locals>.ThisClassRefParameter'>, None, <pybindgen.typehandlers.ctypeparser.TypeTraits object at 0x7fca1cf5b2b0>))
DEBUG:pybindgen.typehandlers:TypeMatcher.lookup('ns3::Ptr< ns3::AttributeAccessor const >')
DEBUG:pybindgen.typehandlers:try to lookup type handler for 'ns3::Ptr< ns3::AttributeAccessor const >' => failure
DEBUG:pybindgen.typehandlers:try to lookup type handler for 'ns3::AttributeAccessor *' => success ((<class 'pybindgen.cppclass.MemoryPolicy.register_ptr_parameter_and_return.<locals>.ThisClassPtrParameter'>, <ns3modulegen_core_customizations.SmartPointerTransformation object at 0x7fca1d6d7048>, <pybindgen.typehandlers.ctypeparser.TypeTraits object at 0x7fca1cf5b6d8>))
DEBUG:pybindgen.typehandlers:TypeMatcher.lookup('ns3::Ptr< ns3::AttributeChecker const >')
DEBUG:pybindgen.typehandlers:try to lookup type handler for 'ns3::Ptr< ns3::AttributeChecker const >' => failure
DEBUG:pybindgen.typehandlers:try to lookup type handler for 'ns3::AttributeChecker *' => success ((<class 'pybindgen.cppclass.MemoryPolicy.register_ptr_parameter_and_return.<locals>.ThisClassPtrParameter'>, <ns3modulegen_core_customizations.SmartPointerTransformation object at 0x7fca1d6d7048>, <pybindgen.typehandlers.ctypeparser.TypeTraits object at 0x7fca1cf5b940>))
DEBUG:pybindgen.typehandlers:TypeMatcher.lookup('ns3::TypeId::SupportLevel')
DEBUG:pybindgen.typehandlers:try to lookup type handler for 'ns3::TypeId::SupportLevel' => success ((<class 'pybindgen.enum.Enum.set_module.<locals>.ThisEnumParameter'>, None, <pybindgen.typehandlers.ctypeparser.TypeTraits object at 0x7fca1cf5b940>))
DEBUG:pybindgen.typehandlers:TypeMatcher.lookup('std::string const &')
DEBUG:pybindgen.typehandlers:try to lookup type handler for 'std::string const &' => success ((<class 'pybindgen.typehandlers.stringtype.StdStringRefParam'>, None, <pybindgen.typehandlers.ctypeparser.TypeTraits object at 0x7fca1cf5b940>))
DEBUG:pybindgen.typehandlers:TypeMatcher.lookup('ns3::TypeId')
DEBUG:pybindgen.typehandlers:try to lookup type handler for 'ns3::TypeId' => success ((<class 'pybindgen.cppclass.CppClass.__init__.<locals>.ThisClassReturn'>, None, <pybindgen.typehandlers.ctypeparser.TypeTraits object at 0x7fca1cf5bdd8>))
DEBUG:pybindgen.typehandlers:TypeMatcher.lookup('std::string')
DEBUG:pybindgen.typehandlers:try to lookup type handler for 'std::string' => success ((<class 'pybindgen.typehandlers.stringtype.StdStringParam'>, None, <pybindgen.typehandlers.ctypeparser.TypeTraits object at 0x7fca1cf5bef0>))
DEBUG:pybindgen.typehandlers:TypeMatcher.lookup('std::string')
DEBUG:pybindgen.typehandlers:try to lookup type handler for 'std::string' => success ((<class 'pybindgen.typehandlers.stringtype.StdStringParam'>, None, <pybindgen.typehandlers.ctypeparser.TypeTraits object at 0x7fca1cf5bf98>))
DEBUG:pybindgen.typehandlers:TypeMatcher.lookup('uint32_t')
DEBUG:pybindgen.typehandlers:try to lookup type handler for 'uint32_t' => success ((<class 'pybindgen.typehandlers.inttype.UnsignedIntParam'>, None, <pybindgen.typehandlers.ctypeparser.TypeTraits object at 0x7fca1cee30b8>))
DEBUG:pybindgen.typehandlers:TypeMatcher.lookup('ns3::AttributeValue const &')
DEBUG:pybindgen.typehandlers:try to lookup type handler for 'ns3::AttributeValue const &' => success ((<class 'pybindgen.cppclass.CppClass.__init__.<locals>.ThisClassRefParameter'>, None, <pybindgen.typehandlers.ctypeparser.TypeTraits object at 0x7fca1cee3198>))
DEBUG:pybindgen.typehandlers:TypeMatcher.lookup('ns3::Ptr< ns3::AttributeAccessor const >')
DEBUG:pybindgen.typehandlers:try to lookup type handler for 'ns3::Ptr< ns3::AttributeAccessor const >' => failure
DEBUG:pybindgen.typehandlers:try to lookup type handler for 'ns3::AttributeAccessor *' => success ((<class 'pybindgen.cppclass.MemoryPolicy.register_ptr_parameter_and_return.<locals>.ThisClassPtrParameter'>, <ns3modulegen_core_customizations.SmartPointerTransformation object at 0x7fca1d6d7048>, <pybindgen.typehandlers.ctypeparser.TypeTraits object at 0x7fca1cee35c0>))
DEBUG:pybindgen.typehandlers:TypeMatcher.lookup('ns3::Ptr< ns3::AttributeChecker const >')
DEBUG:pybindgen.typehandlers:try to lookup type handler for 'ns3::Ptr< ns3::AttributeChecker const >' => failure
DEBUG:pybindgen.typehandlers:try to lookup type handler for 'ns3::AttributeChecker *' => success ((<class 'pybindgen.cppclass.MemoryPolicy.register_ptr_parameter_and_return.<locals>.ThisClassPtrParameter'>, <ns3modulegen_core_customizations.SmartPointerTransformation object at 0x7fca1d6d7048>, <pybindgen.typehandlers.ctypeparser.TypeTraits object at 0x7fca1cee3828>))
DEBUG:pybindgen.typehandlers:TypeMatcher.lookup('ns3::TypeId::SupportLevel')
DEBUG:pybindgen.typehandlers:try to lookup type handler for 'ns3::TypeId::SupportLevel' => success ((<class 'pybindgen.enum.Enum.set_module.<locals>.ThisEnumParameter'>, None, <pybindgen.typehandlers.ctypeparser.TypeTraits object at 0x7fca1cee3828>))
DEBUG:pybindgen.typehandlers:TypeMatcher.lookup('std::string const &')
DEBUG:pybindgen.typehandlers:try to lookup type handler for 'std::string const &' => success ((<class 'pybindgen.typehandlers.stringtype.StdStringRefParam'>, None, <pybindgen.typehandlers.ctypeparser.TypeTraits object at 0x7fca1cee3828>))
DEBUG:pybindgen.typehandlers:TypeMatcher.lookup('ns3::TypeId')
DEBUG:pybindgen.typehandlers:try to lookup type handler for 'ns3::TypeId' => success ((<class 'pybindgen.cppclass.CppClass.__init__.<locals>.ThisClassReturn'>, None, <pybindgen.typehandlers.ctypeparser.TypeTraits object at 0x7fca1cee3cc0>))
DEBUG:pybindgen.typehandlers:TypeMatcher.lookup('std::string')
DEBUG:pybindgen.typehandlers:try to lookup type handler for 'std::string' => success ((<class 'pybindgen.typehandlers.stringtype.StdStringParam'>, None, <pybindgen.typehandlers.ctypeparser.TypeTraits object at 0x7fca1cee3dd8>))
DEBUG:pybindgen.typehandlers:TypeMatcher.lookup('std::string')
DEBUG:pybindgen.typehandlers:try to lookup type handler for 'std::string' => success ((<class 'pybindgen.typehandlers.stringtype.StdStringParam'>, None, <pybindgen.typehandlers.ctypeparser.TypeTraits object at 0x7fca1cee3e80>))
DEBUG:pybindgen.typehandlers:TypeMatcher.lookup('ns3::Ptr< ns3::TraceSourceAccessor const >')
DEBUG:pybindgen.typehandlers:try to lookup type handler for 'ns3::Ptr< ns3::TraceSourceAccessor const >' => failure
DEBUG:pybindgen.typehandlers:try to lookup type handler for 'ns3::TraceSourceAccessor *' => success ((<class 'pybindgen.cppclass.MemoryPolicy.register_ptr_parameter_and_return.<locals>.ThisClassPtrParameter'>, <ns3modulegen_core_customizations.SmartPointerTransformation object at 0x7fca1d6d7048>, <pybindgen.typehandlers.ctypeparser.TypeTraits object at 0x7fca1cee8240>))
DEBUG:pybindgen.typehandlers:TypeMatcher.lookup('std::string')
DEBUG:pybindgen.typehandlers:try to lookup type handler for 'std::string' => success ((<class 'pybindgen.typehandlers.stringtype.StdStringParam'>, None, <pybindgen.typehandlers.ctypeparser.TypeTraits object at 0x7fca1cee8240>))
DEBUG:pybindgen.typehandlers:TypeMatcher.lookup('ns3::TypeId::SupportLevel')
DEBUG:pybindgen.typehandlers:try to lookup type handler for 'ns3::TypeId::SupportLevel' => success ((<class 'pybindgen.enum.Enum.set_module.<locals>.ThisEnumParameter'>, None, <pybindgen.typehandlers.ctypeparser.TypeTraits object at 0x7fca1cee82e8>))
DEBUG:pybindgen.typehandlers:TypeMatcher.lookup('std::string const &')
DEBUG:pybindgen.typehandlers:try to lookup type handler for 'std::string const &' => success ((<class 'pybindgen.typehandlers.stringtype.StdStringRefParam'>, None, <pybindgen.typehandlers.ctypeparser.TypeTraits object at 0x7fca1cee82e8>))
DEBUG:pybindgen.typehandlers:TypeMatcher.lookup('ns3::TypeId::AttributeInformation')
DEBUG:pybindgen.typehandlers:try to lookup type handler for 'ns3::TypeId::AttributeInformation' => success ((<class 'pybindgen.cppclass.CppClass.__init__.<locals>.ThisClassReturn'>, None, <pybindgen.typehandlers.ctypeparser.TypeTraits object at 0x7fca1cee87f0>))
DEBUG:pybindgen.typehandlers:TypeMatcher.lookup('std::size_t')
DEBUG:pybindgen.typehandlers:try to lookup type handler for 'std::size_t' => success ((<class 'pybindgen.typehandlers.inttype.SizeTParam'>, None, <pybindgen.typehandlers.ctypeparser.TypeTraits object at 0x7fca1cee8908>))
DEBUG:pybindgen.typehandlers:TypeMatcher.lookup('std::string')
DEBUG:pybindgen.typehandlers:try to lookup type handler for 'std::string' => success ((<class 'pybindgen.typehandlers.stringtype.StdStringReturn'>, None, <pybindgen.typehandlers.ctypeparser.TypeTraits object at 0x7fca1cee8c50>))
DEBUG:pybindgen.typehandlers:TypeMatcher.lookup('std::size_t')
DEBUG:pybindgen.typehandlers:try to lookup type handler for 'std::size_t' => success ((<class 'pybindgen.typehandlers.inttype.SizeTParam'>, None, <pybindgen.typehandlers.ctypeparser.TypeTraits object at 0x7fca1cee8d68>))
DEBUG:pybindgen.typehandlers:TypeMatcher.lookup('std::size_t')
DEBUG:pybindgen.typehandlers:try to lookup type handler for 'std::size_t' => success ((<class 'pybindgen.typehandlers.inttype.SizeTReturn'>, None, <pybindgen.typehandlers.ctypeparser.TypeTraits object at 0x7fca1ceef0f0>))
DEBUG:pybindgen.typehandlers:TypeMatcher.lookup('ns3::Callback< ns3::ObjectBase *, ns3::empty, ns3::empty, ns3::empty, ns3::empty, ns3::empty, ns3::empty, ns3::empty, ns3::empty, ns3::empty >')
DEBUG:pybindgen.typehandlers:try to lookup type handler for 'ns3::Callback< ns3::ObjectBase *, ns3::empty, ns3::empty, ns3::empty, ns3::empty, ns3::empty, ns3::empty, ns3::empty, ns3::empty, ns3::empty >' => failure
'ns3::Callback< ns3::ObjectBase *, ns3::empty, ns3::empty, ns3::empty, ns3::empty, ns3::empty, ns3::empty, ns3::empty, ns3::empty, ns3::empty >' did not match
/home/imran/ns-allinone-3.36.1/ns-3.36.1/src/dsdv/bindings/modulegen__gcc_LP64.py:3310: Warning: exception TypeLookupError(['ns3::Callback< ns3::ObjectBase *, ns3::empty, ns3::empty, ns3::empty, ns3::empty, ns3::empty, ns3::empty, ns3::empty, ns3::empty, ns3::empty >'],) in wrapper public: retval? ???::GetConstructor (params?) const;
  is_const=True)
DEBUG:pybindgen.typehandlers:TypeMatcher.lookup('std::string')
DEBUG:pybindgen.typehandlers:try to lookup type handler for 'std::string' => success ((<class 'pybindgen.typehandlers.stringtype.StdStringReturn'>, None, <pybindgen.typehandlers.ctypeparser.TypeTraits object at 0x7fca1ceef9e8>))
DEBUG:pybindgen.typehandlers:TypeMatcher.lookup('ns3::TypeId::hash_t')
DEBUG:pybindgen.typehandlers:try to lookup type handler for 'ns3::TypeId::hash_t' => success ((<class 'pybindgen.typehandlers.inttype.UnsignedIntReturn'>, None, <pybindgen.typehandlers.ctypeparser.TypeTraits object at 0x7fca1ceef7b8>))
DEBUG:pybindgen.typehandlers:TypeMatcher.lookup('std::string')
DEBUG:pybindgen.typehandlers:try to lookup type handler for 'std::string' => success ((<class 'pybindgen.typehandlers.stringtype.StdStringReturn'>, None, <pybindgen.typehandlers.ctypeparser.TypeTraits object at 0x7fca1ceefb70>))
DEBUG:pybindgen.typehandlers:TypeMatcher.lookup('ns3::TypeId')
DEBUG:pybindgen.typehandlers:try to lookup type handler for 'ns3::TypeId' => success ((<class 'pybindgen.cppclass.CppClass.__init__.<locals>.ThisClassReturn'>, None, <pybindgen.typehandlers.ctypeparser.TypeTraits object at 0x7fca1ceefef0>))
DEBUG:pybindgen.typehandlers:TypeMatcher.lookup('ns3::TypeId')
DEBUG:pybindgen.typehandlers:try to lookup type handler for 'ns3::TypeId' => success ((<class 'pybindgen.cppclass.CppClass.__init__.<locals>.ThisClassReturn'>, None, <pybindgen.typehandlers.ctypeparser.TypeTraits object at 0x7fca1cef62b0>))
DEBUG:pybindgen.typehandlers:TypeMatcher.lookup('uint16_t')
DEBUG:pybindgen.typehandlers:try to lookup type handler for 'uint16_t' => success ((<class 'pybindgen.typehandlers.inttype.UInt16Param'>, None, <pybindgen.typehandlers.ctypeparser.TypeTraits object at 0x7fca1cef63c8>))
DEBUG:pybindgen.typehandlers:TypeMatcher.lookup('uint16_t')
DEBUG:pybindgen.typehandlers:try to lookup type handler for 'uint16_t' => success ((<class 'pybindgen.typehandlers.inttype.UInt16Return'>, None, <pybindgen.typehandlers.ctypeparser.TypeTraits object at 0x7fca1cef6710>))
DEBUG:pybindgen.typehandlers:TypeMatcher.lookup('std::size_t')
DEBUG:pybindgen.typehandlers:try to lookup type handler for 'std::size_t' => success ((<class 'pybindgen.typehandlers.inttype.SizeTReturn'>, None, <pybindgen.typehandlers.ctypeparser.TypeTraits object at 0x7fca1cef6a90>))
DEBUG:pybindgen.typehandlers:TypeMatcher.lookup('ns3::TypeId::TraceSourceInformation')
DEBUG:pybindgen.typehandlers:try to lookup type handler for 'ns3::TypeId::TraceSourceInformation' => success ((<class 'pybindgen.cppclass.CppClass.__init__.<locals>.ThisClassReturn'>, None, <pybindgen.typehandlers.ctypeparser.TypeTraits object at 0x7fca1cef6e10>))
DEBUG:pybindgen.typehandlers:TypeMatcher.lookup('std::size_t')
DEBUG:pybindgen.typehandlers:try to lookup type handler for 'std::size_t' => success ((<class 'pybindgen.typehandlers.inttype.SizeTParam'>, None, <pybindgen.typehandlers.ctypeparser.TypeTraits object at 0x7fca1cef6f28>))
DEBUG:pybindgen.typehandlers:TypeMatcher.lookup('std::size_t')
DEBUG:pybindgen.typehandlers:try to lookup type handler for 'std::size_t' => success ((<class 'pybindgen.typehandlers.inttype.SizeTReturn'>, None, <pybindgen.typehandlers.ctypeparser.TypeTraits object at 0x7fca1cf002b0>))
DEBUG:pybindgen.typehandlers:TypeMatcher.lookup('uint16_t')
DEBUG:pybindgen.typehandlers:try to lookup type handler for 'uint16_t' => success ((<class 'pybindgen.typehandlers.inttype.UInt16Return'>, None, <pybindgen.typehandlers.ctypeparser.TypeTraits object at 0x7fca1cf00630>))
DEBUG:pybindgen.typehandlers:TypeMatcher.lookup('bool')
DEBUG:pybindgen.typehandlers:try to lookup type handler for 'bool' => success ((<class 'pybindgen.typehandlers.booltype.BoolReturn'>, None, <pybindgen.typehandlers.ctypeparser.TypeTraits object at 0x7fca1cf009b0>))
DEBUG:pybindgen.typehandlers:TypeMatcher.lookup('bool')
DEBUG:pybindgen.typehandlers:try to lookup type handler for 'bool' => success ((<class 'pybindgen.typehandlers.booltype.BoolReturn'>, None, <pybindgen.typehandlers.ctypeparser.TypeTraits object at 0x7fca1cf00d68>))
DEBUG:pybindgen.typehandlers:TypeMatcher.lookup('ns3::TypeId')
DEBUG:pybindgen.typehandlers:try to lookup type handler for 'ns3::TypeId' => success ((<class 'pybindgen.cppclass.CppClass.__init__.<locals>.ThisClassReturn'>, None, <pybindgen.typehandlers.ctypeparser.TypeTraits object at 0x7fca1cf05160>))
DEBUG:pybindgen.typehandlers:TypeMatcher.lookup('bool')
DEBUG:pybindgen.typehandlers:try to lookup type handler for 'bool' => success ((<class 'pybindgen.typehandlers.booltype.BoolReturn'>, None, <pybindgen.typehandlers.ctypeparser.TypeTraits object at 0x7fca1cf05518>))
DEBUG:pybindgen.typehandlers:TypeMatcher.lookup('ns3::TypeId')
DEBUG:pybindgen.typehandlers:try to lookup type handler for 'ns3::TypeId' => success ((<class 'pybindgen.cppclass.CppClass.__init__.<locals>.ThisClassParameter'>, None, <pybindgen.typehandlers.ctypeparser.TypeTraits object at 0x7fca1cf05668>))
DEBUG:pybindgen.typehandlers:TypeMatcher.lookup('bool')
DEBUG:pybindgen.typehandlers:try to lookup type handler for 'bool' => success ((<class 'pybindgen.typehandlers.booltype.BoolReturn'>, None, <pybindgen.typehandlers.ctypeparser.TypeTraits object at 0x7fca1cf059b0>))
DEBUG:pybindgen.typehandlers:TypeMatcher.lookup('std::string')
DEBUG:pybindgen.typehandlers:try to lookup type handler for 'std::string' => success ((<class 'pybindgen.typehandlers.stringtype.StdStringParam'>, None, <pybindgen.typehandlers.ctypeparser.TypeTraits object at 0x7fca1cf05b00>))
DEBUG:pybindgen.typehandlers:TypeMatcher.lookup('ns3::TypeId::AttributeInformation *')
DEBUG:pybindgen.typehandlers:try to lookup type handler for 'ns3::TypeId::AttributeInformation *' => success ((<class 'pybindgen.cppclass.CppClass.__init__.<locals>.ThisClassPtrParameter'>, None, <pybindgen.typehandlers.ctypeparser.TypeTraits object at 0x7fca1cf05ba8>))
DEBUG:pybindgen.typehandlers:TypeMatcher.lookup('ns3::TypeId')
DEBUG:pybindgen.typehandlers:try to lookup type handler for 'ns3::TypeId' => success ((<class 'pybindgen.cppclass.CppClass.__init__.<locals>.ThisClassReturn'>, None, <pybindgen.typehandlers.ctypeparser.TypeTraits object at 0x7fca1cf05f60>))
DEBUG:pybindgen.typehandlers:TypeMatcher.lookup('uint32_t')
DEBUG:pybindgen.typehandlers:try to lookup type handler for 'uint32_t' => success ((<class 'pybindgen.typehandlers.inttype.UnsignedIntParam'>, None, <pybindgen.typehandlers.ctypeparser.TypeTraits object at 0x7fca1cf0e0b8>))
DEBUG:pybindgen.typehandlers:TypeMatcher.lookup('bool')
DEBUG:pybindgen.typehandlers:try to lookup type handler for 'bool' => success ((<class 'pybindgen.typehandlers.booltype.BoolReturn'>, None, <pybindgen.typehandlers.ctypeparser.TypeTraits object at 0x7fca1cf0e400>))
DEBUG:pybindgen.typehandlers:TypeMatcher.lookup('uint32_t')
DEBUG:pybindgen.typehandlers:try to lookup type handler for 'uint32_t' => success ((<class 'pybindgen.typehandlers.inttype.UnsignedIntParam'>, None, <pybindgen.typehandlers.ctypeparser.TypeTraits object at 0x7fca1cf0e550>))
DEBUG:pybindgen.typehandlers:TypeMatcher.lookup('ns3::TypeId *')
DEBUG:pybindgen.typehandlers:try to lookup type handler for 'ns3::TypeId *' => success ((<class 'pybindgen.cppclass.CppClass.__init__.<locals>.ThisClassPtrParameter'>, None, <pybindgen.typehandlers.ctypeparser.TypeTraits object at 0x7fca1cf0e5f8>))
/home/imran/ns-allinone-3.36.1/ns-3.36.1/src/dsdv/bindings/modulegen__gcc_LP64.py:3394: Warning: exception TypeConfigurationError('Missing transfer_ownership option',) in wrapper public: retval? ???::LookupByHashFailSafe (params?);
  is_static=True)
DEBUG:pybindgen.typehandlers:TypeMatcher.lookup('ns3::TypeId')
DEBUG:pybindgen.typehandlers:try to lookup type handler for 'ns3::TypeId' => success ((<class 'pybindgen.cppclass.CppClass.__init__.<locals>.ThisClassReturn'>, None, <pybindgen.typehandlers.ctypeparser.TypeTraits object at 0x7fca1cf0e630>))
DEBUG:pybindgen.typehandlers:TypeMatcher.lookup('std::string')
DEBUG:pybindgen.typehandlers:try to lookup type handler for 'std::string' => success ((<class 'pybindgen.typehandlers.stringtype.StdStringParam'>, None, <pybindgen.typehandlers.ctypeparser.TypeTraits object at 0x7fca1cf0e7b8>))
DEBUG:pybindgen.typehandlers:TypeMatcher.lookup('ns3::Ptr< ns3::TraceSourceAccessor const >')
DEBUG:pybindgen.typehandlers:try to lookup type handler for 'ns3::Ptr< ns3::TraceSourceAccessor const >' => failure
DEBUG:pybindgen.typehandlers:try to lookup type handler for 'ns3::TraceSourceAccessor *' => success ((<class 'pybindgen.cppclass.MemoryPolicy.register_ptr_parameter_and_return.<locals>.ThisClassPtrReturn'>, <ns3modulegen_core_customizations.SmartPointerTransformation object at 0x7fca1d6d7048>, <pybindgen.typehandlers.ctypeparser.TypeTraits object at 0x7fca1cf0ed68>))
DEBUG:pybindgen.typehandlers:TypeMatcher.lookup('std::string')
DEBUG:pybindgen.typehandlers:try to lookup type handler for 'std::string' => success ((<class 'pybindgen.typehandlers.stringtype.StdStringParam'>, None, <pybindgen.typehandlers.ctypeparser.TypeTraits object at 0x7fca1cf0ecf8>))
DEBUG:pybindgen.typehandlers:TypeMatcher.lookup('ns3::Ptr< ns3::TraceSourceAccessor const >')
DEBUG:pybindgen.typehandlers:try to lookup type handler for 'ns3::Ptr< ns3::TraceSourceAccessor const >' => failure
DEBUG:pybindgen.typehandlers:try to lookup type handler for 'ns3::TraceSourceAccessor *' => success ((<class 'pybindgen.cppclass.MemoryPolicy.register_ptr_parameter_and_return.<locals>.ThisClassPtrReturn'>, <ns3modulegen_core_customizations.SmartPointerTransformation object at 0x7fca1d6d7048>, <pybindgen.typehandlers.ctypeparser.TypeTraits object at 0x7fca1cf14390>))
DEBUG:pybindgen.typehandlers:TypeMatcher.lookup('std::string')
DEBUG:pybindgen.typehandlers:try to lookup type handler for 'std::string' => success ((<class 'pybindgen.typehandlers.stringtype.StdStringParam'>, None, <pybindgen.typehandlers.ctypeparser.TypeTraits object at 0x7fca1cf14320>))
DEBUG:pybindgen.typehandlers:TypeMatcher.lookup('ns3::TypeId::TraceSourceInformation *')
DEBUG:pybindgen.typehandlers:try to lookup type handler for 'ns3::TypeId::TraceSourceInformation *' => success ((<class 'pybindgen.cppclass.CppClass.__init__.<locals>.ThisClassPtrParameter'>, None, <pybindgen.typehandlers.ctypeparser.TypeTraits object at 0x7fca1cf143c8>))
/home/imran/ns-allinone-3.36.1/ns-3.36.1/src/dsdv/bindings/modulegen__gcc_LP64.py:3409: Warning: exception TypeConfigurationError('Missing transfer_ownership option',) in wrapper public: retval? ???::LookupTraceSourceByName (params?) const;
  is_const=True)
DEBUG:pybindgen.typehandlers:TypeMatcher.lookup('bool')
DEBUG:pybindgen.typehandlers:try to lookup type handler for 'bool' => success ((<class 'pybindgen.typehandlers.booltype.BoolReturn'>, None, <pybindgen.typehandlers.ctypeparser.TypeTraits object at 0x7fca1cf0e710>))
DEBUG:pybindgen.typehandlers:TypeMatcher.lookup('bool')
DEBUG:pybindgen.typehandlers:try to lookup type handler for 'bool' => success ((<class 'pybindgen.typehandlers.booltype.BoolReturn'>, None, <pybindgen.typehandlers.ctypeparser.TypeTraits object at 0x7fca1cf14630>))
DEBUG:pybindgen.typehandlers:TypeMatcher.lookup('std::size_t')
DEBUG:pybindgen.typehandlers:try to lookup type handler for 'std::size_t' => success ((<class 'pybindgen.typehandlers.inttype.SizeTParam'>, None, <pybindgen.typehandlers.ctypeparser.TypeTraits object at 0x7fca1cf14780>))
DEBUG:pybindgen.typehandlers:TypeMatcher.lookup('ns3::Ptr< ns3::AttributeValue const >')
DEBUG:pybindgen.typehandlers:try to lookup type handler for 'ns3::Ptr< ns3::AttributeValue const >' => failure
DEBUG:pybindgen.typehandlers:try to lookup type handler for 'ns3::AttributeValue *' => success ((<class 'pybindgen.cppclass.MemoryPolicy.register_ptr_parameter_and_return.<locals>.ThisClassPtrParameter'>, <ns3modulegen_core_customizations.SmartPointerTransformation object at 0x7fca1d6d7048>, <pybindgen.typehandlers.ctypeparser.TypeTraits object at 0x7fca1cf14ac8>))
DEBUG:pybindgen.typehandlers:TypeMatcher.lookup('ns3::TypeId')
DEBUG:pybindgen.typehandlers:try to lookup type handler for 'ns3::TypeId' => success ((<class 'pybindgen.cppclass.CppClass.__init__.<locals>.ThisClassReturn'>, None, <pybindgen.typehandlers.ctypeparser.TypeTraits object at 0x7fca1cf14d30>))
DEBUG:pybindgen.typehandlers:TypeMatcher.lookup('std::string')
DEBUG:pybindgen.typehandlers:try to lookup type handler for 'std::string' => success ((<class 'pybindgen.typehandlers.stringtype.StdStringParam'>, None, <pybindgen.typehandlers.ctypeparser.TypeTraits object at 0x7fca1cf14e48>))
DEBUG:pybindgen.typehandlers:TypeMatcher.lookup('ns3::TypeId')
DEBUG:pybindgen.typehandlers:try to lookup type handler for 'ns3::TypeId' => success ((<class 'pybindgen.cppclass.CppClass.__init__.<locals>.ThisClassReturn'>, None, <pybindgen.typehandlers.ctypeparser.TypeTraits object at 0x7fca1cf1c1d0>))
DEBUG:pybindgen.typehandlers:TypeMatcher.lookup('ns3::TypeId')
DEBUG:pybindgen.typehandlers:try to lookup type handler for 'ns3::TypeId' => success ((<class 'pybindgen.cppclass.CppClass.__init__.<locals>.ThisClassParameter'>, None, <pybindgen.typehandlers.ctypeparser.TypeTraits object at 0x7fca1cf1c2e8>))
DEBUG:pybindgen.typehandlers:TypeMatcher.lookup('ns3::TypeId')
DEBUG:pybindgen.typehandlers:try to lookup type handler for 'ns3::TypeId' => success ((<class 'pybindgen.cppclass.CppClass.__init__.<locals>.ThisClassReturn'>, None, <pybindgen.typehandlers.ctypeparser.TypeTraits object at 0x7fca1cf1c630>))
DEBUG:pybindgen.typehandlers:TypeMatcher.lookup('std::size_t')
DEBUG:pybindgen.typehandlers:try to lookup type handler for 'std::size_t' => success ((<class 'pybindgen.typehandlers.inttype.SizeTParam'>, None, <pybindgen.typehandlers.ctypeparser.TypeTraits object at 0x7fca1cf1c748>))
DEBUG:pybindgen.typehandlers:TypeMatcher.lookup('void')
DEBUG:pybindgen.typehandlers:try to lookup type handler for 'void' => success ((<class 'pybindgen.typehandlers.voidtype.VoidReturn'>, None, <pybindgen.typehandlers.ctypeparser.TypeTraits object at 0x7fca1cf1ca90>))
DEBUG:pybindgen.typehandlers:TypeMatcher.lookup('uint16_t')
DEBUG:pybindgen.typehandlers:try to lookup type handler for 'uint16_t' => success ((<class 'pybindgen.typehandlers.inttype.UInt16Param'>, None, <pybindgen.typehandlers.ctypeparser.TypeTraits object at 0x7fca1cf1cbe0>))
DEBUG:pybindgen.typehandlers:TypeMatcher.lookup('ns3::TypeId::AttributeInformation const &')
DEBUG:pybindgen.typehandlers:try to lookup type handler for 'ns3::TypeId::AttributeInformation const &' => success ((<class 'pybindgen.cppclass.CppClass.__init__.<locals>.ThisClassRefParameter'>, None, <pybindgen.typehandlers.ctypeparser.TypeTraits object at 0x7fca1cea3208>))
DEBUG:pybindgen.typehandlers:TypeMatcher.lookup('ns3::Ptr< ns3::AttributeAccessor const >')
DEBUG:pybindgen.typehandlers:try to lookup type handler for 'ns3::Ptr< ns3::AttributeAccessor const >' => failure
DEBUG:pybindgen.typehandlers:try to lookup type handler for 'ns3::AttributeAccessor *' => success ((<class 'pybindgen.cppclass.MemoryPolicy.register_ptr_parameter_and_return.<locals>.ThisClassPtrReturn'>, <ns3modulegen_core_customizations.SmartPointerTransformation object at 0x7fca1d6d7048>, <pybindgen.typehandlers.ctypeparser.TypeTraits object at 0x7fca1cea37f0>))
DEBUG:pybindgen.typehandlers:TypeMatcher.lookup('ns3::Ptr< ns3::AttributeChecker const >')
DEBUG:pybindgen.typehandlers:try to lookup type handler for 'ns3::Ptr< ns3::AttributeChecker const >' => failure
DEBUG:pybindgen.typehandlers:try to lookup type handler for 'ns3::AttributeChecker *' => success ((<class 'pybindgen.cppclass.MemoryPolicy.register_ptr_parameter_and_return.<locals>.ThisClassPtrReturn'>, <ns3modulegen_core_customizations.SmartPointerTransformation object at 0x7fca1d6d7048>, <pybindgen.typehandlers.ctypeparser.TypeTraits object at 0x7fca1cea3eb8>))
DEBUG:pybindgen.typehandlers:TypeMatcher.lookup('uint32_t')
DEBUG:pybindgen.typehandlers:try to lookup type handler for 'uint32_t' => success ((<class 'pybindgen.typehandlers.inttype.UnsignedIntReturn'>, None, <pybindgen.typehandlers.ctypeparser.TypeTraits object at 0x7fca1ceaa358>))
DEBUG:pybindgen.typehandlers:TypeMatcher.lookup('std::string')
DEBUG:pybindgen.typehandlers:try to lookup type handler for 'std::string' => success ((<class 'pybindgen.typehandlers.stringtype.StdStringReturn'>, None, <pybindgen.typehandlers.ctypeparser.TypeTraits object at 0x7fca1ceaa898>))
DEBUG:pybindgen.typehandlers:TypeMatcher.lookup('ns3::Ptr< ns3::AttributeValue const >')
DEBUG:pybindgen.typehandlers:try to lookup type handler for 'ns3::Ptr< ns3::AttributeValue const >' => failure
DEBUG:pybindgen.typehandlers:try to lookup type handler for 'ns3::AttributeValue *' => success ((<class 'pybindgen.cppclass.MemoryPolicy.register_ptr_parameter_and_return.<locals>.ThisClassPtrReturn'>, <ns3modulegen_core_customizations.SmartPointerTransformation object at 0x7fca1d6d7048>, <pybindgen.typehandlers.ctypeparser.TypeTraits object at 0x7fca1ceb3080>))
DEBUG:pybindgen.typehandlers:TypeMatcher.lookup('std::string')
DEBUG:pybindgen.typehandlers:try to lookup type handler for 'std::string' => success ((<class 'pybindgen.typehandlers.stringtype.StdStringReturn'>, None, <pybindgen.typehandlers.ctypeparser.TypeTraits object at 0x7fca1ceb34e0>))
DEBUG:pybindgen.typehandlers:TypeMatcher.lookup('ns3::Ptr< ns3::AttributeValue const >')
DEBUG:pybindgen.typehandlers:try to lookup type handler for 'ns3::Ptr< ns3::AttributeValue const >' => failure
DEBUG:pybindgen.typehandlers:try to lookup type handler for 'ns3::AttributeValue *' => success ((<class 'pybindgen.cppclass.MemoryPolicy.register_ptr_parameter_and_return.<locals>.ThisClassPtrReturn'>, <ns3modulegen_core_customizations.SmartPointerTransformation object at 0x7fca1d6d7048>, <pybindgen.typehandlers.ctypeparser.TypeTraits object at 0x7fca1ceb3c88>))
DEBUG:pybindgen.typehandlers:TypeMatcher.lookup('ns3::TypeId::SupportLevel')
DEBUG:pybindgen.typehandlers:try to lookup type handler for 'ns3::TypeId::SupportLevel' => success ((<class 'pybindgen.enum.Enum.set_module.<locals>.ThisEnumReturn'>, None, <pybindgen.typehandlers.ctypeparser.TypeTraits object at 0x7fca1ceb9128>))
DEBUG:pybindgen.typehandlers:TypeMatcher.lookup('std::string')
DEBUG:pybindgen.typehandlers:try to lookup type handler for 'std::string' => success ((<class 'pybindgen.typehandlers.stringtype.StdStringReturn'>, None, <pybindgen.typehandlers.ctypeparser.TypeTraits object at 0x7fca1ceb9668>))
DEBUG:pybindgen.typehandlers:TypeMatcher.lookup('ns3::TypeId::TraceSourceInformation const &')
DEBUG:pybindgen.typehandlers:try to lookup type handler for 'ns3::TypeId::TraceSourceInformation const &' => success ((<class 'pybindgen.cppclass.CppClass.__init__.<locals>.ThisClassRefParameter'>, None, <pybindgen.typehandlers.ctypeparser.TypeTraits object at 0x7fca1ceb9e80>))
DEBUG:pybindgen.typehandlers:TypeMatcher.lookup('ns3::Ptr< ns3::TraceSourceAccessor const >')
DEBUG:pybindgen.typehandlers:try to lookup type handler for 'ns3::Ptr< ns3::TraceSourceAccessor const >' => failure
DEBUG:pybindgen.typehandlers:try to lookup type handler for 'ns3::TraceSourceAccessor *' => success ((<class 'pybindgen.cppclass.MemoryPolicy.register_ptr_parameter_and_return.<locals>.ThisClassPtrReturn'>, <ns3modulegen_core_customizations.SmartPointerTransformation object at 0x7fca1d6d7048>, <pybindgen.typehandlers.ctypeparser.TypeTraits object at 0x7fca1cec34a8>))
DEBUG:pybindgen.typehandlers:TypeMatcher.lookup('std::string')
DEBUG:pybindgen.typehandlers:try to lookup type handler for 'std::string' => success ((<class 'pybindgen.typehandlers.stringtype.StdStringReturn'>, None, <pybindgen.typehandlers.ctypeparser.TypeTraits object at 0x7fca1cec3908>))
DEBUG:pybindgen.typehandlers:TypeMatcher.lookup('std::string')
DEBUG:pybindgen.typehandlers:try to lookup type handler for 'std::string' => success ((<class 'pybindgen.typehandlers.stringtype.StdStringReturn'>, None, <pybindgen.typehandlers.ctypeparser.TypeTraits object at 0x7fca1cec3e48>))
DEBUG:pybindgen.typehandlers:TypeMatcher.lookup('std::string')
DEBUG:pybindgen.typehandlers:try to lookup type handler for 'std::string' => success ((<class 'pybindgen.typehandlers.stringtype.StdStringReturn'>, None, <pybindgen.typehandlers.ctypeparser.TypeTraits object at 0x7fca1cec93c8>))
DEBUG:pybindgen.typehandlers:TypeMatcher.lookup('ns3::TypeId::SupportLevel')
DEBUG:pybindgen.typehandlers:try to lookup type handler for 'ns3::TypeId::SupportLevel' => success ((<class 'pybindgen.enum.Enum.set_module.<locals>.ThisEnumReturn'>, None, <pybindgen.typehandlers.ctypeparser.TypeTraits object at 0x7fca1cec9908>))
DEBUG:pybindgen.typehandlers:TypeMatcher.lookup('std::string')
DEBUG:pybindgen.typehandlers:try to lookup type handler for 'std::string' => success ((<class 'pybindgen.typehandlers.stringtype.StdStringReturn'>, None, <pybindgen.typehandlers.ctypeparser.TypeTraits object at 0x7fca1cec9e48>))
DEBUG:pybindgen.typehandlers:TypeMatcher.lookup('ns3::empty const &')
DEBUG:pybindgen.typehandlers:try to lookup type handler for 'ns3::empty const &' => success ((<class 'pybindgen.cppclass.CppClass.__init__.<locals>.ThisClassRefParameter'>, None, <pybindgen.typehandlers.ctypeparser.TypeTraits object at 0x7fca1ced26a0>))
DEBUG:pybindgen.typehandlers:TypeMatcher.lookup('ns3::Time const &')
DEBUG:pybindgen.typehandlers:try to lookup type handler for 'ns3::Time const &' => success ((<class 'pybindgen.cppclass.CppClass.__init__.<locals>.ThisClassRefParameter'>, None, <pybindgen.typehandlers.ctypeparser.TypeTraits object at 0x7fca1ced2a20>))
DEBUG:pybindgen.typehandlers:TypeMatcher.lookup('ns3::int64x64_t const &')
DEBUG:pybindgen.typehandlers:try to lookup type handler for 'ns3::int64x64_t const &' => success ((<class 'pybindgen.cppclass.CppClass.__init__.<locals>.ThisClassRefParameter'>, None, <pybindgen.typehandlers.ctypeparser.TypeTraits object at 0x7fca1ced2be0>))
DEBUG:pybindgen.typehandlers:TypeMatcher.lookup('ns3::int64x64_t const &')
DEBUG:pybindgen.typehandlers:try to lookup type handler for 'ns3::int64x64_t const &' => success ((<class 'pybindgen.cppclass.CppClass.__init__.<locals>.ThisClassRefParameter'>, None, <pybindgen.typehandlers.ctypeparser.TypeTraits object at 0x7fca1ced2d68>))
DEBUG:pybindgen.typehandlers:TypeMatcher.lookup('ns3::int64x64_t const &')
DEBUG:pybindgen.typehandlers:try to lookup type handler for 'ns3::int64x64_t const &' => success ((<class 'pybindgen.cppclass.CppClass.__init__.<locals>.ThisClassRefParameter'>, None, <pybindgen.typehandlers.ctypeparser.TypeTraits object at 0x7fca1ced2ef0>))
DEBUG:pybindgen.typehandlers:TypeMatcher.lookup('ns3::int64x64_t const &')
DEBUG:pybindgen.typehandlers:try to lookup type handler for 'ns3::int64x64_t const &' => success ((<class 'pybindgen.cppclass.CppClass.__init__.<locals>.ThisClassRefParameter'>, None, <pybindgen.typehandlers.ctypeparser.TypeTraits object at 0x7fca1ced90b8>))
DEBUG:pybindgen.typehandlers:TypeMatcher.lookup('ns3::int64x64_t const &')
DEBUG:pybindgen.typehandlers:try to lookup type handler for 'ns3::int64x64_t const &' => success ((<class 'pybindgen.cppclass.CppClass.__init__.<locals>.ThisClassRefParameter'>, None, <pybindgen.typehandlers.ctypeparser.TypeTraits object at 0x7fca1ced9240>))
DEBUG:pybindgen.typehandlers:TypeMatcher.lookup('ns3::int64x64_t const &')
DEBUG:pybindgen.typehandlers:try to lookup type handler for 'ns3::int64x64_t const &' => success ((<class 'pybindgen.cppclass.CppClass.__init__.<locals>.ThisClassRefParameter'>, None, <pybindgen.typehandlers.ctypeparser.TypeTraits object at 0x7fca1ced93c8>))
DEBUG:pybindgen.typehandlers:TypeMatcher.lookup('ns3::int64x64_t const &')
DEBUG:pybindgen.typehandlers:try to lookup type handler for 'ns3::int64x64_t const &' => success ((<class 'pybindgen.cppclass.CppClass.__init__.<locals>.ThisClassRefParameter'>, None, <pybindgen.typehandlers.ctypeparser.TypeTraits object at 0x7fca1ced9550>))
DEBUG:pybindgen.typehandlers:TypeMatcher.lookup('ns3::int64x64_t const &')
DEBUG:pybindgen.typehandlers:try to lookup type handler for 'ns3::int64x64_t const &' => success ((<class 'pybindgen.cppclass.CppClass.__init__.<locals>.ThisClassRefParameter'>, None, <pybindgen.typehandlers.ctypeparser.TypeTraits object at 0x7fca1ced96d8>))
DEBUG:pybindgen.typehandlers:TypeMatcher.lookup('double const')
DEBUG:pybindgen.typehandlers:try to lookup type handler for 'double const' => success ((<class 'pybindgen.typehandlers.doubletype.DoubleParam'>, None, <pybindgen.typehandlers.ctypeparser.TypeTraits object at 0x7fca1ced9b00>))
DEBUG:pybindgen.typehandlers:TypeMatcher.lookup('long double const')
DEBUG:pybindgen.typehandlers:try to lookup type handler for 'long double const' => failure
'long double const' did not match
/home/imran/ns-allinone-3.36.1/ns-3.36.1/src/dsdv/bindings/modulegen__gcc_LP64.py:3510: Warning: exception TypeLookupError(['long double'],) in wrapper <pybindgen.cppmethod.CppConstructor object at 0x7fca1ced9e80>
  cls.add_constructor([param('long double const', 'value')])
DEBUG:pybindgen.typehandlers:TypeMatcher.lookup('int const')
DEBUG:pybindgen.typehandlers:try to lookup type handler for 'int const' => success ((<class 'pybindgen.typehandlers.inttype.IntParam'>, None, <pybindgen.typehandlers.ctypeparser.TypeTraits object at 0x7fca1cedf0b8>))
DEBUG:pybindgen.typehandlers:TypeMatcher.lookup('long int const')
DEBUG:pybindgen.typehandlers:try to lookup type handler for 'long int const' => success ((<class 'pybindgen.typehandlers.inttype.LongParam'>, None, <pybindgen.typehandlers.ctypeparser.TypeTraits object at 0x7fca1cedf518>))
DEBUG:pybindgen.typehandlers:TypeMatcher.lookup('long long int const')
DEBUG:pybindgen.typehandlers:try to lookup type handler for 'long long int const' => success ((<class 'pybindgen.typehandlers.inttype.LongLongParam'>, None, <pybindgen.typehandlers.ctypeparser.TypeTraits object at 0x7fca1ced9f60>))
DEBUG:pybindgen.typehandlers:TypeMatcher.lookup('unsigned int const')
DEBUG:pybindgen.typehandlers:try to lookup type handler for 'unsigned int const' => success ((<class 'pybindgen.typehandlers.inttype.UnsignedIntParam'>, None, <pybindgen.typehandlers.ctypeparser.TypeTraits object at 0x7fca1cedfcc0>))
DEBUG:pybindgen.typehandlers:TypeMatcher.lookup('long unsigned int const')
DEBUG:pybindgen.typehandlers:try to lookup type handler for 'long unsigned int const' => success ((<class 'pybindgen.typehandlers.inttype.UnsignedLongParam'>, None, <pybindgen.typehandlers.ctypeparser.TypeTraits object at 0x7fca1ce67128>))
DEBUG:pybindgen.typehandlers:TypeMatcher.lookup('long long unsigned int const')
DEBUG:pybindgen.typehandlers:try to lookup type handler for 'long long unsigned int const' => success ((<class 'pybindgen.typehandlers.inttype.UnsignedLongLongParam'>, None, <pybindgen.typehandlers.ctypeparser.TypeTraits object at 0x7fca1ce67630>))
DEBUG:pybindgen.typehandlers:TypeMatcher.lookup('int128_t const')
DEBUG:pybindgen.typehandlers:try to lookup type handler for 'int128_t const' => failure
'int128_t const' did not match
/home/imran/ns-allinone-3.36.1/ns-3.36.1/src/dsdv/bindings/modulegen__gcc_LP64.py:3524: Warning: exception TypeLookupError(['int128_t'],) in wrapper <pybindgen.cppmethod.CppConstructor object at 0x7fca1ce67b00>
  cls.add_constructor([param('int128_t const', 'v')])
DEBUG:pybindgen.typehandlers:TypeMatcher.lookup('int64_t const')
DEBUG:pybindgen.typehandlers:try to lookup type handler for 'int64_t const' => success ((<class 'pybindgen.typehandlers.inttype.LongLongParam'>, None, <pybindgen.typehandlers.ctypeparser.TypeTraits object at 0x7fca1ce67c88>))
DEBUG:pybindgen.typehandlers:TypeMatcher.lookup('uint64_t const')
DEBUG:pybindgen.typehandlers:try to lookup type handler for 'uint64_t const' => success ((<class 'pybindgen.typehandlers.inttype.UnsignedLongLongParam'>, None, <pybindgen.typehandlers.ctypeparser.TypeTraits object at 0x7fca1ce67e48>))
DEBUG:pybindgen.typehandlers:TypeMatcher.lookup('ns3::int64x64_t const &')
DEBUG:pybindgen.typehandlers:try to lookup type handler for 'ns3::int64x64_t const &' => success ((<class 'pybindgen.cppclass.CppClass.__init__.<locals>.ThisClassRefParameter'>, None, <pybindgen.typehandlers.ctypeparser.TypeTraits object at 0x7fca1ce6e240>))
DEBUG:pybindgen.typehandlers:TypeMatcher.lookup('double')
DEBUG:pybindgen.typehandlers:try to lookup type handler for 'double' => success ((<class 'pybindgen.typehandlers.doubletype.DoubleReturn'>, None, <pybindgen.typehandlers.ctypeparser.TypeTraits object at 0x7fca1ce6e5f8>))
DEBUG:pybindgen.typehandlers:TypeMatcher.lookup('int64_t')
DEBUG:pybindgen.typehandlers:try to lookup type handler for 'int64_t' => success ((<class 'pybindgen.typehandlers.inttype.LongLongReturn'>, None, <pybindgen.typehandlers.ctypeparser.TypeTraits object at 0x7fca1ce6e9b0>))
DEBUG:pybindgen.typehandlers:TypeMatcher.lookup('int64_t')
DEBUG:pybindgen.typehandlers:try to lookup type handler for 'int64_t' => success ((<class 'pybindgen.typehandlers.inttype.LongLongReturn'>, None, <pybindgen.typehandlers.ctypeparser.TypeTraits object at 0x7fca1ce6ed68>))
DEBUG:pybindgen.typehandlers:TypeMatcher.lookup('uint64_t')
DEBUG:pybindgen.typehandlers:try to lookup type handler for 'uint64_t' => success ((<class 'pybindgen.typehandlers.inttype.UnsignedLongLongReturn'>, None, <pybindgen.typehandlers.ctypeparser.TypeTraits object at 0x7fca1ce75160>))
DEBUG:pybindgen.typehandlers:TypeMatcher.lookup('ns3::int64x64_t')
DEBUG:pybindgen.typehandlers:try to lookup type handler for 'ns3::int64x64_t' => success ((<class 'pybindgen.cppclass.CppClass.__init__.<locals>.ThisClassReturn'>, None, <pybindgen.typehandlers.ctypeparser.TypeTraits object at 0x7fca1ce67b38>))
DEBUG:pybindgen.typehandlers:TypeMatcher.lookup('uint64_t const')
DEBUG:pybindgen.typehandlers:try to lookup type handler for 'uint64_t const' => success ((<class 'pybindgen.typehandlers.inttype.UnsignedLongLongParam'>, None, <pybindgen.typehandlers.ctypeparser.TypeTraits object at 0x7fca1ce754a8>))
DEBUG:pybindgen.typehandlers:TypeMatcher.lookup('void')
DEBUG:pybindgen.typehandlers:try to lookup type handler for 'void' => success ((<class 'pybindgen.typehandlers.voidtype.VoidReturn'>, None, <pybindgen.typehandlers.ctypeparser.TypeTraits object at 0x7fca1ce75860>))
DEBUG:pybindgen.typehandlers:TypeMatcher.lookup('ns3::int64x64_t const &')
DEBUG:pybindgen.typehandlers:try to lookup type handler for 'ns3::int64x64_t const &' => success ((<class 'pybindgen.cppclass.CppClass.__init__.<locals>.ThisClassRefParameter'>, None, <pybindgen.typehandlers.ctypeparser.TypeTraits object at 0x7fca1ce759b0>))
DEBUG:pybindgen.typehandlers:TypeMatcher.lookup('int64_t')
DEBUG:pybindgen.typehandlers:try to lookup type handler for 'int64_t' => success ((<class 'pybindgen.typehandlers.inttype.LongLongReturn'>, None, <pybindgen.typehandlers.ctypeparser.TypeTraits object at 0x7fca1ce75da0>))
DEBUG:pybindgen.typehandlers:TypeMatcher.lookup('ns3::int64x64_t::impl_type const')
DEBUG:pybindgen.typehandlers:try to lookup type handler for 'ns3::int64x64_t::impl_type const' => success ((<class 'pybindgen.enum.Enum.set_module.<locals>.ThisEnumReturn'>, None, <pybindgen.typehandlers.ctypeparser.TypeTraits object at 0x7fca1ce7c160>))
DEBUG:pybindgen.typehandlers:TypeMatcher.lookup('ns3::Chunk const &')
DEBUG:pybindgen.typehandlers:try to lookup type handler for 'ns3::Chunk const &' => success ((<class 'pybindgen.cppclass.CppClass.__init__.<locals>.ThisClassRefParameter'>, None, <pybindgen.typehandlers.ctypeparser.TypeTraits object at 0x7fca1ce7c780>))
DEBUG:pybindgen.typehandlers:TypeMatcher.lookup('uint32_t')
DEBUG:pybindgen.typehandlers:try to lookup type handler for 'uint32_t' => success ((<class 'pybindgen.typehandlers.inttype.UnsignedIntReturn'>, None, <pybindgen.typehandlers.ctypeparser.TypeTraits object at 0x7fca1ce7cb38>))
DEBUG:pybindgen.typehandlers:TypeMatcher.lookup('ns3::Buffer::Iterator')
DEBUG:pybindgen.typehandlers:try to lookup type handler for 'ns3::Buffer::Iterator' => success ((<class 'pybindgen.cppclass.CppClass.__init__.<locals>.ThisClassParameter'>, None, <pybindgen.typehandlers.ctypeparser.TypeTraits object at 0x7fca1ce7cc50>))
DEBUG:pybindgen.typehandlers:TypeMatcher.lookup('uint32_t')
DEBUG:pybindgen.typehandlers:try to lookup type handler for 'uint32_t' => success ((<class 'pybindgen.typehandlers.inttype.UnsignedIntReturn'>, None, <pybindgen.typehandlers.ctypeparser.TypeTraits object at 0x7fca1ce85208>))
DEBUG:pybindgen.typehandlers:TypeMatcher.lookup('ns3::Buffer::Iterator')
DEBUG:pybindgen.typehandlers:try to lookup type handler for 'ns3::Buffer::Iterator' => success ((<class 'pybindgen.cppclass.CppClass.__init__.<locals>.ThisClassParameter'>, None, <pybindgen.typehandlers.ctypeparser.TypeTraits object at 0x7fca1ce85320>))
DEBUG:pybindgen.typehandlers:TypeMatcher.lookup('ns3::Buffer::Iterator')
DEBUG:pybindgen.typehandlers:try to lookup type handler for 'ns3::Buffer::Iterator' => success ((<class 'pybindgen.cppclass.CppClass.__init__.<locals>.ThisClassParameter'>, None, <pybindgen.typehandlers.ctypeparser.TypeTraits object at 0x7fca1ce853c8>))
DEBUG:pybindgen.typehandlers:TypeMatcher.lookup('ns3::TypeId')
DEBUG:pybindgen.typehandlers:try to lookup type handler for 'ns3::TypeId' => success ((<class 'pybindgen.cppclass.CppClass.__init__.<locals>.ThisClassReturn'>, None, <pybindgen.typehandlers.ctypeparser.TypeTraits object at 0x7fca1ce85908>))
DEBUG:pybindgen.typehandlers:TypeMatcher.lookup('void')
DEBUG:pybindgen.typehandlers:try to lookup type handler for 'void' => success ((<class 'pybindgen.typehandlers.voidtype.VoidReturn'>, None, <pybindgen.typehandlers.ctypeparser.TypeTraits object at 0x7fca1cf14240>))
DEBUG:pybindgen.typehandlers:TypeMatcher.lookup('std::ostream &')
DEBUG:pybindgen.typehandlers:try to lookup type handler for 'std::ostream &' => failure
'std::ostream &' did not match
/home/imran/ns-allinone-3.36.1/ns-3.36.1/src/dsdv/bindings/modulegen__gcc_LP64.py:3591: Warning: exception TypeLookupError(['std::ostream &'],) in wrapper public: virtual retval? ???::Print (params?) const = 0;
  is_const=True, is_pure_virtual=True, is_virtual=True)
DEBUG:pybindgen.typehandlers:TypeMatcher.lookup('ns3::DsdvHelper const &')
DEBUG:pybindgen.typehandlers:try to lookup type handler for 'ns3::DsdvHelper const &' => success ((<class 'pybindgen.cppclass.CppClass.__init__.<locals>.ThisClassRefParameter'>, None, <pybindgen.typehandlers.ctypeparser.TypeTraits object at 0x7fca1ce85f98>))
DEBUG:pybindgen.typehandlers:TypeMatcher.lookup('ns3::DsdvHelper *')
DEBUG:pybindgen.typehandlers:try to lookup type handler for 'ns3::DsdvHelper *' => success ((<class 'pybindgen.cppclass.CppClass.__init__.<locals>.ThisClassPtrReturn'>, None, <pybindgen.typehandlers.ctypeparser.TypeTraits object at 0x7fca1ce8d5f8>))
DEBUG:pybindgen.typehandlers:TypeMatcher.lookup('ns3::Ptr< ns3::Ipv4RoutingProtocol >')
DEBUG:pybindgen.typehandlers:try to lookup type handler for 'ns3::Ptr< ns3::Ipv4RoutingProtocol >' => failure
DEBUG:pybindgen.typehandlers:try to lookup type handler for 'ns3::Ipv4RoutingProtocol *' => success ((<class 'pybindgen.cppclass.MemoryPolicy.register_ptr_parameter_and_return.<locals>.ThisClassPtrReturn'>, <ns3modulegen_core_customizations.SmartPointerTransformation object at 0x7fca1d6d7048>, <pybindgen.typehandlers.ctypeparser.TypeTraits object at 0x7fca1ce8de10>))
DEBUG:pybindgen.typehandlers:TypeMatcher.lookup('ns3::Ptr< ns3::Node >')
DEBUG:pybindgen.typehandlers:try to lookup type handler for 'ns3::Ptr< ns3::Node >' => failure
DEBUG:pybindgen.typehandlers:try to lookup type handler for 'ns3::Node *' => success ((<class 'pybindgen.cppclass.MemoryPolicy.register_ptr_parameter_and_return.<locals>.ThisClassPtrParameter'>, <ns3modulegen_core_customizations.SmartPointerTransformation object at 0x7fca1d6d7048>, <pybindgen.typehandlers.ctypeparser.TypeTraits object at 0x7fca1ce94080>))
DEBUG:pybindgen.typehandlers:TypeMatcher.lookup('void')
DEBUG:pybindgen.typehandlers:try to lookup type handler for 'void' => success ((<class 'pybindgen.typehandlers.voidtype.VoidReturn'>, None, <pybindgen.typehandlers.ctypeparser.TypeTraits object at 0x7fca1ce944a8>))
DEBUG:pybindgen.typehandlers:TypeMatcher.lookup('std::string')
DEBUG:pybindgen.typehandlers:try to lookup type handler for 'std::string' => success ((<class 'pybindgen.typehandlers.stringtype.StdStringParam'>, None, <pybindgen.typehandlers.ctypeparser.TypeTraits object at 0x7fca1ce945f8>))
DEBUG:pybindgen.typehandlers:TypeMatcher.lookup('ns3::AttributeValue const &')
DEBUG:pybindgen.typehandlers:try to lookup type handler for 'ns3::AttributeValue const &' => success ((<class 'pybindgen.cppclass.CppClass.__init__.<locals>.ThisClassRefParameter'>, None, <pybindgen.typehandlers.ctypeparser.TypeTraits object at 0x7fca1ce946a0>))
DEBUG:pybindgen.typehandlers:TypeMatcher.lookup('ns3::Header const &')
DEBUG:pybindgen.typehandlers:try to lookup type handler for 'ns3::Header const &' => success ((<class 'pybindgen.cppclass.CppClass.__init__.<locals>.ThisClassRefParameter'>, None, <pybindgen.typehandlers.ctypeparser.TypeTraits object at 0x7fca1ce94d68>))
DEBUG:pybindgen.typehandlers:TypeMatcher.lookup('uint32_t')
DEBUG:pybindgen.typehandlers:try to lookup type handler for 'uint32_t' => success ((<class 'pybindgen.typehandlers.inttype.UnsignedIntReturn'>, None, <pybindgen.typehandlers.ctypeparser.TypeTraits object at 0x7fca1ce85198>))
DEBUG:pybindgen.typehandlers:TypeMatcher.lookup('ns3::Buffer::Iterator')
DEBUG:pybindgen.typehandlers:try to lookup type handler for 'ns3::Buffer::Iterator' => success ((<class 'pybindgen.cppclass.CppClass.__init__.<locals>.ThisClassParameter'>, None, <pybindgen.typehandlers.ctypeparser.TypeTraits object at 0x7fca1ce850b8>))
DEBUG:pybindgen.typehandlers:TypeMatcher.lookup('uint32_t')
DEBUG:pybindgen.typehandlers:try to lookup type handler for 'uint32_t' => success ((<class 'pybindgen.typehandlers.inttype.UnsignedIntReturn'>, None, <pybindgen.typehandlers.ctypeparser.TypeTraits object at 0x7fca1ce94f28>))
DEBUG:pybindgen.typehandlers:TypeMatcher.lookup('ns3::TypeId')
DEBUG:pybindgen.typehandlers:try to lookup type handler for 'ns3::TypeId' => success ((<class 'pybindgen.cppclass.CppClass.__init__.<locals>.ThisClassReturn'>, None, <pybindgen.typehandlers.ctypeparser.TypeTraits object at 0x7fca1ce9b2e8>))
DEBUG:pybindgen.typehandlers:TypeMatcher.lookup('void')
DEBUG:pybindgen.typehandlers:try to lookup type handler for 'void' => success ((<class 'pybindgen.typehandlers.voidtype.VoidReturn'>, None, <pybindgen.typehandlers.ctypeparser.TypeTraits object at 0x7fca1ce9b668>))
DEBUG:pybindgen.typehandlers:TypeMatcher.lookup('std::ostream &')
DEBUG:pybindgen.typehandlers:try to lookup type handler for 'std::ostream &' => failure
'std::ostream &' did not match
/home/imran/ns-allinone-3.36.1/ns-3.36.1/src/dsdv/bindings/modulegen__gcc_LP64.py:3640: Warning: exception TypeLookupError(['std::ostream &'],) in wrapper public: virtual retval? ???::Print (params?) const = 0;
  is_const=True, is_pure_virtual=True, is_virtual=True)
DEBUG:pybindgen.typehandlers:TypeMatcher.lookup('void')
DEBUG:pybindgen.typehandlers:try to lookup type handler for 'void' => success ((<class 'pybindgen.typehandlers.voidtype.VoidReturn'>, None, <pybindgen.typehandlers.ctypeparser.TypeTraits object at 0x7fca1ce9bd30>))
DEBUG:pybindgen.typehandlers:TypeMatcher.lookup('ns3::Buffer::Iterator')
DEBUG:pybindgen.typehandlers:try to lookup type handler for 'ns3::Buffer::Iterator' => success ((<class 'pybindgen.cppclass.CppClass.__init__.<locals>.ThisClassParameter'>, None, <pybindgen.typehandlers.ctypeparser.TypeTraits object at 0x7fca1ce9be80>))
DEBUG:pybindgen.typehandlers:TypeMatcher.lookup('ns3::Ipv4Header const &')
DEBUG:pybindgen.typehandlers:try to lookup type handler for 'ns3::Ipv4Header const &' => success ((<class 'pybindgen.cppclass.CppClass.__init__.<locals>.ThisClassRefParameter'>, None, <pybindgen.typehandlers.ctypeparser.TypeTraits object at 0x7fca1ce22240>))
DEBUG:pybindgen.typehandlers:TypeMatcher.lookup('uint32_t')
DEBUG:pybindgen.typehandlers:try to lookup type handler for 'uint32_t' => success ((<class 'pybindgen.typehandlers.inttype.UnsignedIntReturn'>, None, <pybindgen.typehandlers.ctypeparser.TypeTraits object at 0x7fca1ce22860>))
DEBUG:pybindgen.typehandlers:TypeMatcher.lookup('ns3::Buffer::Iterator')
DEBUG:pybindgen.typehandlers:try to lookup type handler for 'ns3::Buffer::Iterator' => success ((<class 'pybindgen.cppclass.CppClass.__init__.<locals>.ThisClassParameter'>, None, <pybindgen.typehandlers.ctypeparser.TypeTraits object at 0x7fca1ce22978>))
DEBUG:pybindgen.typehandlers:TypeMatcher.lookup('std::string')
DEBUG:pybindgen.typehandlers:try to lookup type handler for 'std::string' => success ((<class 'pybindgen.typehandlers.stringtype.StdStringReturn'>, None, <pybindgen.typehandlers.ctypeparser.TypeTraits object at 0x7fca1ce22cc0>))
DEBUG:pybindgen.typehandlers:TypeMatcher.lookup('ns3::Ipv4Header::DscpType')
DEBUG:pybindgen.typehandlers:try to lookup type handler for 'ns3::Ipv4Header::DscpType' => success ((<class 'pybindgen.enum.Enum.set_module.<locals>.ThisEnumParameter'>, None, <pybindgen.typehandlers.ctypeparser.TypeTraits object at 0x7fca1ce22dd8>))
DEBUG:pybindgen.typehandlers:TypeMatcher.lookup('std::string')
DEBUG:pybindgen.typehandlers:try to lookup type handler for 'std::string' => success ((<class 'pybindgen.typehandlers.stringtype.StdStringReturn'>, None, <pybindgen.typehandlers.ctypeparser.TypeTraits object at 0x7fca1ce9b7b8>))
DEBUG:pybindgen.typehandlers:TypeMatcher.lookup('ns3::Ipv4Header::EcnType')
DEBUG:pybindgen.typehandlers:try to lookup type handler for 'ns3::Ipv4Header::EcnType' => success ((<class 'pybindgen.enum.Enum.set_module.<locals>.ThisEnumParameter'>, None, <pybindgen.typehandlers.ctypeparser.TypeTraits object at 0x7fca1ce9b6d8>))
DEBUG:pybindgen.typehandlers:TypeMatcher.lookup('void')
DEBUG:pybindgen.typehandlers:try to lookup type handler for 'void' => success ((<class 'pybindgen.typehandlers.voidtype.VoidReturn'>, None, <pybindgen.typehandlers.ctypeparser.TypeTraits object at 0x7fca1ce2a390>))
DEBUG:pybindgen.typehandlers:TypeMatcher.lookup('ns3::Ipv4Address')
DEBUG:pybindgen.typehandlers:try to lookup type handler for 'ns3::Ipv4Address' => success ((<class 'pybindgen.cppclass.CppClass.__init__.<locals>.ThisClassReturn'>, None, <pybindgen.typehandlers.ctypeparser.TypeTraits object at 0x7fca1ce2a780>))
DEBUG:pybindgen.typehandlers:TypeMatcher.lookup('ns3::Ipv4Header::DscpType')
DEBUG:pybindgen.typehandlers:try to lookup type handler for 'ns3::Ipv4Header::DscpType' => success ((<class 'pybindgen.enum.Enum.set_module.<locals>.ThisEnumReturn'>, None, <pybindgen.typehandlers.ctypeparser.TypeTraits object at 0x7fca1ce2ab00>))
DEBUG:pybindgen.typehandlers:TypeMatcher.lookup('ns3::Ipv4Header::EcnType')
DEBUG:pybindgen.typehandlers:try to lookup type handler for 'ns3::Ipv4Header::EcnType' => success ((<class 'pybindgen.enum.Enum.set_module.<locals>.ThisEnumReturn'>, None, <pybindgen.typehandlers.ctypeparser.TypeTraits object at 0x7fca1ce2ae80>))
DEBUG:pybindgen.typehandlers:TypeMatcher.lookup('uint16_t')
DEBUG:pybindgen.typehandlers:try to lookup type handler for 'uint16_t' => success ((<class 'pybindgen.typehandlers.inttype.UInt16Return'>, None, <pybindgen.typehandlers.ctypeparser.TypeTraits object at 0x7fca1ce32240>))
DEBUG:pybindgen.typehandlers:TypeMatcher.lookup('uint16_t')
DEBUG:pybindgen.typehandlers:try to lookup type handler for 'uint16_t' => success ((<class 'pybindgen.typehandlers.inttype.UInt16Return'>, None, <pybindgen.typehandlers.ctypeparser.TypeTraits object at 0x7fca1ce325c0>))
DEBUG:pybindgen.typehandlers:TypeMatcher.lookup('ns3::TypeId')
DEBUG:pybindgen.typehandlers:try to lookup type handler for 'ns3::TypeId' => success ((<class 'pybindgen.cppclass.CppClass.__init__.<locals>.ThisClassReturn'>, None, <pybindgen.typehandlers.ctypeparser.TypeTraits object at 0x7fca1ce32940>))
DEBUG:pybindgen.typehandlers:TypeMatcher.lookup('uint16_t')
DEBUG:pybindgen.typehandlers:try to lookup type handler for 'uint16_t' => success ((<class 'pybindgen.typehandlers.inttype.UInt16Return'>, None, <pybindgen.typehandlers.ctypeparser.TypeTraits object at 0x7fca1ce32cc0>))
DEBUG:pybindgen.typehandlers:TypeMatcher.lookup('uint8_t')
DEBUG:pybindgen.typehandlers:try to lookup type handler for 'uint8_t' => success ((<class 'pybindgen.typehandlers.inttype.UInt8Return'>, None, <pybindgen.typehandlers.ctypeparser.TypeTraits object at 0x7fca1ce3a080>))
DEBUG:pybindgen.typehandlers:TypeMatcher.lookup('uint32_t')
DEBUG:pybindgen.typehandlers:try to lookup type handler for 'uint32_t' => success ((<class 'pybindgen.typehandlers.inttype.UnsignedIntReturn'>, None, <pybindgen.typehandlers.ctypeparser.TypeTraits object at 0x7fca1ce3a438>))
DEBUG:pybindgen.typehandlers:TypeMatcher.lookup('ns3::Ipv4Address')
DEBUG:pybindgen.typehandlers:try to lookup type handler for 'ns3::Ipv4Address' => success ((<class 'pybindgen.cppclass.CppClass.__init__.<locals>.ThisClassReturn'>, None, <pybindgen.typehandlers.ctypeparser.TypeTraits object at 0x7fca1ce3a7b8>))
DEBUG:pybindgen.typehandlers:TypeMatcher.lookup('uint8_t')
DEBUG:pybindgen.typehandlers:try to lookup type handler for 'uint8_t' => success ((<class 'pybindgen.typehandlers.inttype.UInt8Return'>, None, <pybindgen.typehandlers.ctypeparser.TypeTraits object at 0x7fca1ce3ab38>))
DEBUG:pybindgen.typehandlers:TypeMatcher.lookup('uint8_t')
DEBUG:pybindgen.typehandlers:try to lookup type handler for 'uint8_t' => success ((<class 'pybindgen.typehandlers.inttype.UInt8Return'>, None, <pybindgen.typehandlers.ctypeparser.TypeTraits object at 0x7fca1ce3aef0>))
DEBUG:pybindgen.typehandlers:TypeMatcher.lookup('ns3::TypeId')
DEBUG:pybindgen.typehandlers:try to lookup type handler for 'ns3::TypeId' => success ((<class 'pybindgen.cppclass.CppClass.__init__.<locals>.ThisClassReturn'>, None, <pybindgen.typehandlers.ctypeparser.TypeTraits object at 0x7fca1ce412e8>))
DEBUG:pybindgen.typehandlers:TypeMatcher.lookup('bool')
DEBUG:pybindgen.typehandlers:try to lookup type handler for 'bool' => success ((<class 'pybindgen.typehandlers.booltype.BoolReturn'>, None, <pybindgen.typehandlers.ctypeparser.TypeTraits object at 0x7fca1ce41668>))
DEBUG:pybindgen.typehandlers:TypeMatcher.lookup('bool')
DEBUG:pybindgen.typehandlers:try to lookup type handler for 'bool' => success ((<class 'pybindgen.typehandlers.booltype.BoolReturn'>, None, <pybindgen.typehandlers.ctypeparser.TypeTraits object at 0x7fca1ce41a20>))
DEBUG:pybindgen.typehandlers:TypeMatcher.lookup('bool')
DEBUG:pybindgen.typehandlers:try to lookup type handler for 'bool' => success ((<class 'pybindgen.typehandlers.booltype.BoolReturn'>, None, <pybindgen.typehandlers.ctypeparser.TypeTraits object at 0x7fca1ce41dd8>))
DEBUG:pybindgen.typehandlers:TypeMatcher.lookup('void')
DEBUG:pybindgen.typehandlers:try to lookup type handler for 'void' => success ((<class 'pybindgen.typehandlers.voidtype.VoidReturn'>, None, <pybindgen.typehandlers.ctypeparser.TypeTraits object at 0x7fca1ce4b1d0>))
DEBUG:pybindgen.typehandlers:TypeMatcher.lookup('std::ostream &')
DEBUG:pybindgen.typehandlers:try to lookup type handler for 'std::ostream &' => failure
'std::ostream &' did not match
/home/imran/ns-allinone-3.36.1/ns-3.36.1/src/dsdv/bindings/modulegen__gcc_LP64.py:3756: Warning: exception TypeLookupError(['std::ostream &'],) in wrapper public: virtual retval? ???::Print (params?) const;
  is_const=True, is_virtual=True)
DEBUG:pybindgen.typehandlers:TypeMatcher.lookup('void')
DEBUG:pybindgen.typehandlers:try to lookup type handler for 'void' => success ((<class 'pybindgen.typehandlers.voidtype.VoidReturn'>, None, <pybindgen.typehandlers.ctypeparser.TypeTraits object at 0x7fca1ce4b898>))
DEBUG:pybindgen.typehandlers:TypeMatcher.lookup('ns3::Buffer::Iterator')
DEBUG:pybindgen.typehandlers:try to lookup type handler for 'ns3::Buffer::Iterator' => success ((<class 'pybindgen.cppclass.CppClass.__init__.<locals>.ThisClassParameter'>, None, <pybindgen.typehandlers.ctypeparser.TypeTraits object at 0x7fca1ce4b9e8>))
DEBUG:pybindgen.typehandlers:TypeMatcher.lookup('void')
DEBUG:pybindgen.typehandlers:try to lookup type handler for 'void' => success ((<class 'pybindgen.typehandlers.voidtype.VoidReturn'>, None, <pybindgen.typehandlers.ctypeparser.TypeTraits object at 0x7fca1ce4b320>))
DEBUG:pybindgen.typehandlers:TypeMatcher.lookup('ns3::Ipv4Address')
DEBUG:pybindgen.typehandlers:try to lookup type handler for 'ns3::Ipv4Address' => success ((<class 'pybindgen.cppclass.CppClass.__init__.<locals>.ThisClassParameter'>, None, <pybindgen.typehandlers.ctypeparser.TypeTraits object at 0x7fca1ce4b2e8>))
DEBUG:pybindgen.typehandlers:TypeMatcher.lookup('void')
DEBUG:pybindgen.typehandlers:try to lookup type handler for 'void' => success ((<class 'pybindgen.typehandlers.voidtype.VoidReturn'>, None, <pybindgen.typehandlers.ctypeparser.TypeTraits object at 0x7fca1ce4bf98>))
DEBUG:pybindgen.typehandlers:TypeMatcher.lookup('void')
DEBUG:pybindgen.typehandlers:try to lookup type handler for 'void' => success ((<class 'pybindgen.typehandlers.voidtype.VoidReturn'>, None, <pybindgen.typehandlers.ctypeparser.TypeTraits object at 0x7fca1ce513c8>))
DEBUG:pybindgen.typehandlers:TypeMatcher.lookup('ns3::Ipv4Header::DscpType')
DEBUG:pybindgen.typehandlers:try to lookup type handler for 'ns3::Ipv4Header::DscpType' => success ((<class 'pybindgen.enum.Enum.set_module.<locals>.ThisEnumParameter'>, None, <pybindgen.typehandlers.ctypeparser.TypeTraits object at 0x7fca1ce51518>))
DEBUG:pybindgen.typehandlers:TypeMatcher.lookup('void')
DEBUG:pybindgen.typehandlers:try to lookup type handler for 'void' => success ((<class 'pybindgen.typehandlers.voidtype.VoidReturn'>, None, <pybindgen.typehandlers.ctypeparser.TypeTraits object at 0x7fca1ce51860>))
DEBUG:pybindgen.typehandlers:TypeMatcher.lookup('ns3::Ipv4Header::EcnType')
DEBUG:pybindgen.typehandlers:try to lookup type handler for 'ns3::Ipv4Header::EcnType' => success ((<class 'pybindgen.enum.Enum.set_module.<locals>.ThisEnumParameter'>, None, <pybindgen.typehandlers.ctypeparser.TypeTraits object at 0x7fca1ce519b0>))
DEBUG:pybindgen.typehandlers:TypeMatcher.lookup('void')
DEBUG:pybindgen.typehandlers:try to lookup type handler for 'void' => success ((<class 'pybindgen.typehandlers.voidtype.VoidReturn'>, None, <pybindgen.typehandlers.ctypeparser.TypeTraits object at 0x7fca1ce51cf8>))
DEBUG:pybindgen.typehandlers:TypeMatcher.lookup('uint16_t')
DEBUG:pybindgen.typehandlers:try to lookup type handler for 'uint16_t' => success ((<class 'pybindgen.typehandlers.inttype.UInt16Param'>, None, <pybindgen.typehandlers.ctypeparser.TypeTraits object at 0x7fca1ce51e48>))
DEBUG:pybindgen.typehandlers:TypeMatcher.lookup('void')
DEBUG:pybindgen.typehandlers:try to lookup type handler for 'void' => success ((<class 'pybindgen.typehandlers.voidtype.VoidReturn'>, None, <pybindgen.typehandlers.ctypeparser.TypeTraits object at 0x7fca1ce5a1d0>))
DEBUG:pybindgen.typehandlers:TypeMatcher.lookup('uint16_t')
DEBUG:pybindgen.typehandlers:try to lookup type handler for 'uint16_t' => success ((<class 'pybindgen.typehandlers.inttype.UInt16Param'>, None, <pybindgen.typehandlers.ctypeparser.TypeTraits object at 0x7fca1ce5a320>))
DEBUG:pybindgen.typehandlers:TypeMatcher.lookup('void')
DEBUG:pybindgen.typehandlers:try to lookup type handler for 'void' => success ((<class 'pybindgen.typehandlers.voidtype.VoidReturn'>, None, <pybindgen.typehandlers.ctypeparser.TypeTraits object at 0x7fca1ce5a668>))
DEBUG:pybindgen.typehandlers:TypeMatcher.lookup('void')
DEBUG:pybindgen.typehandlers:try to lookup type handler for 'void' => success ((<class 'pybindgen.typehandlers.voidtype.VoidReturn'>, None, <pybindgen.typehandlers.ctypeparser.TypeTraits object at 0x7fca1ce5aa58>))
DEBUG:pybindgen.typehandlers:TypeMatcher.lookup('void')
DEBUG:pybindgen.typehandlers:try to lookup type handler for 'void' => success ((<class 'pybindgen.typehandlers.voidtype.VoidReturn'>, None, <pybindgen.typehandlers.ctypeparser.TypeTraits object at 0x7fca1ce5ae48>))
DEBUG:pybindgen.typehandlers:TypeMatcher.lookup('void')
DEBUG:pybindgen.typehandlers:try to lookup type handler for 'void' => success ((<class 'pybindgen.typehandlers.voidtype.VoidReturn'>, None, <pybindgen.typehandlers.ctypeparser.TypeTraits object at 0x7fca1ce5f278>))
DEBUG:pybindgen.typehandlers:TypeMatcher.lookup('uint16_t')
DEBUG:pybindgen.typehandlers:try to lookup type handler for 'uint16_t' => success ((<class 'pybindgen.typehandlers.inttype.UInt16Param'>, None, <pybindgen.typehandlers.ctypeparser.TypeTraits object at 0x7fca1ce5f3c8>))
DEBUG:pybindgen.typehandlers:TypeMatcher.lookup('void')
DEBUG:pybindgen.typehandlers:try to lookup type handler for 'void' => success ((<class 'pybindgen.typehandlers.voidtype.VoidReturn'>, None, <pybindgen.typehandlers.ctypeparser.TypeTraits object at 0x7fca1ce5f710>))
DEBUG:pybindgen.typehandlers:TypeMatcher.lookup('uint8_t')
DEBUG:pybindgen.typehandlers:try to lookup type handler for 'uint8_t' => success ((<class 'pybindgen.typehandlers.inttype.UInt8Param'>, None, <pybindgen.typehandlers.ctypeparser.TypeTraits object at 0x7fca1ce5f860>))
DEBUG:pybindgen.typehandlers:TypeMatcher.lookup('void')
DEBUG:pybindgen.typehandlers:try to lookup type handler for 'void' => success ((<class 'pybindgen.typehandlers.voidtype.VoidReturn'>, None, <pybindgen.typehandlers.ctypeparser.TypeTraits object at 0x7fca1ce5fbe0>))
DEBUG:pybindgen.typehandlers:TypeMatcher.lookup('ns3::Ipv4Address')
DEBUG:pybindgen.typehandlers:try to lookup type handler for 'ns3::Ipv4Address' => success ((<class 'pybindgen.cppclass.CppClass.__init__.<locals>.ThisClassParameter'>, None, <pybindgen.typehandlers.ctypeparser.TypeTraits object at 0x7fca1ce5fd30>))
DEBUG:pybindgen.typehandlers:TypeMatcher.lookup('void')
DEBUG:pybindgen.typehandlers:try to lookup type handler for 'void' => success ((<class 'pybindgen.typehandlers.voidtype.VoidReturn'>, None, <pybindgen.typehandlers.ctypeparser.TypeTraits object at 0x7fca1cde60b8>))
DEBUG:pybindgen.typehandlers:TypeMatcher.lookup('uint8_t')
DEBUG:pybindgen.typehandlers:try to lookup type handler for 'uint8_t' => success ((<class 'pybindgen.typehandlers.inttype.UInt8Param'>, None, <pybindgen.typehandlers.ctypeparser.TypeTraits object at 0x7fca1cde6208>))
DEBUG:pybindgen.typehandlers:TypeMatcher.lookup('void')
DEBUG:pybindgen.typehandlers:try to lookup type handler for 'void' => success ((<class 'pybindgen.typehandlers.voidtype.VoidReturn'>, None, <pybindgen.typehandlers.ctypeparser.TypeTraits object at 0x7fca1cde6588>))
DEBUG:pybindgen.typehandlers:TypeMatcher.lookup('uint8_t')
DEBUG:pybindgen.typehandlers:try to lookup type handler for 'uint8_t' => success ((<class 'pybindgen.typehandlers.inttype.UInt8Param'>, None, <pybindgen.typehandlers.ctypeparser.TypeTraits object at 0x7fca1cde66d8>))
DEBUG:pybindgen.typehandlers:TypeMatcher.lookup('void')
DEBUG:pybindgen.typehandlers:try to lookup type handler for 'void' => success ((<class 'pybindgen.typehandlers.voidtype.VoidReturn'>, None, <pybindgen.typehandlers.ctypeparser.TypeTraits object at 0x7fca1cde6cc0>))
DEBUG:pybindgen.typehandlers:TypeMatcher.lookup('ns3::Ptr< ns3::Object >')
DEBUG:pybindgen.typehandlers:try to lookup type handler for 'ns3::Ptr< ns3::Object >' => failure
DEBUG:pybindgen.typehandlers:try to lookup type handler for 'ns3::Object *' => success ((<class 'pybindgen.cppclass.MemoryPolicy.register_ptr_parameter_and_return.<locals>.ThisClassPtrParameter'>, <ns3modulegen_core_customizations.SmartPointerTransformation object at 0x7fca1d6d7048>, <pybindgen.typehandlers.ctypeparser.TypeTraits object at 0x7fca1cdf0048>))
DEBUG:pybindgen.typehandlers:TypeMatcher.lookup('void')
DEBUG:pybindgen.typehandlers:try to lookup type handler for 'void' => success ((<class 'pybindgen.typehandlers.voidtype.VoidReturn'>, None, <pybindgen.typehandlers.ctypeparser.TypeTraits object at 0x7fca1cdf02b0>))
DEBUG:pybindgen.typehandlers:TypeMatcher.lookup('ns3::Object::AggregateIterator')
DEBUG:pybindgen.typehandlers:try to lookup type handler for 'ns3::Object::AggregateIterator' => success ((<class 'pybindgen.cppclass.CppClass.__init__.<locals>.ThisClassReturn'>, None, <pybindgen.typehandlers.ctypeparser.TypeTraits object at 0x7fca1cdf06a0>))
DEBUG:pybindgen.typehandlers:TypeMatcher.lookup('ns3::TypeId')
DEBUG:pybindgen.typehandlers:try to lookup type handler for 'ns3::TypeId' => success ((<class 'pybindgen.cppclass.CppClass.__init__.<locals>.ThisClassReturn'>, None, <pybindgen.typehandlers.ctypeparser.TypeTraits object at 0x7fca1cdf0a20>))
DEBUG:pybindgen.typehandlers:TypeMatcher.lookup('ns3::Ptr< ns3::Object >')
DEBUG:pybindgen.typehandlers:try to lookup type handler for 'ns3::Ptr< ns3::Object >' => failure
DEBUG:pybindgen.typehandlers:try to lookup type handler for 'ns3::Object *' => success ((<class 'pybindgen.cppclass.MemoryPolicy.register_ptr_parameter_and_return.<locals>.ThisClassPtrReturn'>, <ns3modulegen_core_customizations.SmartPointerTransformation object at 0x7fca1d6d7048>, <pybindgen.typehandlers.ctypeparser.TypeTraits object at 0x7fca1cdf6240>))
DEBUG:pybindgen.typehandlers:TypeMatcher.lookup('ns3::Ptr< ns3::Object >')
DEBUG:pybindgen.typehandlers:try to lookup type handler for 'ns3::Ptr< ns3::Object >' => failure
DEBUG:pybindgen.typehandlers:try to lookup type handler for 'ns3::Object *' => success ((<class 'pybindgen.cppclass.MemoryPolicy.register_ptr_parameter_and_return.<locals>.ThisClassPtrReturn'>, <ns3modulegen_core_customizations.SmartPointerTransformation object at 0x7fca1d6d7048>, <pybindgen.typehandlers.ctypeparser.TypeTraits object at 0x7fca1cdf66d8>))
DEBUG:pybindgen.typehandlers:TypeMatcher.lookup('ns3::TypeId')
DEBUG:pybindgen.typehandlers:try to lookup type handler for 'ns3::TypeId' => success ((<class 'pybindgen.cppclass.CppClass.__init__.<locals>.ThisClassParameter'>, None, <pybindgen.typehandlers.ctypeparser.TypeTraits object at 0x7fca1cdf6630>))
DEBUG:pybindgen.typehandlers:TypeMatcher.lookup('ns3::TypeId')
DEBUG:pybindgen.typehandlers:try to lookup type handler for 'ns3::TypeId' => success ((<class 'pybindgen.cppclass.CppClass.__init__.<locals>.ThisClassReturn'>, None, <pybindgen.typehandlers.ctypeparser.TypeTraits object at 0x7fca1cdf69b0>))
DEBUG:pybindgen.typehandlers:TypeMatcher.lookup('void')
DEBUG:pybindgen.typehandlers:try to lookup type handler for 'void' => success ((<class 'pybindgen.typehandlers.voidtype.VoidReturn'>, None, <pybindgen.typehandlers.ctypeparser.TypeTraits object at 0x7fca1cdf6d68>))
DEBUG:pybindgen.typehandlers:TypeMatcher.lookup('bool')
DEBUG:pybindgen.typehandlers:try to lookup type handler for 'bool' => success ((<class 'pybindgen.typehandlers.booltype.BoolReturn'>, None, <pybindgen.typehandlers.ctypeparser.TypeTraits object at 0x7fca1cdfd198>))
DEBUG:pybindgen.typehandlers:TypeMatcher.lookup('ns3::Object const &')
DEBUG:pybindgen.typehandlers:try to lookup type handler for 'ns3::Object const &' => success ((<class 'pybindgen.cppclass.CppClass.__init__.<locals>.ThisClassRefParameter'>, None, <pybindgen.typehandlers.ctypeparser.TypeTraits object at 0x7fca1cdfd588>))
DEBUG:pybindgen.typehandlers:TypeMatcher.lookup('void')
DEBUG:pybindgen.typehandlers:try to lookup type handler for 'void' => success ((<class 'pybindgen.typehandlers.voidtype.VoidReturn'>, None, <pybindgen.typehandlers.ctypeparser.TypeTraits object at 0x7fca1cdfd940>))
DEBUG:pybindgen.typehandlers:TypeMatcher.lookup('void')
DEBUG:pybindgen.typehandlers:try to lookup type handler for 'void' => success ((<class 'pybindgen.typehandlers.voidtype.VoidReturn'>, None, <pybindgen.typehandlers.ctypeparser.TypeTraits object at 0x7fca1ce06198>))
DEBUG:pybindgen.typehandlers:TypeMatcher.lookup('void')
DEBUG:pybindgen.typehandlers:try to lookup type handler for 'void' => success ((<class 'pybindgen.typehandlers.voidtype.VoidReturn'>, None, <pybindgen.typehandlers.ctypeparser.TypeTraits object at 0x7fca1ce069b0>))
DEBUG:pybindgen.typehandlers:TypeMatcher.lookup('ns3::Object::AggregateIterator const &')
DEBUG:pybindgen.typehandlers:try to lookup type handler for 'ns3::Object::AggregateIterator const &' => success ((<class 'pybindgen.cppclass.CppClass.__init__.<locals>.ThisClassRefParameter'>, None, <pybindgen.typehandlers.ctypeparser.TypeTraits object at 0x7fca1ce0d240>))
DEBUG:pybindgen.typehandlers:TypeMatcher.lookup('bool')
DEBUG:pybindgen.typehandlers:try to lookup type handler for 'bool' => success ((<class 'pybindgen.typehandlers.booltype.BoolReturn'>, None, <pybindgen.typehandlers.ctypeparser.TypeTraits object at 0x7fca1ce0d860>))
DEBUG:pybindgen.typehandlers:TypeMatcher.lookup('ns3::Ptr< ns3::Object const >')
DEBUG:pybindgen.typehandlers:try to lookup type handler for 'ns3::Ptr< ns3::Object const >' => failure
DEBUG:pybindgen.typehandlers:try to lookup type handler for 'ns3::Object *' => success ((<class 'pybindgen.cppclass.MemoryPolicy.register_ptr_parameter_and_return.<locals>.ThisClassPtrReturn'>, <ns3modulegen_core_customizations.SmartPointerTransformation object at 0x7fca1d6d7048>, <pybindgen.typehandlers.ctypeparser.TypeTraits object at 0x7fca1ce0deb8>))
DEBUG:pybindgen.typehandlers:TypeMatcher.lookup('ns3::TypeId')
DEBUG:pybindgen.typehandlers:try to lookup type handler for 'ns3::TypeId' => success ((<class 'pybindgen.cppclass.CppClass.__init__.<locals>.ThisClassReturn'>, None, <pybindgen.typehandlers.ctypeparser.TypeTraits object at 0x7fca1ce16160>))
DEBUG:pybindgen.typehandlers:TypeMatcher.lookup('void')
DEBUG:pybindgen.typehandlers:try to lookup type handler for 'void' => success ((<class 'pybindgen.typehandlers.voidtype.VoidReturn'>, None, <pybindgen.typehandlers.ctypeparser.TypeTraits object at 0x7fca1ce16780>))
DEBUG:pybindgen.typehandlers:TypeMatcher.lookup('int64_t')
DEBUG:pybindgen.typehandlers:try to lookup type handler for 'int64_t' => success ((<class 'pybindgen.typehandlers.inttype.LongLongParam'>, None, <pybindgen.typehandlers.ctypeparser.TypeTraits object at 0x7fca1ce168d0>))
DEBUG:pybindgen.typehandlers:TypeMatcher.lookup('int64_t')
DEBUG:pybindgen.typehandlers:try to lookup type handler for 'int64_t' => success ((<class 'pybindgen.typehandlers.inttype.LongLongReturn'>, None, <pybindgen.typehandlers.ctypeparser.TypeTraits object at 0x7fca1ce16c50>))
DEBUG:pybindgen.typehandlers:TypeMatcher.lookup('void')
DEBUG:pybindgen.typehandlers:try to lookup type handler for 'void' => success ((<class 'pybindgen.typehandlers.voidtype.VoidReturn'>, None, <pybindgen.typehandlers.ctypeparser.TypeTraits object at 0x7fca1ce1e048>))
DEBUG:pybindgen.typehandlers:TypeMatcher.lookup('bool')
DEBUG:pybindgen.typehandlers:try to lookup type handler for 'bool' => success ((<class 'pybindgen.typehandlers.booltype.BoolParam'>, None, <pybindgen.typehandlers.ctypeparser.TypeTraits object at 0x7fca1ce1e198>))
DEBUG:pybindgen.typehandlers:TypeMatcher.lookup('bool')
DEBUG:pybindgen.typehandlers:try to lookup type handler for 'bool' => success ((<class 'pybindgen.typehandlers.booltype.BoolReturn'>, None, <pybindgen.typehandlers.ctypeparser.TypeTraits object at 0x7fca1ce1e518>))
DEBUG:pybindgen.typehandlers:TypeMatcher.lookup('double')
DEBUG:pybindgen.typehandlers:try to lookup type handler for 'double' => success ((<class 'pybindgen.typehandlers.doubletype.DoubleReturn'>, None, <pybindgen.typehandlers.ctypeparser.TypeTraits object at 0x7fca1ce1e8d0>))
DEBUG:pybindgen.typehandlers:TypeMatcher.lookup('uint32_t')
DEBUG:pybindgen.typehandlers:try to lookup type handler for 'uint32_t' => success ((<class 'pybindgen.typehandlers.inttype.UnsignedIntReturn'>, None, <pybindgen.typehandlers.ctypeparser.TypeTraits object at 0x7fca1ce1eeb8>))
DEBUG:pybindgen.typehandlers:TypeMatcher.lookup('ns3::RngStream *')
DEBUG:pybindgen.typehandlers:try to lookup type handler for 'ns3::RngStream *' => failure
'ns3::RngStream *' did not match
/home/imran/ns-allinone-3.36.1/ns-3.36.1/src/dsdv/bindings/modulegen__gcc_LP64.py:3941: Warning: exception TypeLookupError(['ns3::RngStream *'],) in wrapper protected: retval? ???::Peek (params?) const;
  is_const=True, visibility='protected')
DEBUG:pybindgen.typehandlers:TypeMatcher.lookup('ns3::TypeId')
DEBUG:pybindgen.typehandlers:try to lookup type handler for 'ns3::TypeId' => success ((<class 'pybindgen.cppclass.CppClass.__init__.<locals>.ThisClassReturn'>, None, <pybindgen.typehandlers.ctypeparser.TypeTraits object at 0x7fca1cda6588>))
DEBUG:pybindgen.typehandlers:TypeMatcher.lookup('double')
DEBUG:pybindgen.typehandlers:try to lookup type handler for 'double' => success ((<class 'pybindgen.typehandlers.doubletype.DoubleReturn'>, None, <pybindgen.typehandlers.ctypeparser.TypeTraits object at 0x7fca1cda6b38>))
DEBUG:pybindgen.typehandlers:TypeMatcher.lookup('double')
DEBUG:pybindgen.typehandlers:try to lookup type handler for 'double' => success ((<class 'pybindgen.typehandlers.doubletype.DoubleReturn'>, None, <pybindgen.typehandlers.ctypeparser.TypeTraits object at 0x7fca1cda6ef0>))
DEBUG:pybindgen.typehandlers:TypeMatcher.lookup('ns3::Ptr< ns3::RandomVariableStream >')
DEBUG:pybindgen.typehandlers:try to lookup type handler for 'ns3::Ptr< ns3::RandomVariableStream >' => failure
DEBUG:pybindgen.typehandlers:try to lookup type handler for 'ns3::RandomVariableStream *' => success ((<class 'pybindgen.cppclass.MemoryPolicy.register_ptr_parameter_and_return.<locals>.ThisClassPtrReturn'>, <ns3modulegen_core_customizations.SmartPointerTransformation object at 0x7fca1d6d7048>, <pybindgen.typehandlers.ctypeparser.TypeTraits object at 0x7fca1cdb1438>))
DEBUG:pybindgen.typehandlers:TypeMatcher.lookup('uint32_t')
DEBUG:pybindgen.typehandlers:try to lookup type handler for 'uint32_t' => success ((<class 'pybindgen.typehandlers.inttype.UnsignedIntReturn'>, None, <pybindgen.typehandlers.ctypeparser.TypeTraits object at 0x7fca1cdb16a0>))
DEBUG:pybindgen.typehandlers:TypeMatcher.lookup('double')
DEBUG:pybindgen.typehandlers:try to lookup type handler for 'double' => success ((<class 'pybindgen.typehandlers.doubletype.DoubleReturn'>, None, <pybindgen.typehandlers.ctypeparser.TypeTraits object at 0x7fca1cdb1a20>))
DEBUG:pybindgen.typehandlers:TypeMatcher.lookup('uint32_t')
DEBUG:pybindgen.typehandlers:try to lookup type handler for 'uint32_t' => success ((<class 'pybindgen.typehandlers.inttype.UnsignedIntReturn'>, None, <pybindgen.typehandlers.ctypeparser.TypeTraits object at 0x7fca1cdb6048>))
DEBUG:pybindgen.typehandlers:TypeMatcher.lookup('ns3::SimpleRefCount< ns3::AttributeAccessor, ns3::empty, ns3::DefaultDeleter< ns3::AttributeAccessor > > const &')
DEBUG:pybindgen.typehandlers:try to lookup type handler for 'ns3::SimpleRefCount< ns3::AttributeAccessor, ns3::empty, ns3::DefaultDeleter< ns3::AttributeAccessor > > const &' => success ((<class 'pybindgen.cppclass.CppClass.__init__.<locals>.ThisClassRefParameter'>, None, <pybindgen.typehandlers.ctypeparser.TypeTraits object at 0x7fca1cdb6860>))
DEBUG:pybindgen.typehandlers:TypeMatcher.lookup('ns3::SimpleRefCount< ns3::AttributeChecker, ns3::empty, ns3::DefaultDeleter< ns3::AttributeChecker > > const &')
DEBUG:pybindgen.typehandlers:try to lookup type handler for 'ns3::SimpleRefCount< ns3::AttributeChecker, ns3::empty, ns3::DefaultDeleter< ns3::AttributeChecker > > const &' => success ((<class 'pybindgen.cppclass.CppClass.__init__.<locals>.ThisClassRefParameter'>, None, <pybindgen.typehandlers.ctypeparser.TypeTraits object at 0x7fca1cdbf128>))
DEBUG:pybindgen.typehandlers:TypeMatcher.lookup('ns3::SimpleRefCount< ns3::AttributeValue, ns3::empty, ns3::DefaultDeleter< ns3::AttributeValue > > const &')
DEBUG:pybindgen.typehandlers:try to lookup type handler for 'ns3::SimpleRefCount< ns3::AttributeValue, ns3::empty, ns3::DefaultDeleter< ns3::AttributeValue > > const &' => success ((<class 'pybindgen.cppclass.CppClass.__init__.<locals>.ThisClassRefParameter'>, None, <pybindgen.typehandlers.ctypeparser.TypeTraits object at 0x7fca1cdbf9b0>))
DEBUG:pybindgen.typehandlers:TypeMatcher.lookup('ns3::SimpleRefCount< ns3::CallbackImplBase, ns3::empty, ns3::DefaultDeleter< ns3::CallbackImplBase > > const &')
DEBUG:pybindgen.typehandlers:try to lookup type handler for 'ns3::SimpleRefCount< ns3::CallbackImplBase, ns3::empty, ns3::DefaultDeleter< ns3::CallbackImplBase > > const &' => success ((<class 'pybindgen.cppclass.CppClass.__init__.<locals>.ThisClassRefParameter'>, None, <pybindgen.typehandlers.ctypeparser.TypeTraits object at 0x7fca1cdc7278>))
DEBUG:pybindgen.typehandlers:TypeMatcher.lookup('ns3::SimpleRefCount< ns3::EventImpl, ns3::empty, ns3::DefaultDeleter< ns3::EventImpl > > const &')
DEBUG:pybindgen.typehandlers:try to lookup type handler for 'ns3::SimpleRefCount< ns3::EventImpl, ns3::empty, ns3::DefaultDeleter< ns3::EventImpl > > const &' => success ((<class 'pybindgen.cppclass.CppClass.__init__.<locals>.ThisClassRefParameter'>, None, <pybindgen.typehandlers.ctypeparser.TypeTraits object at 0x7fca1cdc7b00>))
DEBUG:pybindgen.typehandlers:TypeMatcher.lookup('ns3::SimpleRefCount< ns3::Hash::Implementation, ns3::empty, ns3::DefaultDeleter< ns3::Hash::Implementation > > const &')
DEBUG:pybindgen.typehandlers:try to lookup type handler for 'ns3::SimpleRefCount< ns3::Hash::Implementation, ns3::empty, ns3::DefaultDeleter< ns3::Hash::Implementation > > const &' => success ((<class 'pybindgen.cppclass.CppClass.__init__.<locals>.ThisClassRefParameter'>, None, <pybindgen.typehandlers.ctypeparser.TypeTraits object at 0x7fca1cdce3c8>))
DEBUG:pybindgen.typehandlers:TypeMatcher.lookup('ns3::SimpleRefCount< ns3::Ipv4MulticastRoute, ns3::empty, ns3::DefaultDeleter< ns3::Ipv4MulticastRoute > > const &')
DEBUG:pybindgen.typehandlers:try to lookup type handler for 'ns3::SimpleRefCount< ns3::Ipv4MulticastRoute, ns3::empty, ns3::DefaultDeleter< ns3::Ipv4MulticastRoute > > const &' => success ((<class 'pybindgen.cppclass.CppClass.__init__.<locals>.ThisClassRefParameter'>, None, <pybindgen.typehandlers.ctypeparser.TypeTraits object at 0x7fca1cdcec50>))
DEBUG:pybindgen.typehandlers:TypeMatcher.lookup('ns3::SimpleRefCount< ns3::Ipv4Route, ns3::empty, ns3::DefaultDeleter< ns3::Ipv4Route > > const &')
DEBUG:pybindgen.typehandlers:try to lookup type handler for 'ns3::SimpleRefCount< ns3::Ipv4Route, ns3::empty, ns3::DefaultDeleter< ns3::Ipv4Route > > const &' => success ((<class 'pybindgen.cppclass.CppClass.__init__.<locals>.ThisClassRefParameter'>, None, <pybindgen.typehandlers.ctypeparser.TypeTraits object at 0x7fca1cdd7518>))
DEBUG:pybindgen.typehandlers:TypeMatcher.lookup('ns3::SimpleRefCount< ns3::NixVector, ns3::empty, ns3::DefaultDeleter< ns3::NixVector > > const &')
DEBUG:pybindgen.typehandlers:try to lookup type handler for 'ns3::SimpleRefCount< ns3::NixVector, ns3::empty, ns3::DefaultDeleter< ns3::NixVector > > const &' => success ((<class 'pybindgen.cppclass.CppClass.__init__.<locals>.ThisClassRefParameter'>, None, <pybindgen.typehandlers.ctypeparser.TypeTraits object at 0x7fca1cdd7da0>))
DEBUG:pybindgen.typehandlers:TypeMatcher.lookup('ns3::SimpleRefCount< ns3::OutputStreamWrapper, ns3::empty, ns3::DefaultDeleter< ns3::OutputStreamWrapper > > const &')
DEBUG:pybindgen.typehandlers:try to lookup type handler for 'ns3::SimpleRefCount< ns3::OutputStreamWrapper, ns3::empty, ns3::DefaultDeleter< ns3::OutputStreamWrapper > > const &' => success ((<class 'pybindgen.cppclass.CppClass.__init__.<locals>.ThisClassRefParameter'>, None, <pybindgen.typehandlers.ctypeparser.TypeTraits object at 0x7fca1cddc668>))
DEBUG:pybindgen.typehandlers:TypeMatcher.lookup('ns3::SimpleRefCount< ns3::Packet, ns3::empty, ns3::DefaultDeleter< ns3::Packet > > const &')
DEBUG:pybindgen.typehandlers:try to lookup type handler for 'ns3::SimpleRefCount< ns3::Packet, ns3::empty, ns3::DefaultDeleter< ns3::Packet > > const &' => success ((<class 'pybindgen.cppclass.CppClass.__init__.<locals>.ThisClassRefParameter'>, None, <pybindgen.typehandlers.ctypeparser.TypeTraits object at 0x7fca1cddcef0>))
DEBUG:pybindgen.typehandlers:TypeMatcher.lookup('ns3::SimpleRefCount< ns3::TraceSourceAccessor, ns3::empty, ns3::DefaultDeleter< ns3::TraceSourceAccessor > > const &')
DEBUG:pybindgen.typehandlers:try to lookup type handler for 'ns3::SimpleRefCount< ns3::TraceSourceAccessor, ns3::empty, ns3::DefaultDeleter< ns3::TraceSourceAccessor > > const &' => success ((<class 'pybindgen.cppclass.CppClass.__init__.<locals>.ThisClassRefParameter'>, None, <pybindgen.typehandlers.ctypeparser.TypeTraits object at 0x7fca1cd657b8>))
DEBUG:pybindgen.typehandlers:TypeMatcher.lookup('ns3::Socket const &')
DEBUG:pybindgen.typehandlers:try to lookup type handler for 'ns3::Socket const &' => success ((<class 'pybindgen.cppclass.CppClass.__init__.<locals>.ThisClassRefParameter'>, None, <pybindgen.typehandlers.ctypeparser.TypeTraits object at 0x7fca1cd65dd8>))
DEBUG:pybindgen.typehandlers:TypeMatcher.lookup('int')
DEBUG:pybindgen.typehandlers:try to lookup type handler for 'int' => success ((<class 'pybindgen.typehandlers.inttype.IntReturn'>, None, <pybindgen.typehandlers.ctypeparser.TypeTraits object at 0x7fca1cd6c438>))
DEBUG:pybindgen.typehandlers:TypeMatcher.lookup('ns3::Address const &')
DEBUG:pybindgen.typehandlers:try to lookup type handler for 'ns3::Address const &' => success ((<class 'pybindgen.cppclass.CppClass.__init__.<locals>.ThisClassRefParameter'>, None, <pybindgen.typehandlers.ctypeparser.TypeTraits object at 0x7fca1cd6c588>))
DEBUG:pybindgen.typehandlers:TypeMatcher.lookup('int')
DEBUG:pybindgen.typehandlers:try to lookup type handler for 'int' => success ((<class 'pybindgen.typehandlers.inttype.IntReturn'>, None, <pybindgen.typehandlers.ctypeparser.TypeTraits object at 0x7fca1cd6cba8>))
DEBUG:pybindgen.typehandlers:TypeMatcher.lookup('int')
DEBUG:pybindgen.typehandlers:try to lookup type handler for 'int' => success ((<class 'pybindgen.typehandlers.inttype.IntReturn'>, None, <pybindgen.typehandlers.ctypeparser.TypeTraits object at 0x7fca1cd74160>))
DEBUG:pybindgen.typehandlers:TypeMatcher.lookup('void')
DEBUG:pybindgen.typehandlers:try to lookup type handler for 'void' => success ((<class 'pybindgen.typehandlers.voidtype.VoidReturn'>, None, <pybindgen.typehandlers.ctypeparser.TypeTraits object at 0x7fca1cd74710>))
DEBUG:pybindgen.typehandlers:TypeMatcher.lookup('ns3::Ptr< ns3::NetDevice >')
DEBUG:pybindgen.typehandlers:try to lookup type handler for 'ns3::Ptr< ns3::NetDevice >' => failure
DEBUG:pybindgen.typehandlers:try to lookup type handler for 'ns3::NetDevice *' => success ((<class 'pybindgen.cppclass.MemoryPolicy.register_ptr_parameter_and_return.<locals>.ThisClassPtrParameter'>, <ns3modulegen_core_customizations.SmartPointerTransformation object at 0x7fca1d6d7048>, <pybindgen.typehandlers.ctypeparser.TypeTraits object at 0x7fca1cd74a90>))
DEBUG:pybindgen.typehandlers:TypeMatcher.lookup('int')
DEBUG:pybindgen.typehandlers:try to lookup type handler for 'int' => success ((<class 'pybindgen.typehandlers.inttype.IntReturn'>, None, <pybindgen.typehandlers.ctypeparser.TypeTraits object at 0x7fca1cd74eb8>))
DEBUG:pybindgen.typehandlers:TypeMatcher.lookup('int')
DEBUG:pybindgen.typehandlers:try to lookup type handler for 'int' => success ((<class 'pybindgen.typehandlers.inttype.IntReturn'>, None, <pybindgen.typehandlers.ctypeparser.TypeTraits object at 0x7fca1cd7c4a8>))
DEBUG:pybindgen.typehandlers:TypeMatcher.lookup('ns3::Address const &')
DEBUG:pybindgen.typehandlers:try to lookup type handler for 'ns3::Address const &' => success ((<class 'pybindgen.cppclass.CppClass.__init__.<locals>.ThisClassRefParameter'>, None, <pybindgen.typehandlers.ctypeparser.TypeTraits object at 0x7fca1cd7c5f8>))
DEBUG:pybindgen.typehandlers:TypeMatcher.lookup('ns3::Ptr< ns3::Socket >')
DEBUG:pybindgen.typehandlers:try to lookup type handler for 'ns3::Ptr< ns3::Socket >' => failure
DEBUG:pybindgen.typehandlers:try to lookup type handler for 'ns3::Socket *' => success ((<class 'pybindgen.cppclass.MemoryPolicy.register_ptr_parameter_and_return.<locals>.ThisClassPtrReturn'>, <ns3modulegen_core_customizations.SmartPointerTransformation object at 0x7fca1d6d7048>, <pybindgen.typehandlers.ctypeparser.TypeTraits object at 0x7fca1cd7cbe0>))
DEBUG:pybindgen.typehandlers:TypeMatcher.lookup('ns3::Ptr< ns3::Node >')
DEBUG:pybindgen.typehandlers:try to lookup type handler for 'ns3::Ptr< ns3::Node >' => failure
DEBUG:pybindgen.typehandlers:try to lookup type handler for 'ns3::Node *' => success ((<class 'pybindgen.cppclass.MemoryPolicy.register_ptr_parameter_and_return.<locals>.ThisClassPtrParameter'>, <ns3modulegen_core_customizations.SmartPointerTransformation object at 0x7fca1d6d7048>, <pybindgen.typehandlers.ctypeparser.TypeTraits object at 0x7fca1cd7ce10>))
DEBUG:pybindgen.typehandlers:TypeMatcher.lookup('ns3::TypeId')
DEBUG:pybindgen.typehandlers:try to lookup type handler for 'ns3::TypeId' => success ((<class 'pybindgen.cppclass.CppClass.__init__.<locals>.ThisClassParameter'>, None, <pybindgen.typehandlers.ctypeparser.TypeTraits object at 0x7fca1cd7ce10>))
DEBUG:pybindgen.typehandlers:TypeMatcher.lookup('bool')
DEBUG:pybindgen.typehandlers:try to lookup type handler for 'bool' => success ((<class 'pybindgen.typehandlers.booltype.BoolReturn'>, None, <pybindgen.typehandlers.ctypeparser.TypeTraits object at 0x7fca1cd83160>))
DEBUG:pybindgen.typehandlers:TypeMatcher.lookup('ns3::Ptr< ns3::NetDevice >')
DEBUG:pybindgen.typehandlers:try to lookup type handler for 'ns3::Ptr< ns3::NetDevice >' => failure
DEBUG:pybindgen.typehandlers:try to lookup type handler for 'ns3::NetDevice *' => success ((<class 'pybindgen.cppclass.MemoryPolicy.register_ptr_parameter_and_return.<locals>.ThisClassPtrReturn'>, <ns3modulegen_core_customizations.SmartPointerTransformation object at 0x7fca1d6d7048>, <pybindgen.typehandlers.ctypeparser.TypeTraits object at 0x7fca1cd83978>))
DEBUG:pybindgen.typehandlers:TypeMatcher.lookup('ns3::Socket::SocketErrno')
DEBUG:pybindgen.typehandlers:try to lookup type handler for 'ns3::Socket::SocketErrno' => success ((<class 'pybindgen.enum.Enum.set_module.<locals>.ThisEnumReturn'>, None, <pybindgen.typehandlers.ctypeparser.TypeTraits object at 0x7fca1cd83be0>))
DEBUG:pybindgen.typehandlers:TypeMatcher.lookup('uint8_t')
DEBUG:pybindgen.typehandlers:try to lookup type handler for 'uint8_t' => success ((<class 'pybindgen.typehandlers.inttype.UInt8Return'>, None, <pybindgen.typehandlers.ctypeparser.TypeTraits object at 0x7fca1cd8a198>))
DEBUG:pybindgen.typehandlers:TypeMatcher.lookup('uint8_t')
DEBUG:pybindgen.typehandlers:try to lookup type handler for 'uint8_t' => success ((<class 'pybindgen.typehandlers.inttype.UInt8Return'>, None, <pybindgen.typehandlers.ctypeparser.TypeTraits object at 0x7fca1cd8a550>))
DEBUG:pybindgen.typehandlers:TypeMatcher.lookup('uint8_t')
DEBUG:pybindgen.typehandlers:try to lookup type handler for 'uint8_t' => success ((<class 'pybindgen.typehandlers.inttype.UInt8Return'>, None, <pybindgen.typehandlers.ctypeparser.TypeTraits object at 0x7fca1cd8ab00>))
DEBUG:pybindgen.typehandlers:TypeMatcher.lookup('uint8_t')
DEBUG:pybindgen.typehandlers:try to lookup type handler for 'uint8_t' => success ((<class 'pybindgen.typehandlers.inttype.UInt8Return'>, None, <pybindgen.typehandlers.ctypeparser.TypeTraits object at 0x7fca1cd910f0>))
DEBUG:pybindgen.typehandlers:TypeMatcher.lookup('ns3::Ptr< ns3::Node >')
DEBUG:pybindgen.typehandlers:try to lookup type handler for 'ns3::Ptr< ns3::Node >' => failure
DEBUG:pybindgen.typehandlers:try to lookup type handler for 'ns3::Node *' => success ((<class 'pybindgen.cppclass.MemoryPolicy.register_ptr_parameter_and_return.<locals>.ThisClassPtrReturn'>, <ns3modulegen_core_customizations.SmartPointerTransformation object at 0x7fca1d6d7048>, <pybindgen.typehandlers.ctypeparser.TypeTraits object at 0x7fca1cd916d8>))
DEBUG:pybindgen.typehandlers:TypeMatcher.lookup('int')
DEBUG:pybindgen.typehandlers:try to lookup type handler for 'int' => success ((<class 'pybindgen.typehandlers.inttype.IntReturn'>, None, <pybindgen.typehandlers.ctypeparser.TypeTraits object at 0x7fca1cd91b38>))
DEBUG:pybindgen.typehandlers:TypeMatcher.lookup('ns3::Address &')
DEBUG:pybindgen.typehandlers:try to lookup type handler for 'ns3::Address &' => success ((<class 'pybindgen.cppclass.CppClass.__init__.<locals>.ThisClassRefParameter'>, None, <pybindgen.typehandlers.ctypeparser.TypeTraits object at 0x7fca1cd91c88>))
DEBUG:pybindgen.typehandlers:TypeMatcher.lookup('uint8_t')
DEBUG:pybindgen.typehandlers:try to lookup type handler for 'uint8_t' => success ((<class 'pybindgen.typehandlers.inttype.UInt8Return'>, None, <pybindgen.typehandlers.ctypeparser.TypeTraits object at 0x7fca1cd96240>))
DEBUG:pybindgen.typehandlers:TypeMatcher.lookup('uint32_t')
DEBUG:pybindgen.typehandlers:try to lookup type handler for 'uint32_t' => success ((<class 'pybindgen.typehandlers.inttype.UnsignedIntReturn'>, None, <pybindgen.typehandlers.ctypeparser.TypeTraits object at 0x7fca1cd965f8>))
DEBUG:pybindgen.typehandlers:TypeMatcher.lookup('int')
DEBUG:pybindgen.typehandlers:try to lookup type handler for 'int' => success ((<class 'pybindgen.typehandlers.inttype.IntReturn'>, None, <pybindgen.typehandlers.ctypeparser.TypeTraits object at 0x7fca1cd96b70>))
DEBUG:pybindgen.typehandlers:TypeMatcher.lookup('ns3::Address &')
DEBUG:pybindgen.typehandlers:try to lookup type handler for 'ns3::Address &' => success ((<class 'pybindgen.cppclass.CppClass.__init__.<locals>.ThisClassRefParameter'>, None, <pybindgen.typehandlers.ctypeparser.TypeTraits object at 0x7fca1cd96cc0>))
DEBUG:pybindgen.typehandlers:TypeMatcher.lookup('ns3::Socket::SocketType')
DEBUG:pybindgen.typehandlers:try to lookup type handler for 'ns3::Socket::SocketType' => success ((<class 'pybindgen.enum.Enum.set_module.<locals>.ThisEnumReturn'>, None, <pybindgen.typehandlers.ctypeparser.TypeTraits object at 0x7fca1cd9d278>))
DEBUG:pybindgen.typehandlers:TypeMatcher.lookup('uint32_t')
DEBUG:pybindgen.typehandlers:try to lookup type handler for 'uint32_t' => success ((<class 'pybindgen.typehandlers.inttype.UnsignedIntReturn'>, None, <pybindgen.typehandlers.ctypeparser.TypeTraits object at 0x7fca1cd9d7f0>))
DEBUG:pybindgen.typehandlers:TypeMatcher.lookup('ns3::TypeId')
DEBUG:pybindgen.typehandlers:try to lookup type handler for 'ns3::TypeId' => success ((<class 'pybindgen.cppclass.CppClass.__init__.<locals>.ThisClassReturn'>, None, <pybindgen.typehandlers.ctypeparser.TypeTraits object at 0x7fca1cd9dd68>))
DEBUG:pybindgen.typehandlers:TypeMatcher.lookup('uint8_t')
DEBUG:pybindgen.typehandlers:try to lookup type handler for 'uint8_t' => success ((<class 'pybindgen.typehandlers.inttype.UInt8Return'>, None, <pybindgen.typehandlers.ctypeparser.TypeTraits object at 0x7fca1cd25128>))
DEBUG:pybindgen.typehandlers:TypeMatcher.lookup('uint8_t')
DEBUG:pybindgen.typehandlers:try to lookup type handler for 'uint8_t' => success ((<class 'pybindgen.typehandlers.inttype.UInt8Param'>, None, <pybindgen.typehandlers.ctypeparser.TypeTraits object at 0x7fca1cd25278>))
DEBUG:pybindgen.typehandlers:TypeMatcher.lookup('void')
DEBUG:pybindgen.typehandlers:try to lookup type handler for 'void' => success ((<class 'pybindgen.typehandlers.voidtype.VoidReturn'>, None, <pybindgen.typehandlers.ctypeparser.TypeTraits object at 0x7fca1cd255f8>))
DEBUG:pybindgen.typehandlers:TypeMatcher.lookup('ns3::Ipv6Address')
DEBUG:pybindgen.typehandlers:try to lookup type handler for 'ns3::Ipv6Address' => success ((<class 'pybindgen.cppclass.CppClass.__init__.<locals>.ThisClassParameter'>, None, <pybindgen.typehandlers.ctypeparser.TypeTraits object at 0x7fca1cd25748>))
DEBUG:pybindgen.typehandlers:TypeMatcher.lookup('ns3::Socket::Ipv6MulticastFilterMode')
DEBUG:pybindgen.typehandlers:try to lookup type handler for 'ns3::Socket::Ipv6MulticastFilterMode' => success ((<class 'pybindgen.enum.Enum.set_module.<locals>.ThisEnumParameter'>, None, <pybindgen.typehandlers.ctypeparser.TypeTraits object at 0x7fca1cd257f0>))
DEBUG:pybindgen.typehandlers:TypeMatcher.lookup('std::vector< ns3::Ipv6Address >')
DEBUG:pybindgen.typehandlers:try to lookup type handler for 'std::vector< ns3::Ipv6Address >' => success ((<class 'pybindgen.container.Container.__init__.<locals>.ThisContainerParameter'>, None, <pybindgen.typehandlers.ctypeparser.TypeTraits object at 0x7fca1cd257f0>))
DEBUG:pybindgen.typehandlers:TypeMatcher.lookup('void')
DEBUG:pybindgen.typehandlers:try to lookup type handler for 'void' => success ((<class 'pybindgen.typehandlers.voidtype.VoidReturn'>, None, <pybindgen.typehandlers.ctypeparser.TypeTraits object at 0x7fca1cd25f98>))
DEBUG:pybindgen.typehandlers:TypeMatcher.lookup('ns3::Ipv6Address')
DEBUG:pybindgen.typehandlers:try to lookup type handler for 'ns3::Ipv6Address' => success ((<class 'pybindgen.cppclass.CppClass.__init__.<locals>.ThisClassParameter'>, None, <pybindgen.typehandlers.ctypeparser.TypeTraits object at 0x7fca1cd2c128>))
DEBUG:pybindgen.typehandlers:TypeMatcher.lookup('void')
DEBUG:pybindgen.typehandlers:try to lookup type handler for 'void' => success ((<class 'pybindgen.typehandlers.voidtype.VoidReturn'>, None, <pybindgen.typehandlers.ctypeparser.TypeTraits object at 0x7fca1cd2c630>))
DEBUG:pybindgen.typehandlers:TypeMatcher.lookup('bool')
DEBUG:pybindgen.typehandlers:try to lookup type handler for 'bool' => success ((<class 'pybindgen.typehandlers.booltype.BoolReturn'>, None, <pybindgen.typehandlers.ctypeparser.TypeTraits object at 0x7fca1cd2cbe0>))
DEBUG:pybindgen.typehandlers:TypeMatcher.lookup('bool')
DEBUG:pybindgen.typehandlers:try to lookup type handler for 'bool' => success ((<class 'pybindgen.typehandlers.booltype.BoolReturn'>, None, <pybindgen.typehandlers.ctypeparser.TypeTraits object at 0x7fca1cd2cf98>))
DEBUG:pybindgen.typehandlers:TypeMatcher.lookup('bool')
DEBUG:pybindgen.typehandlers:try to lookup type handler for 'bool' => success ((<class 'pybindgen.typehandlers.booltype.BoolReturn'>, None, <pybindgen.typehandlers.ctypeparser.TypeTraits object at 0x7fca1cd36390>))
DEBUG:pybindgen.typehandlers:TypeMatcher.lookup('bool')
DEBUG:pybindgen.typehandlers:try to lookup type handler for 'bool' => success ((<class 'pybindgen.typehandlers.booltype.BoolReturn'>, None, <pybindgen.typehandlers.ctypeparser.TypeTraits object at 0x7fca1cd36748>))
DEBUG:pybindgen.typehandlers:TypeMatcher.lookup('bool')
DEBUG:pybindgen.typehandlers:try to lookup type handler for 'bool' => success ((<class 'pybindgen.typehandlers.booltype.BoolReturn'>, None, <pybindgen.typehandlers.ctypeparser.TypeTraits object at 0x7fca1cd36b00>))
DEBUG:pybindgen.typehandlers:TypeMatcher.lookup('int')
DEBUG:pybindgen.typehandlers:try to lookup type handler for 'int' => success ((<class 'pybindgen.typehandlers.inttype.IntReturn'>, None, <pybindgen.typehandlers.ctypeparser.TypeTraits object at 0x7fca1cd36eb8>))
DEBUG:pybindgen.typehandlers:TypeMatcher.lookup('ns3::Ptr< ns3::Packet >')
DEBUG:pybindgen.typehandlers:try to lookup type handler for 'ns3::Ptr< ns3::Packet >' => failure
DEBUG:pybindgen.typehandlers:try to lookup type handler for 'ns3::Packet *' => success ((<class 'pybindgen.cppclass.MemoryPolicy.register_ptr_parameter_and_return.<locals>.ThisClassPtrReturn'>, <ns3modulegen_core_customizations.SmartPointerTransformation object at 0x7fca1d6d7048>, <pybindgen.typehandlers.ctypeparser.TypeTraits object at 0x7fca1cd3e6d8>))
DEBUG:pybindgen.typehandlers:TypeMatcher.lookup('uint32_t')
DEBUG:pybindgen.typehandlers:try to lookup type handler for 'uint32_t' => success ((<class 'pybindgen.typehandlers.inttype.UnsignedIntParam'>, None, <pybindgen.typehandlers.ctypeparser.TypeTraits object at 0x7fca1cd3e630>))
DEBUG:pybindgen.typehandlers:TypeMatcher.lookup('uint32_t')
DEBUG:pybindgen.typehandlers:try to lookup type handler for 'uint32_t' => success ((<class 'pybindgen.typehandlers.inttype.UnsignedIntParam'>, None, <pybindgen.typehandlers.ctypeparser.TypeTraits object at 0x7fca1cd3e6a0>))
DEBUG:pybindgen.typehandlers:TypeMatcher.lookup('ns3::Ptr< ns3::Packet >')
DEBUG:pybindgen.typehandlers:try to lookup type handler for 'ns3::Ptr< ns3::Packet >' => failure
DEBUG:pybindgen.typehandlers:try to lookup type handler for 'ns3::Packet *' => success ((<class 'pybindgen.cppclass.MemoryPolicy.register_ptr_parameter_and_return.<locals>.ThisClassPtrReturn'>, <ns3modulegen_core_customizations.SmartPointerTransformation object at 0x7fca1d6d7048>, <pybindgen.typehandlers.ctypeparser.TypeTraits object at 0x7fca1cd3ef60>))
DEBUG:pybindgen.typehandlers:TypeMatcher.lookup('int')
DEBUG:pybindgen.typehandlers:try to lookup type handler for 'int' => success ((<class 'pybindgen.typehandlers.inttype.IntReturn'>, None, <pybindgen.typehandlers.ctypeparser.TypeTraits object at 0x7fca1cd44198>))
DEBUG:pybindgen.typehandlers:TypeMatcher.lookup('uint8_t *')
DEBUG:pybindgen.typehandlers:try to lookup type handler for 'uint8_t *' => success ((<class 'pybindgen.typehandlers.inttype.UInt8PtrParam'>, None, <pybindgen.typehandlers.ctypeparser.TypeTraits object at 0x7fca1cd44320>))
/home/imran/ns-allinone-3.36.1/ns-3.36.1/src/dsdv/bindings/modulegen__gcc_LP64.py:4244: Warning: exception TypeConfigurationError('direction not given',) in wrapper public: retval? ???::Recv (params?);
  [param('uint8_t *', 'buf'), param('uint32_t', 'size'), param('uint32_t', 'flags')])
DEBUG:pybindgen.typehandlers:TypeMatcher.lookup('ns3::Ptr< ns3::Packet >')
DEBUG:pybindgen.typehandlers:try to lookup type handler for 'ns3::Ptr< ns3::Packet >' => failure
DEBUG:pybindgen.typehandlers:try to lookup type handler for 'ns3::Packet *' => success ((<class 'pybindgen.cppclass.MemoryPolicy.register_ptr_parameter_and_return.<locals>.ThisClassPtrReturn'>, <ns3modulegen_core_customizations.SmartPointerTransformation object at 0x7fca1d6d7048>, <pybindgen.typehandlers.ctypeparser.TypeTraits object at 0x7fca1cd446d8>))
DEBUG:pybindgen.typehandlers:TypeMatcher.lookup('uint32_t')
DEBUG:pybindgen.typehandlers:try to lookup type handler for 'uint32_t' => success ((<class 'pybindgen.typehandlers.inttype.UnsignedIntParam'>, None, <pybindgen.typehandlers.ctypeparser.TypeTraits object at 0x7fca1cd446a0>))
DEBUG:pybindgen.typehandlers:TypeMatcher.lookup('uint32_t')
DEBUG:pybindgen.typehandlers:try to lookup type handler for 'uint32_t' => success ((<class 'pybindgen.typehandlers.inttype.UnsignedIntParam'>, None, <pybindgen.typehandlers.ctypeparser.TypeTraits object at 0x7fca1cd44668>))
DEBUG:pybindgen.typehandlers:TypeMatcher.lookup('ns3::Address &')
DEBUG:pybindgen.typehandlers:try to lookup type handler for 'ns3::Address &' => success ((<class 'pybindgen.cppclass.CppClass.__init__.<locals>.ThisClassRefParameter'>, None, <pybindgen.typehandlers.ctypeparser.TypeTraits object at 0x7fca1cd44860>))
DEBUG:pybindgen.typehandlers:TypeMatcher.lookup('ns3::Ptr< ns3::Packet >')
DEBUG:pybindgen.typehandlers:try to lookup type handler for 'ns3::Ptr< ns3::Packet >' => failure
DEBUG:pybindgen.typehandlers:try to lookup type handler for 'ns3::Packet *' => success ((<class 'pybindgen.cppclass.MemoryPolicy.register_ptr_parameter_and_return.<locals>.ThisClassPtrReturn'>, <ns3modulegen_core_customizations.SmartPointerTransformation object at 0x7fca1d6d7048>, <pybindgen.typehandlers.ctypeparser.TypeTraits object at 0x7fca1cd4d080>))
DEBUG:pybindgen.typehandlers:TypeMatcher.lookup('ns3::Address &')
DEBUG:pybindgen.typehandlers:try to lookup type handler for 'ns3::Address &' => success ((<class 'pybindgen.cppclass.CppClass.__init__.<locals>.ThisClassRefParameter'>, None, <pybindgen.typehandlers.ctypeparser.TypeTraits object at 0x7fca1cd4d080>))
DEBUG:pybindgen.typehandlers:TypeMatcher.lookup('int')
DEBUG:pybindgen.typehandlers:try to lookup type handler for 'int' => success ((<class 'pybindgen.typehandlers.inttype.IntReturn'>, None, <pybindgen.typehandlers.ctypeparser.TypeTraits object at 0x7fca1cd4d390>))
DEBUG:pybindgen.typehandlers:TypeMatcher.lookup('uint8_t *')
DEBUG:pybindgen.typehandlers:try to lookup type handler for 'uint8_t *' => success ((<class 'pybindgen.typehandlers.inttype.UInt8PtrParam'>, None, <pybindgen.typehandlers.ctypeparser.TypeTraits object at 0x7fca1cd4d518>))
/home/imran/ns-allinone-3.36.1/ns-3.36.1/src/dsdv/bindings/modulegen__gcc_LP64.py:4257: Warning: exception TypeConfigurationError('direction not given',) in wrapper public: retval? ???::RecvFrom (params?);
  [param('uint8_t *', 'buf'), param('uint32_t', 'size'), param('uint32_t', 'flags'), param('ns3::Address &', 'fromAddress')])
DEBUG:pybindgen.typehandlers:TypeMatcher.lookup('int')
DEBUG:pybindgen.typehandlers:try to lookup type handler for 'int' => success ((<class 'pybindgen.typehandlers.inttype.IntReturn'>, None, <pybindgen.typehandlers.ctypeparser.TypeTraits object at 0x7fca1cd4d5f8>))
DEBUG:pybindgen.typehandlers:TypeMatcher.lookup('ns3::Ptr< ns3::Packet >')
DEBUG:pybindgen.typehandlers:try to lookup type handler for 'ns3::Ptr< ns3::Packet >' => failure
DEBUG:pybindgen.typehandlers:try to lookup type handler for 'ns3::Packet *' => success ((<class 'pybindgen.cppclass.MemoryPolicy.register_ptr_parameter_and_return.<locals>.ThisClassPtrParameter'>, <ns3modulegen_core_customizations.SmartPointerTransformation object at 0x7fca1d6d7048>, <pybindgen.typehandlers.ctypeparser.TypeTraits object at 0x7fca1cd4d9e8>))
DEBUG:pybindgen.typehandlers:TypeMatcher.lookup('uint32_t')
DEBUG:pybindgen.typehandlers:try to lookup type handler for 'uint32_t' => success ((<class 'pybindgen.typehandlers.inttype.UnsignedIntParam'>, None, <pybindgen.typehandlers.ctypeparser.TypeTraits object at 0x7fca1cd4d9e8>))
DEBUG:pybindgen.typehandlers:TypeMatcher.lookup('int')
DEBUG:pybindgen.typehandlers:try to lookup type handler for 'int' => success ((<class 'pybindgen.typehandlers.inttype.IntReturn'>, None, <pybindgen.typehandlers.ctypeparser.TypeTraits object at 0x7fca1cd4def0>))
DEBUG:pybindgen.typehandlers:TypeMatcher.lookup('ns3::Ptr< ns3::Packet >')
DEBUG:pybindgen.typehandlers:try to lookup type handler for 'ns3::Ptr< ns3::Packet >' => failure
DEBUG:pybindgen.typehandlers:try to lookup type handler for 'ns3::Packet *' => success ((<class 'pybindgen.cppclass.MemoryPolicy.register_ptr_parameter_and_return.<locals>.ThisClassPtrParameter'>, <ns3modulegen_core_customizations.SmartPointerTransformation object at 0x7fca1d6d7048>, <pybindgen.typehandlers.ctypeparser.TypeTraits object at 0x7fca1cd522b0>))
DEBUG:pybindgen.typehandlers:TypeMatcher.lookup('int')
DEBUG:pybindgen.typehandlers:try to lookup type handler for 'int' => success ((<class 'pybindgen.typehandlers.inttype.IntReturn'>, None, <pybindgen.typehandlers.ctypeparser.TypeTraits object at 0x7fca1cd524a8>))
DEBUG:pybindgen.typehandlers:TypeMatcher.lookup('uint8_t const *')
DEBUG:pybindgen.typehandlers:try to lookup type handler for 'uint8_t const *' => success ((<class 'pybindgen.typehandlers.inttype.UInt8PtrParam'>, None, <pybindgen.typehandlers.ctypeparser.TypeTraits object at 0x7fca1cd525f8>))
/home/imran/ns-allinone-3.36.1/ns-3.36.1/src/dsdv/bindings/modulegen__gcc_LP64.py:4270: Warning: exception TypeConfigurationError('direction not given',) in wrapper public: retval? ???::Send (params?);
  [param('uint8_t const *', 'buf'), param('uint32_t', 'size'), param('uint32_t', 'flags')])
DEBUG:pybindgen.typehandlers:TypeMatcher.lookup('int')
DEBUG:pybindgen.typehandlers:try to lookup type handler for 'int' => success ((<class 'pybindgen.typehandlers.inttype.IntReturn'>, None, <pybindgen.typehandlers.ctypeparser.TypeTraits object at 0x7fca1cd52748>))
DEBUG:pybindgen.typehandlers:TypeMatcher.lookup('ns3::Ptr< ns3::Packet >')
DEBUG:pybindgen.typehandlers:try to lookup type handler for 'ns3::Ptr< ns3::Packet >' => failure
DEBUG:pybindgen.typehandlers:try to lookup type handler for 'ns3::Packet *' => success ((<class 'pybindgen.cppclass.MemoryPolicy.register_ptr_parameter_and_return.<locals>.ThisClassPtrParameter'>, <ns3modulegen_core_customizations.SmartPointerTransformation object at 0x7fca1d6d7048>, <pybindgen.typehandlers.ctypeparser.TypeTraits object at 0x7fca1cd4d518>))
DEBUG:pybindgen.typehandlers:TypeMatcher.lookup('uint32_t')
DEBUG:pybindgen.typehandlers:try to lookup type handler for 'uint32_t' => success ((<class 'pybindgen.typehandlers.inttype.UnsignedIntParam'>, None, <pybindgen.typehandlers.ctypeparser.TypeTraits object at 0x7fca1cd4d518>))
DEBUG:pybindgen.typehandlers:TypeMatcher.lookup('ns3::Address const &')
DEBUG:pybindgen.typehandlers:try to lookup type handler for 'ns3::Address const &' => success ((<class 'pybindgen.cppclass.CppClass.__init__.<locals>.ThisClassRefParameter'>, None, <pybindgen.typehandlers.ctypeparser.TypeTraits object at 0x7fca1cd52b00>))
DEBUG:pybindgen.typehandlers:TypeMatcher.lookup('int')
DEBUG:pybindgen.typehandlers:try to lookup type handler for 'int' => success ((<class 'pybindgen.typehandlers.inttype.IntReturn'>, None, <pybindgen.typehandlers.ctypeparser.TypeTraits object at 0x7fca1cd52c50>))
DEBUG:pybindgen.typehandlers:TypeMatcher.lookup('uint8_t const *')
DEBUG:pybindgen.typehandlers:try to lookup type handler for 'uint8_t const *' => success ((<class 'pybindgen.typehandlers.inttype.UInt8PtrParam'>, None, <pybindgen.typehandlers.ctypeparser.TypeTraits object at 0x7fca1cd52da0>))
/home/imran/ns-allinone-3.36.1/ns-3.36.1/src/dsdv/bindings/modulegen__gcc_LP64.py:4279: Warning: exception TypeConfigurationError('direction not given',) in wrapper public: retval? ???::SendTo (params?);
  [param('uint8_t const *', 'buf'), param('uint32_t', 'size'), param('uint32_t', 'flags'), param('ns3::Address const &', 'address')])
DEBUG:pybindgen.typehandlers:TypeMatcher.lookup('void')
DEBUG:pybindgen.typehandlers:try to lookup type handler for 'void' => success ((<class 'pybindgen.typehandlers.voidtype.VoidReturn'>, None, <pybindgen.typehandlers.ctypeparser.TypeTraits object at 0x7fca1cd52ef0>))
DEBUG:pybindgen.typehandlers:TypeMatcher.lookup('ns3::Callback< bool, ns3::Ptr< ns3::Socket >, ns3::Address const &, ns3::empty, ns3::empty, ns3::empty, ns3::empty, ns3::empty, ns3::empty, ns3::empty >')
DEBUG:pybindgen.typehandlers:try to lookup type handler for 'ns3::Callback< bool, ns3::Ptr< ns3::Socket >, ns3::Address const &, ns3::empty, ns3::empty, ns3::empty, ns3::empty, ns3::empty, ns3::empty, ns3::empty >' => success ((<class 'ns3modulegen_core_customizations.register_callback_classes.<locals>.PythonCallbackParameter'>, None, <pybindgen.typehandlers.ctypeparser.TypeTraits object at 0x7fca1cd5a0f0>))
DEBUG:pybindgen.typehandlers:TypeMatcher.lookup('ns3::Callback< void, ns3::Ptr< ns3::Socket >, ns3::Address const &, ns3::empty, ns3::empty, ns3::empty, ns3::empty, ns3::empty, ns3::empty, ns3::empty >')
DEBUG:pybindgen.typehandlers:try to lookup type handler for 'ns3::Callback< void, ns3::Ptr< ns3::Socket >, ns3::Address const &, ns3::empty, ns3::empty, ns3::empty, ns3::empty, ns3::empty, ns3::empty, ns3::empty >' => success ((<class 'ns3modulegen_core_customizations.register_callback_classes.<locals>.PythonCallbackParameter'>, None, <pybindgen.typehandlers.ctypeparser.TypeTraits object at 0x7fca1cd5a860>))
DEBUG:pybindgen.typehandlers:TypeMatcher.lookup('bool')
DEBUG:pybindgen.typehandlers:try to lookup type handler for 'bool' => success ((<class 'pybindgen.typehandlers.booltype.BoolReturn'>, None, <pybindgen.typehandlers.ctypeparser.TypeTraits object at 0x7fca1cce1198>))
DEBUG:pybindgen.typehandlers:TypeMatcher.lookup('bool')
DEBUG:pybindgen.typehandlers:try to lookup type handler for 'bool' => success ((<class 'pybindgen.typehandlers.booltype.BoolParam'>, None, <pybindgen.typehandlers.ctypeparser.TypeTraits object at 0x7fca1cce12e8>))
DEBUG:pybindgen.typehandlers:TypeMatcher.lookup('void')
DEBUG:pybindgen.typehandlers:try to lookup type handler for 'void' => success ((<class 'pybindgen.typehandlers.voidtype.VoidReturn'>, None, <pybindgen.typehandlers.ctypeparser.TypeTraits object at 0x7fca1cce1860>))
DEBUG:pybindgen.typehandlers:TypeMatcher.lookup('ns3::Callback< void, ns3::Ptr< ns3::Socket >, ns3::empty, ns3::empty, ns3::empty, ns3::empty, ns3::empty, ns3::empty, ns3::empty, ns3::empty >')
DEBUG:pybindgen.typehandlers:try to lookup type handler for 'ns3::Callback< void, ns3::Ptr< ns3::Socket >, ns3::empty, ns3::empty, ns3::empty, ns3::empty, ns3::empty, ns3::empty, ns3::empty, ns3::empty >' => success ((<class 'ns3modulegen_core_customizations.register_callback_classes.<locals>.PythonCallbackParameter'>, None, <pybindgen.typehandlers.ctypeparser.TypeTraits object at 0x7fca1cce19b0>))
DEBUG:pybindgen.typehandlers:TypeMatcher.lookup('ns3::Callback< void, ns3::Ptr< ns3::Socket >, ns3::empty, ns3::empty, ns3::empty, ns3::empty, ns3::empty, ns3::empty, ns3::empty, ns3::empty >')
DEBUG:pybindgen.typehandlers:try to lookup type handler for 'ns3::Callback< void, ns3::Ptr< ns3::Socket >, ns3::empty, ns3::empty, ns3::empty, ns3::empty, ns3::empty, ns3::empty, ns3::empty, ns3::empty >' => success ((<class 'ns3modulegen_core_customizations.register_callback_classes.<locals>.PythonCallbackParameter'>, None, <pybindgen.typehandlers.ctypeparser.TypeTraits object at 0x7fca1cce5080>))
DEBUG:pybindgen.typehandlers:TypeMatcher.lookup('void')
DEBUG:pybindgen.typehandlers:try to lookup type handler for 'void' => success ((<class 'pybindgen.typehandlers.voidtype.VoidReturn'>, None, <pybindgen.typehandlers.ctypeparser.TypeTraits object at 0x7fca1cd52e10>))
DEBUG:pybindgen.typehandlers:TypeMatcher.lookup('ns3::Callback< void, ns3::Ptr< ns3::Socket >, ns3::empty, ns3::empty, ns3::empty, ns3::empty, ns3::empty, ns3::empty, ns3::empty, ns3::empty >')
DEBUG:pybindgen.typehandlers:try to lookup type handler for 'ns3::Callback< void, ns3::Ptr< ns3::Socket >, ns3::empty, ns3::empty, ns3::empty, ns3::empty, ns3::empty, ns3::empty, ns3::empty, ns3::empty >' => success ((<class 'ns3modulegen_core_customizations.register_callback_classes.<locals>.PythonCallbackParameter'>, None, <pybindgen.typehandlers.ctypeparser.TypeTraits object at 0x7fca1cd52d30>))
DEBUG:pybindgen.typehandlers:TypeMatcher.lookup('ns3::Callback< void, ns3::Ptr< ns3::Socket >, ns3::empty, ns3::empty, ns3::empty, ns3::empty, ns3::empty, ns3::empty, ns3::empty, ns3::empty >')
DEBUG:pybindgen.typehandlers:try to lookup type handler for 'ns3::Callback< void, ns3::Ptr< ns3::Socket >, ns3::empty, ns3::empty, ns3::empty, ns3::empty, ns3::empty, ns3::empty, ns3::empty, ns3::empty >' => success ((<class 'ns3modulegen_core_customizations.register_callback_classes.<locals>.PythonCallbackParameter'>, None, <pybindgen.typehandlers.ctypeparser.TypeTraits object at 0x7fca1cce5e10>))
DEBUG:pybindgen.typehandlers:TypeMatcher.lookup('void')
DEBUG:pybindgen.typehandlers:try to lookup type handler for 'void' => success ((<class 'pybindgen.typehandlers.voidtype.VoidReturn'>, None, <pybindgen.typehandlers.ctypeparser.TypeTraits object at 0x7fca1cce96a0>))
DEBUG:pybindgen.typehandlers:TypeMatcher.lookup('ns3::Callback< void, ns3::Ptr< ns3::Socket >, unsigned int, ns3::empty, ns3::empty, ns3::empty, ns3::empty, ns3::empty, ns3::empty, ns3::empty >')
DEBUG:pybindgen.typehandlers:try to lookup type handler for 'ns3::Callback< void, ns3::Ptr< ns3::Socket >, unsigned int, ns3::empty, ns3::empty, ns3::empty, ns3::empty, ns3::empty, ns3::empty, ns3::empty >' => success ((<class 'ns3modulegen_core_customizations.register_callback_classes.<locals>.PythonCallbackParameter'>, None, <pybindgen.typehandlers.ctypeparser.TypeTraits object at 0x7fca1cce97f0>))
DEBUG:pybindgen.typehandlers:TypeMatcher.lookup('void')
DEBUG:pybindgen.typehandlers:try to lookup type handler for 'void' => success ((<class 'pybindgen.typehandlers.voidtype.VoidReturn'>, None, <pybindgen.typehandlers.ctypeparser.TypeTraits object at 0x7fca1ccf0160>))
DEBUG:pybindgen.typehandlers:TypeMatcher.lookup('bool')
DEBUG:pybindgen.typehandlers:try to lookup type handler for 'bool' => success ((<class 'pybindgen.typehandlers.booltype.BoolParam'>, None, <pybindgen.typehandlers.ctypeparser.TypeTraits object at 0x7fca1ccf02b0>))
DEBUG:pybindgen.typehandlers:TypeMatcher.lookup('void')
DEBUG:pybindgen.typehandlers:try to lookup type handler for 'void' => success ((<class 'pybindgen.typehandlers.voidtype.VoidReturn'>, None, <pybindgen.typehandlers.ctypeparser.TypeTraits object at 0x7fca1ccf0630>))
DEBUG:pybindgen.typehandlers:TypeMatcher.lookup('bool')
DEBUG:pybindgen.typehandlers:try to lookup type handler for 'bool' => success ((<class 'pybindgen.typehandlers.booltype.BoolParam'>, None, <pybindgen.typehandlers.ctypeparser.TypeTraits object at 0x7fca1ccf0780>))
DEBUG:pybindgen.typehandlers:TypeMatcher.lookup('void')
DEBUG:pybindgen.typehandlers:try to lookup type handler for 'void' => success ((<class 'pybindgen.typehandlers.voidtype.VoidReturn'>, None, <pybindgen.typehandlers.ctypeparser.TypeTraits object at 0x7fca1ccf0b00>))
DEBUG:pybindgen.typehandlers:TypeMatcher.lookup('uint8_t')
DEBUG:pybindgen.typehandlers:try to lookup type handler for 'uint8_t' => success ((<class 'pybindgen.typehandlers.inttype.UInt8Param'>, None, <pybindgen.typehandlers.ctypeparser.TypeTraits object at 0x7fca1ccf0c50>))
DEBUG:pybindgen.typehandlers:TypeMatcher.lookup('void')
DEBUG:pybindgen.typehandlers:try to lookup type handler for 'void' => success ((<class 'pybindgen.typehandlers.voidtype.VoidReturn'>, None, <pybindgen.typehandlers.ctypeparser.TypeTraits object at 0x7fca1ccf0fd0>))
DEBUG:pybindgen.typehandlers:TypeMatcher.lookup('uint8_t')
DEBUG:pybindgen.typehandlers:try to lookup type handler for 'uint8_t' => success ((<class 'pybindgen.typehandlers.inttype.UInt8Param'>, None, <pybindgen.typehandlers.ctypeparser.TypeTraits object at 0x7fca1ccf7160>))
DEBUG:pybindgen.typehandlers:TypeMatcher.lookup('void')
DEBUG:pybindgen.typehandlers:try to lookup type handler for 'void' => success ((<class 'pybindgen.typehandlers.voidtype.VoidReturn'>, None, <pybindgen.typehandlers.ctypeparser.TypeTraits object at 0x7fca1ccf76d8>))
DEBUG:pybindgen.typehandlers:TypeMatcher.lookup('uint8_t')
DEBUG:pybindgen.typehandlers:try to lookup type handler for 'uint8_t' => success ((<class 'pybindgen.typehandlers.inttype.UInt8Param'>, None, <pybindgen.typehandlers.ctypeparser.TypeTraits object at 0x7fca1ccf7828>))
DEBUG:pybindgen.typehandlers:TypeMatcher.lookup('void')
DEBUG:pybindgen.typehandlers:try to lookup type handler for 'void' => success ((<class 'pybindgen.typehandlers.voidtype.VoidReturn'>, None, <pybindgen.typehandlers.ctypeparser.TypeTraits object at 0x7fca1ccf7da0>))
DEBUG:pybindgen.typehandlers:TypeMatcher.lookup('bool')
DEBUG:pybindgen.typehandlers:try to lookup type handler for 'bool' => success ((<class 'pybindgen.typehandlers.booltype.BoolParam'>, None, <pybindgen.typehandlers.ctypeparser.TypeTraits object at 0x7fca1ccf7ef0>))
DEBUG:pybindgen.typehandlers:TypeMatcher.lookup('void')
DEBUG:pybindgen.typehandlers:try to lookup type handler for 'void' => success ((<class 'pybindgen.typehandlers.voidtype.VoidReturn'>, None, <pybindgen.typehandlers.ctypeparser.TypeTraits object at 0x7fca1cd002b0>))
DEBUG:pybindgen.typehandlers:TypeMatcher.lookup('bool')
DEBUG:pybindgen.typehandlers:try to lookup type handler for 'bool' => success ((<class 'pybindgen.typehandlers.booltype.BoolParam'>, None, <pybindgen.typehandlers.ctypeparser.TypeTraits object at 0x7fca1cd00400>))
DEBUG:pybindgen.typehandlers:TypeMatcher.lookup('void')
DEBUG:pybindgen.typehandlers:try to lookup type handler for 'void' => success ((<class 'pybindgen.typehandlers.voidtype.VoidReturn'>, None, <pybindgen.typehandlers.ctypeparser.TypeTraits object at 0x7fca1cd00780>))
DEBUG:pybindgen.typehandlers:TypeMatcher.lookup('int')
DEBUG:pybindgen.typehandlers:try to lookup type handler for 'int' => success ((<class 'pybindgen.typehandlers.inttype.IntParam'>, None, <pybindgen.typehandlers.ctypeparser.TypeTraits object at 0x7fca1cd008d0>))
DEBUG:pybindgen.typehandlers:TypeMatcher.lookup('void')
DEBUG:pybindgen.typehandlers:try to lookup type handler for 'void' => success ((<class 'pybindgen.typehandlers.voidtype.VoidReturn'>, None, <pybindgen.typehandlers.ctypeparser.TypeTraits object at 0x7fca1cd00c50>))
DEBUG:pybindgen.typehandlers:TypeMatcher.lookup('uint8_t')
DEBUG:pybindgen.typehandlers:try to lookup type handler for 'uint8_t' => success ((<class 'pybindgen.typehandlers.inttype.UInt8Param'>, None, <pybindgen.typehandlers.ctypeparser.TypeTraits object at 0x7fca1cd00da0>))
DEBUG:pybindgen.typehandlers:TypeMatcher.lookup('void')
DEBUG:pybindgen.typehandlers:try to lookup type handler for 'void' => success ((<class 'pybindgen.typehandlers.voidtype.VoidReturn'>, None, <pybindgen.typehandlers.ctypeparser.TypeTraits object at 0x7fca1cd09160>))
DEBUG:pybindgen.typehandlers:TypeMatcher.lookup('ns3::Callback< void, ns3::Ptr< ns3::Socket >, ns3::empty, ns3::empty, ns3::empty, ns3::empty, ns3::empty, ns3::empty, ns3::empty, ns3::empty >')
DEBUG:pybindgen.typehandlers:try to lookup type handler for 'ns3::Callback< void, ns3::Ptr< ns3::Socket >, ns3::empty, ns3::empty, ns3::empty, ns3::empty, ns3::empty, ns3::empty, ns3::empty, ns3::empty >' => success ((<class 'ns3modulegen_core_customizations.register_callback_classes.<locals>.PythonCallbackParameter'>, None, <pybindgen.typehandlers.ctypeparser.TypeTraits object at 0x7fca1cd092b0>))
DEBUG:pybindgen.typehandlers:TypeMatcher.lookup('void')
DEBUG:pybindgen.typehandlers:try to lookup type handler for 'void' => success ((<class 'pybindgen.typehandlers.voidtype.VoidReturn'>, None, <pybindgen.typehandlers.ctypeparser.TypeTraits object at 0x7fca1cd09b70>))
DEBUG:pybindgen.typehandlers:TypeMatcher.lookup('bool')
DEBUG:pybindgen.typehandlers:try to lookup type handler for 'bool' => success ((<class 'pybindgen.typehandlers.booltype.BoolParam'>, None, <pybindgen.typehandlers.ctypeparser.TypeTraits object at 0x7fca1cd09cc0>))
DEBUG:pybindgen.typehandlers:TypeMatcher.lookup('void')
DEBUG:pybindgen.typehandlers:try to lookup type handler for 'void' => success ((<class 'pybindgen.typehandlers.voidtype.VoidReturn'>, None, <pybindgen.typehandlers.ctypeparser.TypeTraits object at 0x7fca1cd0e080>))
DEBUG:pybindgen.typehandlers:TypeMatcher.lookup('ns3::Callback< void, ns3::Ptr< ns3::Socket >, unsigned int, ns3::empty, ns3::empty, ns3::empty, ns3::empty, ns3::empty, ns3::empty, ns3::empty >')
DEBUG:pybindgen.typehandlers:try to lookup type handler for 'ns3::Callback< void, ns3::Ptr< ns3::Socket >, unsigned int, ns3::empty, ns3::empty, ns3::empty, ns3::empty, ns3::empty, ns3::empty, ns3::empty >' => success ((<class 'ns3modulegen_core_customizations.register_callback_classes.<locals>.PythonCallbackParameter'>, None, <pybindgen.typehandlers.ctypeparser.TypeTraits object at 0x7fca1cd0e1d0>))
DEBUG:pybindgen.typehandlers:TypeMatcher.lookup('int')
DEBUG:pybindgen.typehandlers:try to lookup type handler for 'int' => success ((<class 'pybindgen.typehandlers.inttype.IntReturn'>, None, <pybindgen.typehandlers.ctypeparser.TypeTraits object at 0x7fca1cd0eb00>))
DEBUG:pybindgen.typehandlers:TypeMatcher.lookup('int')
DEBUG:pybindgen.typehandlers:try to lookup type handler for 'int' => success ((<class 'pybindgen.typehandlers.inttype.IntReturn'>, None, <pybindgen.typehandlers.ctypeparser.TypeTraits object at 0x7fca1cd160f0>))
DEBUG:pybindgen.typehandlers:TypeMatcher.lookup('void')
DEBUG:pybindgen.typehandlers:try to lookup type handler for 'void' => success ((<class 'pybindgen.typehandlers.voidtype.VoidReturn'>, None, <pybindgen.typehandlers.ctypeparser.TypeTraits object at 0x7fca1cd166a0>))
DEBUG:pybindgen.typehandlers:TypeMatcher.lookup('bool')
DEBUG:pybindgen.typehandlers:try to lookup type handler for 'bool' => success ((<class 'pybindgen.typehandlers.booltype.BoolReturn'>, None, <pybindgen.typehandlers.ctypeparser.TypeTraits object at 0x7fca1cd16eb8>))
DEBUG:pybindgen.typehandlers:TypeMatcher.lookup('bool')
DEBUG:pybindgen.typehandlers:try to lookup type handler for 'bool' => success ((<class 'pybindgen.typehandlers.booltype.BoolReturn'>, None, <pybindgen.typehandlers.ctypeparser.TypeTraits object at 0x7fca1cd1c518>))
DEBUG:pybindgen.typehandlers:TypeMatcher.lookup('bool')
DEBUG:pybindgen.typehandlers:try to lookup type handler for 'bool' => success ((<class 'pybindgen.typehandlers.booltype.BoolReturn'>, None, <pybindgen.typehandlers.ctypeparser.TypeTraits object at 0x7fca1cd1cb38>))
DEBUG:pybindgen.typehandlers:TypeMatcher.lookup('void')
DEBUG:pybindgen.typehandlers:try to lookup type handler for 'void' => success ((<class 'pybindgen.typehandlers.voidtype.VoidReturn'>, None, <pybindgen.typehandlers.ctypeparser.TypeTraits object at 0x7fca1cca4198>))
DEBUG:pybindgen.typehandlers:TypeMatcher.lookup('bool')
DEBUG:pybindgen.typehandlers:try to lookup type handler for 'bool' => success ((<class 'pybindgen.typehandlers.booltype.BoolReturn'>, None, <pybindgen.typehandlers.ctypeparser.TypeTraits object at 0x7fca1cca47b8>))
DEBUG:pybindgen.typehandlers:TypeMatcher.lookup('ns3::Address const &')
DEBUG:pybindgen.typehandlers:try to lookup type handler for 'ns3::Address const &' => success ((<class 'pybindgen.cppclass.CppClass.__init__.<locals>.ThisClassRefParameter'>, None, <pybindgen.typehandlers.ctypeparser.TypeTraits object at 0x7fca1cca4908>))
DEBUG:pybindgen.typehandlers:TypeMatcher.lookup('void')
DEBUG:pybindgen.typehandlers:try to lookup type handler for 'void' => success ((<class 'pybindgen.typehandlers.voidtype.VoidReturn'>, None, <pybindgen.typehandlers.ctypeparser.TypeTraits object at 0x7fca1cca4f60>))
DEBUG:pybindgen.typehandlers:TypeMatcher.lookup('void')
DEBUG:pybindgen.typehandlers:try to lookup type handler for 'void' => success ((<class 'pybindgen.typehandlers.voidtype.VoidReturn'>, None, <pybindgen.typehandlers.ctypeparser.TypeTraits object at 0x7fca1ccac5c0>))
DEBUG:pybindgen.typehandlers:TypeMatcher.lookup('void')
DEBUG:pybindgen.typehandlers:try to lookup type handler for 'void' => success ((<class 'pybindgen.typehandlers.voidtype.VoidReturn'>, None, <pybindgen.typehandlers.ctypeparser.TypeTraits object at 0x7fca1ccacbe0>))
DEBUG:pybindgen.typehandlers:TypeMatcher.lookup('uint32_t')
DEBUG:pybindgen.typehandlers:try to lookup type handler for 'uint32_t' => success ((<class 'pybindgen.typehandlers.inttype.UnsignedIntParam'>, None, <pybindgen.typehandlers.ctypeparser.TypeTraits object at 0x7fca1ccacd30>))
DEBUG:pybindgen.typehandlers:TypeMatcher.lookup('void')
DEBUG:pybindgen.typehandlers:try to lookup type handler for 'void' => success ((<class 'pybindgen.typehandlers.voidtype.VoidReturn'>, None, <pybindgen.typehandlers.ctypeparser.TypeTraits object at 0x7fca1ccb4320>))
DEBUG:pybindgen.typehandlers:TypeMatcher.lookup('void')
DEBUG:pybindgen.typehandlers:try to lookup type handler for 'void' => success ((<class 'pybindgen.typehandlers.voidtype.VoidReturn'>, None, <pybindgen.typehandlers.ctypeparser.TypeTraits object at 0x7fca1ccb4940>))
DEBUG:pybindgen.typehandlers:TypeMatcher.lookup('ns3::Ptr< ns3::Socket >')
DEBUG:pybindgen.typehandlers:try to lookup type handler for 'ns3::Ptr< ns3::Socket >' => failure
DEBUG:pybindgen.typehandlers:try to lookup type handler for 'ns3::Socket *' => success ((<class 'pybindgen.cppclass.MemoryPolicy.register_ptr_parameter_and_return.<locals>.ThisClassPtrParameter'>, <ns3modulegen_core_customizations.SmartPointerTransformation object at 0x7fca1d6d7048>, <pybindgen.typehandlers.ctypeparser.TypeTraits object at 0x7fca1ccb4cc0>))
DEBUG:pybindgen.typehandlers:TypeMatcher.lookup('ns3::Address const &')
DEBUG:pybindgen.typehandlers:try to lookup type handler for 'ns3::Address const &' => success ((<class 'pybindgen.cppclass.CppClass.__init__.<locals>.ThisClassRefParameter'>, None, <pybindgen.typehandlers.ctypeparser.TypeTraits object at 0x7fca1ccb4cc0>))
DEBUG:pybindgen.typehandlers:TypeMatcher.lookup('void')
DEBUG:pybindgen.typehandlers:try to lookup type handler for 'void' => success ((<class 'pybindgen.typehandlers.voidtype.VoidReturn'>, None, <pybindgen.typehandlers.ctypeparser.TypeTraits object at 0x7fca1ccbf320>))
DEBUG:pybindgen.typehandlers:TypeMatcher.lookup('void')
DEBUG:pybindgen.typehandlers:try to lookup type handler for 'void' => success ((<class 'pybindgen.typehandlers.voidtype.VoidReturn'>, None, <pybindgen.typehandlers.ctypeparser.TypeTraits object at 0x7fca1ccbf940>))
DEBUG:pybindgen.typehandlers:TypeMatcher.lookup('uint32_t')
DEBUG:pybindgen.typehandlers:try to lookup type handler for 'uint32_t' => success ((<class 'pybindgen.typehandlers.inttype.UnsignedIntParam'>, None, <pybindgen.typehandlers.ctypeparser.TypeTraits object at 0x7fca1ccbfa90>))
DEBUG:pybindgen.typehandlers:TypeMatcher.lookup('ns3::SocketIpTosTag const &')
DEBUG:pybindgen.typehandlers:try to lookup type handler for 'ns3::SocketIpTosTag const &' => success ((<class 'pybindgen.cppclass.CppClass.__init__.<locals>.ThisClassRefParameter'>, None, <pybindgen.typehandlers.ctypeparser.TypeTraits object at 0x7fca1ccc60b8>))
DEBUG:pybindgen.typehandlers:TypeMatcher.lookup('void')
DEBUG:pybindgen.typehandlers:try to lookup type handler for 'void' => success ((<class 'pybindgen.typehandlers.voidtype.VoidReturn'>, None, <pybindgen.typehandlers.ctypeparser.TypeTraits object at 0x7fca1ccc66d8>))
DEBUG:pybindgen.typehandlers:TypeMatcher.lookup('ns3::TagBuffer')
DEBUG:pybindgen.typehandlers:try to lookup type handler for 'ns3::TagBuffer' => success ((<class 'pybindgen.cppclass.CppClass.__init__.<locals>.ThisClassParameter'>, None, <pybindgen.typehandlers.ctypeparser.TypeTraits object at 0x7fca1ccc6828>))
DEBUG:pybindgen.typehandlers:TypeMatcher.lookup('ns3::TypeId')
DEBUG:pybindgen.typehandlers:try to lookup type handler for 'ns3::TypeId' => success ((<class 'pybindgen.cppclass.CppClass.__init__.<locals>.ThisClassReturn'>, None, <pybindgen.typehandlers.ctypeparser.TypeTraits object at 0x7fca1ccc6b70>))
DEBUG:pybindgen.typehandlers:TypeMatcher.lookup('uint32_t')
DEBUG:pybindgen.typehandlers:try to lookup type handler for 'uint32_t' => success ((<class 'pybindgen.typehandlers.inttype.UnsignedIntReturn'>, None, <pybindgen.typehandlers.ctypeparser.TypeTraits object at 0x7fca1ccc6ef0>))
DEBUG:pybindgen.typehandlers:TypeMatcher.lookup('uint8_t')
DEBUG:pybindgen.typehandlers:try to lookup type handler for 'uint8_t' => success ((<class 'pybindgen.typehandlers.inttype.UInt8Return'>, None, <pybindgen.typehandlers.ctypeparser.TypeTraits object at 0x7fca1ccce2b0>))
DEBUG:pybindgen.typehandlers:TypeMatcher.lookup('ns3::TypeId')
DEBUG:pybindgen.typehandlers:try to lookup type handler for 'ns3::TypeId' => success ((<class 'pybindgen.cppclass.CppClass.__init__.<locals>.ThisClassReturn'>, None, <pybindgen.typehandlers.ctypeparser.TypeTraits object at 0x7fca1ccce668>))
DEBUG:pybindgen.typehandlers:TypeMatcher.lookup('void')
DEBUG:pybindgen.typehandlers:try to lookup type handler for 'void' => success ((<class 'pybindgen.typehandlers.voidtype.VoidReturn'>, None, <pybindgen.typehandlers.ctypeparser.TypeTraits object at 0x7fca1ccce9e8>))
DEBUG:pybindgen.typehandlers:TypeMatcher.lookup('std::ostream &')
DEBUG:pybindgen.typehandlers:try to lookup type handler for 'std::ostream &' => failure
'std::ostream &' did not match
/home/imran/ns-allinone-3.36.1/ns-3.36.1/src/dsdv/bindings/modulegen__gcc_LP64.py:4462: Warning: exception TypeLookupError(['std::ostream &'],) in wrapper public: virtual retval? ???::Print (params?) const;
  is_const=True, is_virtual=True)
DEBUG:pybindgen.typehandlers:TypeMatcher.lookup('void')
DEBUG:pybindgen.typehandlers:try to lookup type handler for 'void' => success ((<class 'pybindgen.typehandlers.voidtype.VoidReturn'>, None, <pybindgen.typehandlers.ctypeparser.TypeTraits object at 0x7fca1ccd50f0>))
DEBUG:pybindgen.typehandlers:TypeMatcher.lookup('ns3::TagBuffer')
DEBUG:pybindgen.typehandlers:try to lookup type handler for 'ns3::TagBuffer' => success ((<class 'pybindgen.cppclass.CppClass.__init__.<locals>.ThisClassParameter'>, None, <pybindgen.typehandlers.ctypeparser.TypeTraits object at 0x7fca1ccd5240>))
DEBUG:pybindgen.typehandlers:TypeMatcher.lookup('void')
DEBUG:pybindgen.typehandlers:try to lookup type handler for 'void' => success ((<class 'pybindgen.typehandlers.voidtype.VoidReturn'>, None, <pybindgen.typehandlers.ctypeparser.TypeTraits object at 0x7fca1ccd5588>))
DEBUG:pybindgen.typehandlers:TypeMatcher.lookup('uint8_t')
DEBUG:pybindgen.typehandlers:try to lookup type handler for 'uint8_t' => success ((<class 'pybindgen.typehandlers.inttype.UInt8Param'>, None, <pybindgen.typehandlers.ctypeparser.TypeTraits object at 0x7fca1ccd56d8>))
DEBUG:pybindgen.typehandlers:TypeMatcher.lookup('ns3::SocketIpTtlTag const &')
DEBUG:pybindgen.typehandlers:try to lookup type handler for 'ns3::SocketIpTtlTag const &' => success ((<class 'pybindgen.cppclass.CppClass.__init__.<locals>.ThisClassRefParameter'>, None, <pybindgen.typehandlers.ctypeparser.TypeTraits object at 0x7fca1ccd5a90>))
DEBUG:pybindgen.typehandlers:TypeMatcher.lookup('void')
DEBUG:pybindgen.typehandlers:try to lookup type handler for 'void' => success ((<class 'pybindgen.typehandlers.voidtype.VoidReturn'>, None, <pybindgen.typehandlers.ctypeparser.TypeTraits object at 0x7fca1ccd5be0>))
DEBUG:pybindgen.typehandlers:TypeMatcher.lookup('ns3::TagBuffer')
DEBUG:pybindgen.typehandlers:try to lookup type handler for 'ns3::TagBuffer' => success ((<class 'pybindgen.cppclass.CppClass.__init__.<locals>.ThisClassParameter'>, None, <pybindgen.typehandlers.ctypeparser.TypeTraits object at 0x7fca1ccd5d30>))
DEBUG:pybindgen.typehandlers:TypeMatcher.lookup('ns3::TypeId')
DEBUG:pybindgen.typehandlers:try to lookup type handler for 'ns3::TypeId' => success ((<class 'pybindgen.cppclass.CppClass.__init__.<locals>.ThisClassReturn'>, None, <pybindgen.typehandlers.ctypeparser.TypeTraits object at 0x7fca1ccdb0b8>))
DEBUG:pybindgen.typehandlers:TypeMatcher.lookup('uint32_t')
DEBUG:pybindgen.typehandlers:try to lookup type handler for 'uint32_t' => success ((<class 'pybindgen.typehandlers.inttype.UnsignedIntReturn'>, None, <pybindgen.typehandlers.ctypeparser.TypeTraits object at 0x7fca1ccdb438>))
DEBUG:pybindgen.typehandlers:TypeMatcher.lookup('uint8_t')
DEBUG:pybindgen.typehandlers:try to lookup type handler for 'uint8_t' => success ((<class 'pybindgen.typehandlers.inttype.UInt8Return'>, None, <pybindgen.typehandlers.ctypeparser.TypeTraits object at 0x7fca1ccdb7b8>))
DEBUG:pybindgen.typehandlers:TypeMatcher.lookup('ns3::TypeId')
DEBUG:pybindgen.typehandlers:try to lookup type handler for 'ns3::TypeId' => success ((<class 'pybindgen.cppclass.CppClass.__init__.<locals>.ThisClassReturn'>, None, <pybindgen.typehandlers.ctypeparser.TypeTraits object at 0x7fca1ccdbb70>))
DEBUG:pybindgen.typehandlers:TypeMatcher.lookup('void')
DEBUG:pybindgen.typehandlers:try to lookup type handler for 'void' => success ((<class 'pybindgen.typehandlers.voidtype.VoidReturn'>, None, <pybindgen.typehandlers.ctypeparser.TypeTraits object at 0x7fca1ccdbef0>))
DEBUG:pybindgen.typehandlers:TypeMatcher.lookup('std::ostream &')
DEBUG:pybindgen.typehandlers:try to lookup type handler for 'std::ostream &' => failure
'std::ostream &' did not match
/home/imran/ns-allinone-3.36.1/ns-3.36.1/src/dsdv/bindings/modulegen__gcc_LP64.py:4508: Warning: exception TypeLookupError(['std::ostream &'],) in wrapper public: virtual retval? ???::Print (params?) const;
  is_const=True, is_virtual=True)
DEBUG:pybindgen.typehandlers:TypeMatcher.lookup('void')
DEBUG:pybindgen.typehandlers:try to lookup type handler for 'void' => success ((<class 'pybindgen.typehandlers.voidtype.VoidReturn'>, None, <pybindgen.typehandlers.ctypeparser.TypeTraits object at 0x7fca1cc655f8>))
DEBUG:pybindgen.typehandlers:TypeMatcher.lookup('ns3::TagBuffer')
DEBUG:pybindgen.typehandlers:try to lookup type handler for 'ns3::TagBuffer' => success ((<class 'pybindgen.cppclass.CppClass.__init__.<locals>.ThisClassParameter'>, None, <pybindgen.typehandlers.ctypeparser.TypeTraits object at 0x7fca1cc65748>))
DEBUG:pybindgen.typehandlers:TypeMatcher.lookup('void')
DEBUG:pybindgen.typehandlers:try to lookup type handler for 'void' => success ((<class 'pybindgen.typehandlers.voidtype.VoidReturn'>, None, <pybindgen.typehandlers.ctypeparser.TypeTraits object at 0x7fca1cc65a90>))
DEBUG:pybindgen.typehandlers:TypeMatcher.lookup('uint8_t')
DEBUG:pybindgen.typehandlers:try to lookup type handler for 'uint8_t' => success ((<class 'pybindgen.typehandlers.inttype.UInt8Param'>, None, <pybindgen.typehandlers.ctypeparser.TypeTraits object at 0x7fca1cc65be0>))
DEBUG:pybindgen.typehandlers:TypeMatcher.lookup('ns3::SocketIpv6HopLimitTag const &')
DEBUG:pybindgen.typehandlers:try to lookup type handler for 'ns3::SocketIpv6HopLimitTag const &' => success ((<class 'pybindgen.cppclass.CppClass.__init__.<locals>.ThisClassRefParameter'>, None, <pybindgen.typehandlers.ctypeparser.TypeTraits object at 0x7fca1ccdbfd0>))
DEBUG:pybindgen.typehandlers:TypeMatcher.lookup('void')
DEBUG:pybindgen.typehandlers:try to lookup type handler for 'void' => success ((<class 'pybindgen.typehandlers.voidtype.VoidReturn'>, None, <pybindgen.typehandlers.ctypeparser.TypeTraits object at 0x7fca1cc6b3c8>))
DEBUG:pybindgen.typehandlers:TypeMatcher.lookup('ns3::TagBuffer')
DEBUG:pybindgen.typehandlers:try to lookup type handler for 'ns3::TagBuffer' => success ((<class 'pybindgen.cppclass.CppClass.__init__.<locals>.ThisClassParameter'>, None, <pybindgen.typehandlers.ctypeparser.TypeTraits object at 0x7fca1cc6b518>))
DEBUG:pybindgen.typehandlers:TypeMatcher.lookup('uint8_t')
DEBUG:pybindgen.typehandlers:try to lookup type handler for 'uint8_t' => success ((<class 'pybindgen.typehandlers.inttype.UInt8Return'>, None, <pybindgen.typehandlers.ctypeparser.TypeTraits object at 0x7fca1cc6b860>))
DEBUG:pybindgen.typehandlers:TypeMatcher.lookup('ns3::TypeId')
DEBUG:pybindgen.typehandlers:try to lookup type handler for 'ns3::TypeId' => success ((<class 'pybindgen.cppclass.CppClass.__init__.<locals>.ThisClassReturn'>, None, <pybindgen.typehandlers.ctypeparser.TypeTraits object at 0x7fca1cc6bc18>))
DEBUG:pybindgen.typehandlers:TypeMatcher.lookup('uint32_t')
DEBUG:pybindgen.typehandlers:try to lookup type handler for 'uint32_t' => success ((<class 'pybindgen.typehandlers.inttype.UnsignedIntReturn'>, None, <pybindgen.typehandlers.ctypeparser.TypeTraits object at 0x7fca1cc6bf98>))
DEBUG:pybindgen.typehandlers:TypeMatcher.lookup('ns3::TypeId')
DEBUG:pybindgen.typehandlers:try to lookup type handler for 'ns3::TypeId' => success ((<class 'pybindgen.cppclass.CppClass.__init__.<locals>.ThisClassReturn'>, None, <pybindgen.typehandlers.ctypeparser.TypeTraits object at 0x7fca1cc75358>))
DEBUG:pybindgen.typehandlers:TypeMatcher.lookup('void')
DEBUG:pybindgen.typehandlers:try to lookup type handler for 'void' => success ((<class 'pybindgen.typehandlers.voidtype.VoidReturn'>, None, <pybindgen.typehandlers.ctypeparser.TypeTraits object at 0x7fca1cc756d8>))
DEBUG:pybindgen.typehandlers:TypeMatcher.lookup('std::ostream &')
DEBUG:pybindgen.typehandlers:try to lookup type handler for 'std::ostream &' => failure
'std::ostream &' did not match
/home/imran/ns-allinone-3.36.1/ns-3.36.1/src/dsdv/bindings/modulegen__gcc_LP64.py:4554: Warning: exception TypeLookupError(['std::ostream &'],) in wrapper public: virtual retval? ???::Print (params?) const;
  is_const=True, is_virtual=True)
DEBUG:pybindgen.typehandlers:TypeMatcher.lookup('void')
DEBUG:pybindgen.typehandlers:try to lookup type handler for 'void' => success ((<class 'pybindgen.typehandlers.voidtype.VoidReturn'>, None, <pybindgen.typehandlers.ctypeparser.TypeTraits object at 0x7fca1cc75da0>))
DEBUG:pybindgen.typehandlers:TypeMatcher.lookup('ns3::TagBuffer')
DEBUG:pybindgen.typehandlers:try to lookup type handler for 'ns3::TagBuffer' => success ((<class 'pybindgen.cppclass.CppClass.__init__.<locals>.ThisClassParameter'>, None, <pybindgen.typehandlers.ctypeparser.TypeTraits object at 0x7fca1cc75ef0>))
DEBUG:pybindgen.typehandlers:TypeMatcher.lookup('void')
DEBUG:pybindgen.typehandlers:try to lookup type handler for 'void' => success ((<class 'pybindgen.typehandlers.voidtype.VoidReturn'>, None, <pybindgen.typehandlers.ctypeparser.TypeTraits object at 0x7fca1cc7d278>))
DEBUG:pybindgen.typehandlers:TypeMatcher.lookup('uint8_t')
DEBUG:pybindgen.typehandlers:try to lookup type handler for 'uint8_t' => success ((<class 'pybindgen.typehandlers.inttype.UInt8Param'>, None, <pybindgen.typehandlers.ctypeparser.TypeTraits object at 0x7fca1cc75828>))
DEBUG:pybindgen.typehandlers:TypeMatcher.lookup('ns3::SocketIpv6TclassTag const &')
DEBUG:pybindgen.typehandlers:try to lookup type handler for 'ns3::SocketIpv6TclassTag const &' => success ((<class 'pybindgen.cppclass.CppClass.__init__.<locals>.ThisClassRefParameter'>, None, <pybindgen.typehandlers.ctypeparser.TypeTraits object at 0x7fca1cc7d550>))
DEBUG:pybindgen.typehandlers:TypeMatcher.lookup('void')
DEBUG:pybindgen.typehandlers:try to lookup type handler for 'void' => success ((<class 'pybindgen.typehandlers.voidtype.VoidReturn'>, None, <pybindgen.typehandlers.ctypeparser.TypeTraits object at 0x7fca1cc7db70>))
DEBUG:pybindgen.typehandlers:TypeMatcher.lookup('ns3::TagBuffer')
DEBUG:pybindgen.typehandlers:try to lookup type handler for 'ns3::TagBuffer' => success ((<class 'pybindgen.cppclass.CppClass.__init__.<locals>.ThisClassParameter'>, None, <pybindgen.typehandlers.ctypeparser.TypeTraits object at 0x7fca1cc7dcc0>))
DEBUG:pybindgen.typehandlers:TypeMatcher.lookup('ns3::TypeId')
DEBUG:pybindgen.typehandlers:try to lookup type handler for 'ns3::TypeId' => success ((<class 'pybindgen.cppclass.CppClass.__init__.<locals>.ThisClassReturn'>, None, <pybindgen.typehandlers.ctypeparser.TypeTraits object at 0x7fca1cc83048>))
DEBUG:pybindgen.typehandlers:TypeMatcher.lookup('uint32_t')
DEBUG:pybindgen.typehandlers:try to lookup type handler for 'uint32_t' => success ((<class 'pybindgen.typehandlers.inttype.UnsignedIntReturn'>, None, <pybindgen.typehandlers.ctypeparser.TypeTraits object at 0x7fca1cc833c8>))
DEBUG:pybindgen.typehandlers:TypeMatcher.lookup('uint8_t')
DEBUG:pybindgen.typehandlers:try to lookup type handler for 'uint8_t' => success ((<class 'pybindgen.typehandlers.inttype.UInt8Return'>, None, <pybindgen.typehandlers.ctypeparser.TypeTraits object at 0x7fca1cc83748>))
DEBUG:pybindgen.typehandlers:TypeMatcher.lookup('ns3::TypeId')
DEBUG:pybindgen.typehandlers:try to lookup type handler for 'ns3::TypeId' => success ((<class 'pybindgen.cppclass.CppClass.__init__.<locals>.ThisClassReturn'>, None, <pybindgen.typehandlers.ctypeparser.TypeTraits object at 0x7fca1cc83b00>))
DEBUG:pybindgen.typehandlers:TypeMatcher.lookup('void')
DEBUG:pybindgen.typehandlers:try to lookup type handler for 'void' => success ((<class 'pybindgen.typehandlers.voidtype.VoidReturn'>, None, <pybindgen.typehandlers.ctypeparser.TypeTraits object at 0x7fca1cc83e80>))
DEBUG:pybindgen.typehandlers:TypeMatcher.lookup('std::ostream &')
DEBUG:pybindgen.typehandlers:try to lookup type handler for 'std::ostream &' => failure
'std::ostream &' did not match
/home/imran/ns-allinone-3.36.1/ns-3.36.1/src/dsdv/bindings/modulegen__gcc_LP64.py:4600: Warning: exception TypeLookupError(['std::ostream &'],) in wrapper public: virtual retval? ???::Print (params?) const;
  is_const=True, is_virtual=True)
DEBUG:pybindgen.typehandlers:TypeMatcher.lookup('void')
DEBUG:pybindgen.typehandlers:try to lookup type handler for 'void' => success ((<class 'pybindgen.typehandlers.voidtype.VoidReturn'>, None, <pybindgen.typehandlers.ctypeparser.TypeTraits object at 0x7fca1cc8b588>))
DEBUG:pybindgen.typehandlers:TypeMatcher.lookup('ns3::TagBuffer')
DEBUG:pybindgen.typehandlers:try to lookup type handler for 'ns3::TagBuffer' => success ((<class 'pybindgen.cppclass.CppClass.__init__.<locals>.ThisClassParameter'>, None, <pybindgen.typehandlers.ctypeparser.TypeTraits object at 0x7fca1cc8b6d8>))
DEBUG:pybindgen.typehandlers:TypeMatcher.lookup('void')
DEBUG:pybindgen.typehandlers:try to lookup type handler for 'void' => success ((<class 'pybindgen.typehandlers.voidtype.VoidReturn'>, None, <pybindgen.typehandlers.ctypeparser.TypeTraits object at 0x7fca1cc83f60>))
DEBUG:pybindgen.typehandlers:TypeMatcher.lookup('uint8_t')
DEBUG:pybindgen.typehandlers:try to lookup type handler for 'uint8_t' => success ((<class 'pybindgen.typehandlers.inttype.UInt8Param'>, None, <pybindgen.typehandlers.ctypeparser.TypeTraits object at 0x7fca1cc8b080>))
DEBUG:pybindgen.typehandlers:TypeMatcher.lookup('ns3::SocketPriorityTag const &')
DEBUG:pybindgen.typehandlers:try to lookup type handler for 'ns3::SocketPriorityTag const &' => success ((<class 'pybindgen.cppclass.CppClass.__init__.<locals>.ThisClassRefParameter'>, None, <pybindgen.typehandlers.ctypeparser.TypeTraits object at 0x7fca1cc8bcf8>))
DEBUG:pybindgen.typehandlers:TypeMatcher.lookup('void')
DEBUG:pybindgen.typehandlers:try to lookup type handler for 'void' => success ((<class 'pybindgen.typehandlers.voidtype.VoidReturn'>, None, <pybindgen.typehandlers.ctypeparser.TypeTraits object at 0x7fca1cc94358>))
DEBUG:pybindgen.typehandlers:TypeMatcher.lookup('ns3::TagBuffer')
DEBUG:pybindgen.typehandlers:try to lookup type handler for 'ns3::TagBuffer' => success ((<class 'pybindgen.cppclass.CppClass.__init__.<locals>.ThisClassParameter'>, None, <pybindgen.typehandlers.ctypeparser.TypeTraits object at 0x7fca1cc944a8>))
DEBUG:pybindgen.typehandlers:TypeMatcher.lookup('ns3::TypeId')
DEBUG:pybindgen.typehandlers:try to lookup type handler for 'ns3::TypeId' => success ((<class 'pybindgen.cppclass.CppClass.__init__.<locals>.ThisClassReturn'>, None, <pybindgen.typehandlers.ctypeparser.TypeTraits object at 0x7fca1cc947f0>))
DEBUG:pybindgen.typehandlers:TypeMatcher.lookup('uint8_t')
DEBUG:pybindgen.typehandlers:try to lookup type handler for 'uint8_t' => success ((<class 'pybindgen.typehandlers.inttype.UInt8Return'>, None, <pybindgen.typehandlers.ctypeparser.TypeTraits object at 0x7fca1cc94b70>))
DEBUG:pybindgen.typehandlers:TypeMatcher.lookup('uint32_t')
DEBUG:pybindgen.typehandlers:try to lookup type handler for 'uint32_t' => success ((<class 'pybindgen.typehandlers.inttype.UnsignedIntReturn'>, None, <pybindgen.typehandlers.ctypeparser.TypeTraits object at 0x7fca1cc94f28>))
DEBUG:pybindgen.typehandlers:TypeMatcher.lookup('ns3::TypeId')
DEBUG:pybindgen.typehandlers:try to lookup type handler for 'ns3::TypeId' => success ((<class 'pybindgen.cppclass.CppClass.__init__.<locals>.ThisClassReturn'>, None, <pybindgen.typehandlers.ctypeparser.TypeTraits object at 0x7fca1cc9b2e8>))
DEBUG:pybindgen.typehandlers:TypeMatcher.lookup('void')
DEBUG:pybindgen.typehandlers:try to lookup type handler for 'void' => success ((<class 'pybindgen.typehandlers.voidtype.VoidReturn'>, None, <pybindgen.typehandlers.ctypeparser.TypeTraits object at 0x7fca1cc9b668>))
DEBUG:pybindgen.typehandlers:TypeMatcher.lookup('std::ostream &')
DEBUG:pybindgen.typehandlers:try to lookup type handler for 'std::ostream &' => failure
'std::ostream &' did not match
/home/imran/ns-allinone-3.36.1/ns-3.36.1/src/dsdv/bindings/modulegen__gcc_LP64.py:4646: Warning: exception TypeLookupError(['std::ostream &'],) in wrapper public: virtual retval? ???::Print (params?) const;
  is_const=True, is_virtual=True)
DEBUG:pybindgen.typehandlers:TypeMatcher.lookup('void')
DEBUG:pybindgen.typehandlers:try to lookup type handler for 'void' => success ((<class 'pybindgen.typehandlers.voidtype.VoidReturn'>, None, <pybindgen.typehandlers.ctypeparser.TypeTraits object at 0x7fca1cc9bd30>))
DEBUG:pybindgen.typehandlers:TypeMatcher.lookup('ns3::TagBuffer')
DEBUG:pybindgen.typehandlers:try to lookup type handler for 'ns3::TagBuffer' => success ((<class 'pybindgen.cppclass.CppClass.__init__.<locals>.ThisClassParameter'>, None, <pybindgen.typehandlers.ctypeparser.TypeTraits object at 0x7fca1cc9be80>))
DEBUG:pybindgen.typehandlers:TypeMatcher.lookup('void')
DEBUG:pybindgen.typehandlers:try to lookup type handler for 'void' => success ((<class 'pybindgen.typehandlers.voidtype.VoidReturn'>, None, <pybindgen.typehandlers.ctypeparser.TypeTraits object at 0x7fca1cc9bf98>))
DEBUG:pybindgen.typehandlers:TypeMatcher.lookup('uint8_t')
DEBUG:pybindgen.typehandlers:try to lookup type handler for 'uint8_t' => success ((<class 'pybindgen.typehandlers.inttype.UInt8Param'>, None, <pybindgen.typehandlers.ctypeparser.TypeTraits object at 0x7fca1cc22128>))
DEBUG:pybindgen.typehandlers:TypeMatcher.lookup('ns3::SocketSetDontFragmentTag const &')
DEBUG:pybindgen.typehandlers:try to lookup type handler for 'ns3::SocketSetDontFragmentTag const &' => success ((<class 'pybindgen.cppclass.CppClass.__init__.<locals>.ThisClassRefParameter'>, None, <pybindgen.typehandlers.ctypeparser.TypeTraits object at 0x7fca1cc224e0>))
DEBUG:pybindgen.typehandlers:TypeMatcher.lookup('void')
DEBUG:pybindgen.typehandlers:try to lookup type handler for 'void' => success ((<class 'pybindgen.typehandlers.voidtype.VoidReturn'>, None, <pybindgen.typehandlers.ctypeparser.TypeTraits object at 0x7fca1cc22b00>))
DEBUG:pybindgen.typehandlers:TypeMatcher.lookup('ns3::TagBuffer')
DEBUG:pybindgen.typehandlers:try to lookup type handler for 'ns3::TagBuffer' => success ((<class 'pybindgen.cppclass.CppClass.__init__.<locals>.ThisClassParameter'>, None, <pybindgen.typehandlers.ctypeparser.TypeTraits object at 0x7fca1cc22c50>))
DEBUG:pybindgen.typehandlers:TypeMatcher.lookup('void')
DEBUG:pybindgen.typehandlers:try to lookup type handler for 'void' => success ((<class 'pybindgen.typehandlers.voidtype.VoidReturn'>, None, <pybindgen.typehandlers.ctypeparser.TypeTraits object at 0x7fca1cc22f98>))
DEBUG:pybindgen.typehandlers:TypeMatcher.lookup('void')
DEBUG:pybindgen.typehandlers:try to lookup type handler for 'void' => success ((<class 'pybindgen.typehandlers.voidtype.VoidReturn'>, None, <pybindgen.typehandlers.ctypeparser.TypeTraits object at 0x7fca1cc293c8>))
DEBUG:pybindgen.typehandlers:TypeMatcher.lookup('ns3::TypeId')
DEBUG:pybindgen.typehandlers:try to lookup type handler for 'ns3::TypeId' => success ((<class 'pybindgen.cppclass.CppClass.__init__.<locals>.ThisClassReturn'>, None, <pybindgen.typehandlers.ctypeparser.TypeTraits object at 0x7fca1cc297b8>))
DEBUG:pybindgen.typehandlers:TypeMatcher.lookup('uint32_t')
DEBUG:pybindgen.typehandlers:try to lookup type handler for 'uint32_t' => success ((<class 'pybindgen.typehandlers.inttype.UnsignedIntReturn'>, None, <pybindgen.typehandlers.ctypeparser.TypeTraits object at 0x7fca1cc29b38>))
DEBUG:pybindgen.typehandlers:TypeMatcher.lookup('ns3::TypeId')
DEBUG:pybindgen.typehandlers:try to lookup type handler for 'ns3::TypeId' => success ((<class 'pybindgen.cppclass.CppClass.__init__.<locals>.ThisClassReturn'>, None, <pybindgen.typehandlers.ctypeparser.TypeTraits object at 0x7fca1cc29eb8>))
DEBUG:pybindgen.typehandlers:TypeMatcher.lookup('bool')
DEBUG:pybindgen.typehandlers:try to lookup type handler for 'bool' => success ((<class 'pybindgen.typehandlers.booltype.BoolReturn'>, None, <pybindgen.typehandlers.ctypeparser.TypeTraits object at 0x7fca1cc32278>))
DEBUG:pybindgen.typehandlers:TypeMatcher.lookup('void')
DEBUG:pybindgen.typehandlers:try to lookup type handler for 'void' => success ((<class 'pybindgen.typehandlers.voidtype.VoidReturn'>, None, <pybindgen.typehandlers.ctypeparser.TypeTraits object at 0x7fca1cc32630>))
DEBUG:pybindgen.typehandlers:TypeMatcher.lookup('std::ostream &')
DEBUG:pybindgen.typehandlers:try to lookup type handler for 'std::ostream &' => failure
'std::ostream &' did not match
/home/imran/ns-allinone-3.36.1/ns-3.36.1/src/dsdv/bindings/modulegen__gcc_LP64.py:4700: Warning: exception TypeLookupError(['std::ostream &'],) in wrapper public: virtual retval? ???::Print (params?) const;
  is_const=True, is_virtual=True)
DEBUG:pybindgen.typehandlers:TypeMatcher.lookup('void')
DEBUG:pybindgen.typehandlers:try to lookup type handler for 'void' => success ((<class 'pybindgen.typehandlers.voidtype.VoidReturn'>, None, <pybindgen.typehandlers.ctypeparser.TypeTraits object at 0x7fca1cc32cf8>))
DEBUG:pybindgen.typehandlers:TypeMatcher.lookup('ns3::TagBuffer')
DEBUG:pybindgen.typehandlers:try to lookup type handler for 'ns3::TagBuffer' => success ((<class 'pybindgen.cppclass.CppClass.__init__.<locals>.ThisClassParameter'>, None, <pybindgen.typehandlers.ctypeparser.TypeTraits object at 0x7fca1cc32e48>))
DEBUG:pybindgen.typehandlers:TypeMatcher.lookup('ns3::TraceSourceAccessor const &')
DEBUG:pybindgen.typehandlers:try to lookup type handler for 'ns3::TraceSourceAccessor const &' => success ((<class 'pybindgen.cppclass.CppClass.__init__.<locals>.ThisClassRefParameter'>, None, <pybindgen.typehandlers.ctypeparser.TypeTraits object at 0x7fca1cc39208>))
DEBUG:pybindgen.typehandlers:TypeMatcher.lookup('bool')
DEBUG:pybindgen.typehandlers:try to lookup type handler for 'bool' => success ((<class 'pybindgen.typehandlers.booltype.BoolReturn'>, None, <pybindgen.typehandlers.ctypeparser.TypeTraits object at 0x7fca1cc39828>))
DEBUG:pybindgen.typehandlers:TypeMatcher.lookup('ns3::ObjectBase *')
DEBUG:pybindgen.typehandlers:try to lookup type handler for 'ns3::ObjectBase *' => success ((<class 'pybindgen.cppclass.CppClass.__init__.<locals>.ThisClassPtrParameter'>, None, <pybindgen.typehandlers.ctypeparser.TypeTraits object at 0x7fca1cc39978>))
DEBUG:pybindgen.typehandlers:TypeMatcher.lookup('std::string')
DEBUG:pybindgen.typehandlers:try to lookup type handler for 'std::string' => success ((<class 'pybindgen.typehandlers.stringtype.StdStringParam'>, None, <pybindgen.typehandlers.ctypeparser.TypeTraits object at 0x7fca1cc39a90>))
DEBUG:pybindgen.typehandlers:TypeMatcher.lookup('ns3::CallbackBase const &')
DEBUG:pybindgen.typehandlers:try to lookup type handler for 'ns3::CallbackBase const &' => success ((<class 'pybindgen.cppclass.CppClass.__init__.<locals>.ThisClassRefParameter'>, None, <pybindgen.typehandlers.ctypeparser.TypeTraits object at 0x7fca1cc39b38>))
DEBUG:pybindgen.typehandlers:TypeMatcher.lookup('bool')
DEBUG:pybindgen.typehandlers:try to lookup type handler for 'bool' => success ((<class 'pybindgen.typehandlers.booltype.BoolReturn'>, None, <pybindgen.typehandlers.ctypeparser.TypeTraits object at 0x7fca1cc39f60>))
DEBUG:pybindgen.typehandlers:TypeMatcher.lookup('ns3::ObjectBase *')
DEBUG:pybindgen.typehandlers:try to lookup type handler for 'ns3::ObjectBase *' => success ((<class 'pybindgen.cppclass.CppClass.__init__.<locals>.ThisClassPtrParameter'>, None, <pybindgen.typehandlers.ctypeparser.TypeTraits object at 0x7fca1cc420f0>))
DEBUG:pybindgen.typehandlers:TypeMatcher.lookup('ns3::CallbackBase const &')
DEBUG:pybindgen.typehandlers:try to lookup type handler for 'ns3::CallbackBase const &' => success ((<class 'pybindgen.cppclass.CppClass.__init__.<locals>.ThisClassRefParameter'>, None, <pybindgen.typehandlers.ctypeparser.TypeTraits object at 0x7fca1cc42208>))
DEBUG:pybindgen.typehandlers:TypeMatcher.lookup('bool')
DEBUG:pybindgen.typehandlers:try to lookup type handler for 'bool' => success ((<class 'pybindgen.typehandlers.booltype.BoolReturn'>, None, <pybindgen.typehandlers.ctypeparser.TypeTraits object at 0x7fca1cc425f8>))
DEBUG:pybindgen.typehandlers:TypeMatcher.lookup('ns3::ObjectBase *')
DEBUG:pybindgen.typehandlers:try to lookup type handler for 'ns3::ObjectBase *' => success ((<class 'pybindgen.cppclass.CppClass.__init__.<locals>.ThisClassPtrParameter'>, None, <pybindgen.typehandlers.ctypeparser.TypeTraits object at 0x7fca1cc42748>))
DEBUG:pybindgen.typehandlers:TypeMatcher.lookup('std::string')
DEBUG:pybindgen.typehandlers:try to lookup type handler for 'std::string' => success ((<class 'pybindgen.typehandlers.stringtype.StdStringParam'>, None, <pybindgen.typehandlers.ctypeparser.TypeTraits object at 0x7fca1cc42860>))
DEBUG:pybindgen.typehandlers:TypeMatcher.lookup('ns3::CallbackBase const &')
DEBUG:pybindgen.typehandlers:try to lookup type handler for 'ns3::CallbackBase const &' => success ((<class 'pybindgen.cppclass.CppClass.__init__.<locals>.ThisClassRefParameter'>, None, <pybindgen.typehandlers.ctypeparser.TypeTraits object at 0x7fca1cc42908>))
DEBUG:pybindgen.typehandlers:TypeMatcher.lookup('bool')
DEBUG:pybindgen.typehandlers:try to lookup type handler for 'bool' => success ((<class 'pybindgen.typehandlers.booltype.BoolReturn'>, None, <pybindgen.typehandlers.ctypeparser.TypeTraits object at 0x7fca1cc32780>))
DEBUG:pybindgen.typehandlers:TypeMatcher.lookup('ns3::ObjectBase *')
DEBUG:pybindgen.typehandlers:try to lookup type handler for 'ns3::ObjectBase *' => success ((<class 'pybindgen.cppclass.CppClass.__init__.<locals>.ThisClassPtrParameter'>, None, <pybindgen.typehandlers.ctypeparser.TypeTraits object at 0x7fca1cc32748>))
DEBUG:pybindgen.typehandlers:TypeMatcher.lookup('ns3::CallbackBase const &')
DEBUG:pybindgen.typehandlers:try to lookup type handler for 'ns3::CallbackBase const &' => success ((<class 'pybindgen.cppclass.CppClass.__init__.<locals>.ThisClassRefParameter'>, None, <pybindgen.typehandlers.ctypeparser.TypeTraits object at 0x7fca1cc42d68>))
DEBUG:pybindgen.typehandlers:TypeMatcher.lookup('ns3::Trailer const &')
DEBUG:pybindgen.typehandlers:try to lookup type handler for 'ns3::Trailer const &' => success ((<class 'pybindgen.cppclass.CppClass.__init__.<locals>.ThisClassRefParameter'>, None, <pybindgen.typehandlers.ctypeparser.TypeTraits object at 0x7fca1cc48438>))
DEBUG:pybindgen.typehandlers:TypeMatcher.lookup('uint32_t')
DEBUG:pybindgen.typehandlers:try to lookup type handler for 'uint32_t' => success ((<class 'pybindgen.typehandlers.inttype.UnsignedIntReturn'>, None, <pybindgen.typehandlers.ctypeparser.TypeTraits object at 0x7fca1cc487f0>))
DEBUG:pybindgen.typehandlers:TypeMatcher.lookup('ns3::Buffer::Iterator')
DEBUG:pybindgen.typehandlers:try to lookup type handler for 'ns3::Buffer::Iterator' => success ((<class 'pybindgen.cppclass.CppClass.__init__.<locals>.ThisClassParameter'>, None, <pybindgen.typehandlers.ctypeparser.TypeTraits object at 0x7fca1cc48908>))
DEBUG:pybindgen.typehandlers:TypeMatcher.lookup('uint32_t')
DEBUG:pybindgen.typehandlers:try to lookup type handler for 'uint32_t' => success ((<class 'pybindgen.typehandlers.inttype.UnsignedIntReturn'>, None, <pybindgen.typehandlers.ctypeparser.TypeTraits object at 0x7fca1cc48c50>))
DEBUG:pybindgen.typehandlers:TypeMatcher.lookup('ns3::Buffer::Iterator')
DEBUG:pybindgen.typehandlers:try to lookup type handler for 'ns3::Buffer::Iterator' => success ((<class 'pybindgen.cppclass.CppClass.__init__.<locals>.ThisClassParameter'>, None, <pybindgen.typehandlers.ctypeparser.TypeTraits object at 0x7fca1cc48d68>))
DEBUG:pybindgen.typehandlers:TypeMatcher.lookup('ns3::Buffer::Iterator')
DEBUG:pybindgen.typehandlers:try to lookup type handler for 'ns3::Buffer::Iterator' => success ((<class 'pybindgen.cppclass.CppClass.__init__.<locals>.ThisClassParameter'>, None, <pybindgen.typehandlers.ctypeparser.TypeTraits object at 0x7fca1cc48e10>))
DEBUG:pybindgen.typehandlers:TypeMatcher.lookup('uint32_t')
DEBUG:pybindgen.typehandlers:try to lookup type handler for 'uint32_t' => success ((<class 'pybindgen.typehandlers.inttype.UnsignedIntReturn'>, None, <pybindgen.typehandlers.ctypeparser.TypeTraits object at 0x7fca1cc4f198>))
DEBUG:pybindgen.typehandlers:TypeMatcher.lookup('ns3::TypeId')
DEBUG:pybindgen.typehandlers:try to lookup type handler for 'ns3::TypeId' => success ((<class 'pybindgen.cppclass.CppClass.__init__.<locals>.ThisClassReturn'>, None, <pybindgen.typehandlers.ctypeparser.TypeTraits object at 0x7fca1cc4f518>))
DEBUG:pybindgen.typehandlers:TypeMatcher.lookup('void')
DEBUG:pybindgen.typehandlers:try to lookup type handler for 'void' => success ((<class 'pybindgen.typehandlers.voidtype.VoidReturn'>, None, <pybindgen.typehandlers.ctypeparser.TypeTraits object at 0x7fca1cc4f898>))
DEBUG:pybindgen.typehandlers:TypeMatcher.lookup('std::ostream &')
DEBUG:pybindgen.typehandlers:try to lookup type handler for 'std::ostream &' => failure
'std::ostream &' did not match
/home/imran/ns-allinone-3.36.1/ns-3.36.1/src/dsdv/bindings/modulegen__gcc_LP64.py:4765: Warning: exception TypeLookupError(['std::ostream &'],) in wrapper public: virtual retval? ???::Print (params?) const = 0;
  is_const=True, is_pure_virtual=True, is_virtual=True)
DEBUG:pybindgen.typehandlers:TypeMatcher.lookup('void')
DEBUG:pybindgen.typehandlers:try to lookup type handler for 'void' => success ((<class 'pybindgen.typehandlers.voidtype.VoidReturn'>, None, <pybindgen.typehandlers.ctypeparser.TypeTraits object at 0x7fca1cc4ff60>))
DEBUG:pybindgen.typehandlers:TypeMatcher.lookup('ns3::Buffer::Iterator')
DEBUG:pybindgen.typehandlers:try to lookup type handler for 'ns3::Buffer::Iterator' => success ((<class 'pybindgen.cppclass.CppClass.__init__.<locals>.ThisClassParameter'>, None, <pybindgen.typehandlers.ctypeparser.TypeTraits object at 0x7fca1cc560f0>))
DEBUG:pybindgen.typehandlers:TypeMatcher.lookup('ns3::TypeId')
DEBUG:pybindgen.typehandlers:try to lookup type handler for 'ns3::TypeId' => success ((<class 'pybindgen.cppclass.CppClass.__init__.<locals>.ThisClassReturn'>, None, <pybindgen.typehandlers.ctypeparser.TypeTraits object at 0x7fca1cc4f9b0>))
DEBUG:pybindgen.typehandlers:TypeMatcher.lookup('double')
DEBUG:pybindgen.typehandlers:try to lookup type handler for 'double' => success ((<class 'pybindgen.typehandlers.doubletype.DoubleReturn'>, None, <pybindgen.typehandlers.ctypeparser.TypeTraits object at 0x7fca1cc567f0>))
DEBUG:pybindgen.typehandlers:TypeMatcher.lookup('double')
DEBUG:pybindgen.typehandlers:try to lookup type handler for 'double' => success ((<class 'pybindgen.typehandlers.doubletype.DoubleReturn'>, None, <pybindgen.typehandlers.ctypeparser.TypeTraits object at 0x7fca1cc56ba8>))
DEBUG:pybindgen.typehandlers:TypeMatcher.lookup('double')
DEBUG:pybindgen.typehandlers:try to lookup type handler for 'double' => success ((<class 'pybindgen.typehandlers.doubletype.DoubleReturn'>, None, <pybindgen.typehandlers.ctypeparser.TypeTraits object at 0x7fca1cc56f60>))
DEBUG:pybindgen.typehandlers:TypeMatcher.lookup('double')
DEBUG:pybindgen.typehandlers:try to lookup type handler for 'double' => success ((<class 'pybindgen.typehandlers.doubletype.DoubleReturn'>, None, <pybindgen.typehandlers.ctypeparser.TypeTraits object at 0x7fca1cc5f358>))
DEBUG:pybindgen.typehandlers:TypeMatcher.lookup('double')
DEBUG:pybindgen.typehandlers:try to lookup type handler for 'double' => success ((<class 'pybindgen.typehandlers.doubletype.DoubleParam'>, None, <pybindgen.typehandlers.ctypeparser.TypeTraits object at 0x7fca1cc5f4a8>))
DEBUG:pybindgen.typehandlers:TypeMatcher.lookup('double')
DEBUG:pybindgen.typehandlers:try to lookup type handler for 'double' => success ((<class 'pybindgen.typehandlers.doubletype.DoubleParam'>, None, <pybindgen.typehandlers.ctypeparser.TypeTraits object at 0x7fca1cc5f588>))
DEBUG:pybindgen.typehandlers:TypeMatcher.lookup('double')
DEBUG:pybindgen.typehandlers:try to lookup type handler for 'double' => success ((<class 'pybindgen.typehandlers.doubletype.DoubleParam'>, None, <pybindgen.typehandlers.ctypeparser.TypeTraits object at 0x7fca1cc5f6a0>))
DEBUG:pybindgen.typehandlers:TypeMatcher.lookup('uint32_t')
DEBUG:pybindgen.typehandlers:try to lookup type handler for 'uint32_t' => success ((<class 'pybindgen.typehandlers.inttype.UnsignedIntReturn'>, None, <pybindgen.typehandlers.ctypeparser.TypeTraits object at 0x7fca1cc5fa58>))
DEBUG:pybindgen.typehandlers:TypeMatcher.lookup('uint32_t')
DEBUG:pybindgen.typehandlers:try to lookup type handler for 'uint32_t' => success ((<class 'pybindgen.typehandlers.inttype.UnsignedIntParam'>, None, <pybindgen.typehandlers.ctypeparser.TypeTraits object at 0x7fca1cc5fb70>))
DEBUG:pybindgen.typehandlers:TypeMatcher.lookup('uint32_t')
DEBUG:pybindgen.typehandlers:try to lookup type handler for 'uint32_t' => success ((<class 'pybindgen.typehandlers.inttype.UnsignedIntParam'>, None, <pybindgen.typehandlers.ctypeparser.TypeTraits object at 0x7fca1cc5fc18>))
DEBUG:pybindgen.typehandlers:TypeMatcher.lookup('uint32_t')
DEBUG:pybindgen.typehandlers:try to lookup type handler for 'uint32_t' => success ((<class 'pybindgen.typehandlers.inttype.UnsignedIntParam'>, None, <pybindgen.typehandlers.ctypeparser.TypeTraits object at 0x7fca1cc5fcf8>))
DEBUG:pybindgen.typehandlers:TypeMatcher.lookup('double')
DEBUG:pybindgen.typehandlers:try to lookup type handler for 'double' => success ((<class 'pybindgen.typehandlers.doubletype.DoubleReturn'>, None, <pybindgen.typehandlers.ctypeparser.TypeTraits object at 0x7fca1cbe40b8>))
DEBUG:pybindgen.typehandlers:TypeMatcher.lookup('uint32_t')
DEBUG:pybindgen.typehandlers:try to lookup type handler for 'uint32_t' => success ((<class 'pybindgen.typehandlers.inttype.UnsignedIntReturn'>, None, <pybindgen.typehandlers.ctypeparser.TypeTraits object at 0x7fca1cbe4668>))
DEBUG:pybindgen.typehandlers:TypeMatcher.lookup('ns3::TypeId')
DEBUG:pybindgen.typehandlers:try to lookup type handler for 'ns3::TypeId' => success ((<class 'pybindgen.cppclass.CppClass.__init__.<locals>.ThisClassReturn'>, None, <pybindgen.typehandlers.ctypeparser.TypeTraits object at 0x7fca1cbe4ba8>))
DEBUG:pybindgen.typehandlers:TypeMatcher.lookup('double')
DEBUG:pybindgen.typehandlers:try to lookup type handler for 'double' => success ((<class 'pybindgen.typehandlers.doubletype.DoubleReturn'>, None, <pybindgen.typehandlers.ctypeparser.TypeTraits object at 0x7fca1cbee1d0>))
DEBUG:pybindgen.typehandlers:TypeMatcher.lookup('double')
DEBUG:pybindgen.typehandlers:try to lookup type handler for 'double' => success ((<class 'pybindgen.typehandlers.doubletype.DoubleReturn'>, None, <pybindgen.typehandlers.ctypeparser.TypeTraits object at 0x7fca1cbee588>))
DEBUG:pybindgen.typehandlers:TypeMatcher.lookup('double')
DEBUG:pybindgen.typehandlers:try to lookup type handler for 'double' => success ((<class 'pybindgen.typehandlers.doubletype.DoubleReturn'>, None, <pybindgen.typehandlers.ctypeparser.TypeTraits object at 0x7fca1cbee940>))
DEBUG:pybindgen.typehandlers:TypeMatcher.lookup('double')
DEBUG:pybindgen.typehandlers:try to lookup type handler for 'double' => success ((<class 'pybindgen.typehandlers.doubletype.DoubleParam'>, None, <pybindgen.typehandlers.ctypeparser.TypeTraits object at 0x7fca1cbeea90>))
DEBUG:pybindgen.typehandlers:TypeMatcher.lookup('double')
DEBUG:pybindgen.typehandlers:try to lookup type handler for 'double' => success ((<class 'pybindgen.typehandlers.doubletype.DoubleParam'>, None, <pybindgen.typehandlers.ctypeparser.TypeTraits object at 0x7fca1cbeeb70>))
DEBUG:pybindgen.typehandlers:TypeMatcher.lookup('uint32_t')
DEBUG:pybindgen.typehandlers:try to lookup type handler for 'uint32_t' => success ((<class 'pybindgen.typehandlers.inttype.UnsignedIntReturn'>, None, <pybindgen.typehandlers.ctypeparser.TypeTraits object at 0x7fca1cbeef28>))
DEBUG:pybindgen.typehandlers:TypeMatcher.lookup('uint32_t')
DEBUG:pybindgen.typehandlers:try to lookup type handler for 'uint32_t' => success ((<class 'pybindgen.typehandlers.inttype.UnsignedIntParam'>, None, <pybindgen.typehandlers.ctypeparser.TypeTraits object at 0x7fca1cbf7080>))
DEBUG:pybindgen.typehandlers:TypeMatcher.lookup('uint32_t')
DEBUG:pybindgen.typehandlers:try to lookup type handler for 'uint32_t' => success ((<class 'pybindgen.typehandlers.inttype.UnsignedIntParam'>, None, <pybindgen.typehandlers.ctypeparser.TypeTraits object at 0x7fca1cbf7128>))
DEBUG:pybindgen.typehandlers:TypeMatcher.lookup('double')
DEBUG:pybindgen.typehandlers:try to lookup type handler for 'double' => success ((<class 'pybindgen.typehandlers.doubletype.DoubleReturn'>, None, <pybindgen.typehandlers.ctypeparser.TypeTraits object at 0x7fca1cbf74a8>))
DEBUG:pybindgen.typehandlers:TypeMatcher.lookup('uint32_t')
DEBUG:pybindgen.typehandlers:try to lookup type handler for 'uint32_t' => success ((<class 'pybindgen.typehandlers.inttype.UnsignedIntReturn'>, None, <pybindgen.typehandlers.ctypeparser.TypeTraits object at 0x7fca1cbf7a58>))
DEBUG:pybindgen.typehandlers:TypeMatcher.lookup('ns3::TypeId')
DEBUG:pybindgen.typehandlers:try to lookup type handler for 'ns3::TypeId' => success ((<class 'pybindgen.cppclass.CppClass.__init__.<locals>.ThisClassReturn'>, None, <pybindgen.typehandlers.ctypeparser.TypeTraits object at 0x7fca1cbf7f98>))
DEBUG:pybindgen.typehandlers:TypeMatcher.lookup('double')
DEBUG:pybindgen.typehandlers:try to lookup type handler for 'double' => success ((<class 'pybindgen.typehandlers.doubletype.DoubleReturn'>, None, <pybindgen.typehandlers.ctypeparser.TypeTraits object at 0x7fca1cc005c0>))
DEBUG:pybindgen.typehandlers:TypeMatcher.lookup('double')
DEBUG:pybindgen.typehandlers:try to lookup type handler for 'double' => success ((<class 'pybindgen.typehandlers.doubletype.DoubleReturn'>, None, <pybindgen.typehandlers.ctypeparser.TypeTraits object at 0x7fca1cc00978>))
DEBUG:pybindgen.typehandlers:TypeMatcher.lookup('double')
DEBUG:pybindgen.typehandlers:try to lookup type handler for 'double' => success ((<class 'pybindgen.typehandlers.doubletype.DoubleReturn'>, None, <pybindgen.typehandlers.ctypeparser.TypeTraits object at 0x7fca1cc00d30>))
DEBUG:pybindgen.typehandlers:TypeMatcher.lookup('double')
DEBUG:pybindgen.typehandlers:try to lookup type handler for 'double' => success ((<class 'pybindgen.typehandlers.doubletype.DoubleReturn'>, None, <pybindgen.typehandlers.ctypeparser.TypeTraits object at 0x7fca1cc07128>))
DEBUG:pybindgen.typehandlers:TypeMatcher.lookup('double')
DEBUG:pybindgen.typehandlers:try to lookup type handler for 'double' => success ((<class 'pybindgen.typehandlers.doubletype.DoubleParam'>, None, <pybindgen.typehandlers.ctypeparser.TypeTraits object at 0x7fca1cc07278>))
DEBUG:pybindgen.typehandlers:TypeMatcher.lookup('double')
DEBUG:pybindgen.typehandlers:try to lookup type handler for 'double' => success ((<class 'pybindgen.typehandlers.doubletype.DoubleParam'>, None, <pybindgen.typehandlers.ctypeparser.TypeTraits object at 0x7fca1cc07358>))
DEBUG:pybindgen.typehandlers:TypeMatcher.lookup('double')
DEBUG:pybindgen.typehandlers:try to lookup type handler for 'double' => success ((<class 'pybindgen.typehandlers.doubletype.DoubleParam'>, None, <pybindgen.typehandlers.ctypeparser.TypeTraits object at 0x7fca1cc07470>))
DEBUG:pybindgen.typehandlers:TypeMatcher.lookup('uint32_t')
DEBUG:pybindgen.typehandlers:try to lookup type handler for 'uint32_t' => success ((<class 'pybindgen.typehandlers.inttype.UnsignedIntReturn'>, None, <pybindgen.typehandlers.ctypeparser.TypeTraits object at 0x7fca1cc07828>))
DEBUG:pybindgen.typehandlers:TypeMatcher.lookup('uint32_t')
DEBUG:pybindgen.typehandlers:try to lookup type handler for 'uint32_t' => success ((<class 'pybindgen.typehandlers.inttype.UnsignedIntParam'>, None, <pybindgen.typehandlers.ctypeparser.TypeTraits object at 0x7fca1cc07940>))
DEBUG:pybindgen.typehandlers:TypeMatcher.lookup('uint32_t')
DEBUG:pybindgen.typehandlers:try to lookup type handler for 'uint32_t' => success ((<class 'pybindgen.typehandlers.inttype.UnsignedIntParam'>, None, <pybindgen.typehandlers.ctypeparser.TypeTraits object at 0x7fca1cc079e8>))
DEBUG:pybindgen.typehandlers:TypeMatcher.lookup('uint32_t')
DEBUG:pybindgen.typehandlers:try to lookup type handler for 'uint32_t' => success ((<class 'pybindgen.typehandlers.inttype.UnsignedIntParam'>, None, <pybindgen.typehandlers.ctypeparser.TypeTraits object at 0x7fca1cc07ac8>))
DEBUG:pybindgen.typehandlers:TypeMatcher.lookup('double')
DEBUG:pybindgen.typehandlers:try to lookup type handler for 'double' => success ((<class 'pybindgen.typehandlers.doubletype.DoubleReturn'>, None, <pybindgen.typehandlers.ctypeparser.TypeTraits object at 0x7fca1cc07e48>))
DEBUG:pybindgen.typehandlers:TypeMatcher.lookup('uint32_t')
DEBUG:pybindgen.typehandlers:try to lookup type handler for 'uint32_t' => success ((<class 'pybindgen.typehandlers.inttype.UnsignedIntReturn'>, None, <pybindgen.typehandlers.ctypeparser.TypeTraits object at 0x7fca1cc0c438>))
DEBUG:pybindgen.typehandlers:TypeMatcher.lookup('ns3::TypeId')
DEBUG:pybindgen.typehandlers:try to lookup type handler for 'ns3::TypeId' => success ((<class 'pybindgen.cppclass.CppClass.__init__.<locals>.ThisClassReturn'>, None, <pybindgen.typehandlers.ctypeparser.TypeTraits object at 0x7fca1cc0c978>))
DEBUG:pybindgen.typehandlers:TypeMatcher.lookup('double')
DEBUG:pybindgen.typehandlers:try to lookup type handler for 'double' => success ((<class 'pybindgen.typehandlers.doubletype.DoubleReturn'>, None, <pybindgen.typehandlers.ctypeparser.TypeTraits object at 0x7fca1cc0cf60>))
DEBUG:pybindgen.typehandlers:TypeMatcher.lookup('double')
DEBUG:pybindgen.typehandlers:try to lookup type handler for 'double' => success ((<class 'pybindgen.typehandlers.doubletype.DoubleReturn'>, None, <pybindgen.typehandlers.ctypeparser.TypeTraits object at 0x7fca1cc18358>))
DEBUG:pybindgen.typehandlers:TypeMatcher.lookup('double')
DEBUG:pybindgen.typehandlers:try to lookup type handler for 'double' => success ((<class 'pybindgen.typehandlers.doubletype.DoubleParam'>, None, <pybindgen.typehandlers.ctypeparser.TypeTraits object at 0x7fca1cc184a8>))
DEBUG:pybindgen.typehandlers:TypeMatcher.lookup('uint32_t')
DEBUG:pybindgen.typehandlers:try to lookup type handler for 'uint32_t' => success ((<class 'pybindgen.typehandlers.inttype.UnsignedIntReturn'>, None, <pybindgen.typehandlers.ctypeparser.TypeTraits object at 0x7fca1cc18828>))
DEBUG:pybindgen.typehandlers:TypeMatcher.lookup('uint32_t')
DEBUG:pybindgen.typehandlers:try to lookup type handler for 'uint32_t' => success ((<class 'pybindgen.typehandlers.inttype.UnsignedIntParam'>, None, <pybindgen.typehandlers.ctypeparser.TypeTraits object at 0x7fca1cc18940>))
DEBUG:pybindgen.typehandlers:TypeMatcher.lookup('double')
DEBUG:pybindgen.typehandlers:try to lookup type handler for 'double' => success ((<class 'pybindgen.typehandlers.doubletype.DoubleReturn'>, None, <pybindgen.typehandlers.ctypeparser.TypeTraits object at 0x7fca1cc18c88>))
DEBUG:pybindgen.typehandlers:TypeMatcher.lookup('uint32_t')
DEBUG:pybindgen.typehandlers:try to lookup type handler for 'uint32_t' => success ((<class 'pybindgen.typehandlers.inttype.UnsignedIntReturn'>, None, <pybindgen.typehandlers.ctypeparser.TypeTraits object at 0x7fca1cc1e278>))
DEBUG:pybindgen.typehandlers:TypeMatcher.lookup('ns3::TypeId')
DEBUG:pybindgen.typehandlers:try to lookup type handler for 'ns3::TypeId' => success ((<class 'pybindgen.cppclass.CppClass.__init__.<locals>.ThisClassReturn'>, None, <pybindgen.typehandlers.ctypeparser.TypeTraits object at 0x7fca1cc1e7b8>))
DEBUG:pybindgen.typehandlers:TypeMatcher.lookup('uint32_t')
DEBUG:pybindgen.typehandlers:try to lookup type handler for 'uint32_t' => success ((<class 'pybindgen.typehandlers.inttype.UnsignedIntReturn'>, None, <pybindgen.typehandlers.ctypeparser.TypeTraits object at 0x7fca1cc1eda0>))
DEBUG:pybindgen.typehandlers:TypeMatcher.lookup('double')
DEBUG:pybindgen.typehandlers:try to lookup type handler for 'double' => success ((<class 'pybindgen.typehandlers.doubletype.DoubleReturn'>, None, <pybindgen.typehandlers.ctypeparser.TypeTraits object at 0x7fca1cba7160>))
DEBUG:pybindgen.typehandlers:TypeMatcher.lookup('double')
DEBUG:pybindgen.typehandlers:try to lookup type handler for 'double' => success ((<class 'pybindgen.typehandlers.doubletype.DoubleReturn'>, None, <pybindgen.typehandlers.ctypeparser.TypeTraits object at 0x7fca1cba7518>))
DEBUG:pybindgen.typehandlers:TypeMatcher.lookup('uint32_t')
DEBUG:pybindgen.typehandlers:try to lookup type handler for 'uint32_t' => success ((<class 'pybindgen.typehandlers.inttype.UnsignedIntParam'>, None, <pybindgen.typehandlers.ctypeparser.TypeTraits object at 0x7fca1cba7668>))
DEBUG:pybindgen.typehandlers:TypeMatcher.lookup('double')
DEBUG:pybindgen.typehandlers:try to lookup type handler for 'double' => success ((<class 'pybindgen.typehandlers.doubletype.DoubleParam'>, None, <pybindgen.typehandlers.ctypeparser.TypeTraits object at 0x7fca1cba7710>))
DEBUG:pybindgen.typehandlers:TypeMatcher.lookup('uint32_t')
DEBUG:pybindgen.typehandlers:try to lookup type handler for 'uint32_t' => success ((<class 'pybindgen.typehandlers.inttype.UnsignedIntReturn'>, None, <pybindgen.typehandlers.ctypeparser.TypeTraits object at 0x7fca1cba7ac8>))
DEBUG:pybindgen.typehandlers:TypeMatcher.lookup('uint32_t')
DEBUG:pybindgen.typehandlers:try to lookup type handler for 'uint32_t' => success ((<class 'pybindgen.typehandlers.inttype.UnsignedIntParam'>, None, <pybindgen.typehandlers.ctypeparser.TypeTraits object at 0x7fca1cba7be0>))
DEBUG:pybindgen.typehandlers:TypeMatcher.lookup('uint32_t')
DEBUG:pybindgen.typehandlers:try to lookup type handler for 'uint32_t' => success ((<class 'pybindgen.typehandlers.inttype.UnsignedIntParam'>, None, <pybindgen.typehandlers.ctypeparser.TypeTraits object at 0x7fca1cba7c88>))
DEBUG:pybindgen.typehandlers:TypeMatcher.lookup('double')
DEBUG:pybindgen.typehandlers:try to lookup type handler for 'double' => success ((<class 'pybindgen.typehandlers.doubletype.DoubleReturn'>, None, <pybindgen.typehandlers.ctypeparser.TypeTraits object at 0x7fca1cbae048>))
DEBUG:pybindgen.typehandlers:TypeMatcher.lookup('uint32_t')
DEBUG:pybindgen.typehandlers:try to lookup type handler for 'uint32_t' => success ((<class 'pybindgen.typehandlers.inttype.UnsignedIntReturn'>, None, <pybindgen.typehandlers.ctypeparser.TypeTraits object at 0x7fca1cbae5f8>))
DEBUG:pybindgen.typehandlers:TypeMatcher.lookup('ns3::AttributeAccessor const &')
DEBUG:pybindgen.typehandlers:try to lookup type handler for 'ns3::AttributeAccessor const &' => success ((<class 'pybindgen.cppclass.CppClass.__init__.<locals>.ThisClassRefParameter'>, None, <pybindgen.typehandlers.ctypeparser.TypeTraits object at 0x7fca1cbaeb70>))
DEBUG:pybindgen.typehandlers:TypeMatcher.lookup('bool')
DEBUG:pybindgen.typehandlers:try to lookup type handler for 'bool' => success ((<class 'pybindgen.typehandlers.booltype.BoolReturn'>, None, <pybindgen.typehandlers.ctypeparser.TypeTraits object at 0x7fca1cbb61d0>))
DEBUG:pybindgen.typehandlers:TypeMatcher.lookup('ns3::ObjectBase const *')
DEBUG:pybindgen.typehandlers:try to lookup type handler for 'ns3::ObjectBase const *' => success ((<class 'pybindgen.cppclass.CppClass.__init__.<locals>.ThisClassPtrParameter'>, None, <pybindgen.typehandlers.ctypeparser.TypeTraits object at 0x7fca1cbb6320>))
DEBUG:pybindgen.typehandlers:TypeMatcher.lookup('ns3::AttributeValue &')
DEBUG:pybindgen.typehandlers:try to lookup type handler for 'ns3::AttributeValue &' => success ((<class 'pybindgen.cppclass.CppClass.__init__.<locals>.ThisClassRefParameter'>, None, <pybindgen.typehandlers.ctypeparser.TypeTraits object at 0x7fca1cbb64e0>))
DEBUG:pybindgen.typehandlers:TypeMatcher.lookup('bool')
DEBUG:pybindgen.typehandlers:try to lookup type handler for 'bool' => success ((<class 'pybindgen.typehandlers.booltype.BoolReturn'>, None, <pybindgen.typehandlers.ctypeparser.TypeTraits object at 0x7fca1cbb6828>))
DEBUG:pybindgen.typehandlers:TypeMatcher.lookup('bool')
DEBUG:pybindgen.typehandlers:try to lookup type handler for 'bool' => success ((<class 'pybindgen.typehandlers.booltype.BoolReturn'>, None, <pybindgen.typehandlers.ctypeparser.TypeTraits object at 0x7fca1cbb6be0>))
DEBUG:pybindgen.typehandlers:TypeMatcher.lookup('bool')
DEBUG:pybindgen.typehandlers:try to lookup type handler for 'bool' => success ((<class 'pybindgen.typehandlers.booltype.BoolReturn'>, None, <pybindgen.typehandlers.ctypeparser.TypeTraits object at 0x7fca1cbb6f98>))
DEBUG:pybindgen.typehandlers:TypeMatcher.lookup('ns3::ObjectBase *')
DEBUG:pybindgen.typehandlers:try to lookup type handler for 'ns3::ObjectBase *' => success ((<class 'pybindgen.cppclass.CppClass.__init__.<locals>.ThisClassPtrParameter'>, None, <pybindgen.typehandlers.ctypeparser.TypeTraits object at 0x7fca1cbbe128>))
DEBUG:pybindgen.typehandlers:TypeMatcher.lookup('ns3::AttributeValue const &')
DEBUG:pybindgen.typehandlers:try to lookup type handler for 'ns3::AttributeValue const &' => success ((<class 'pybindgen.cppclass.CppClass.__init__.<locals>.ThisClassRefParameter'>, None, <pybindgen.typehandlers.ctypeparser.TypeTraits object at 0x7fca1cbbe240>))
DEBUG:pybindgen.typehandlers:TypeMatcher.lookup('ns3::AttributeChecker const &')
DEBUG:pybindgen.typehandlers:try to lookup type handler for 'ns3::AttributeChecker const &' => success ((<class 'pybindgen.cppclass.CppClass.__init__.<locals>.ThisClassRefParameter'>, None, <pybindgen.typehandlers.ctypeparser.TypeTraits object at 0x7fca1cbbe668>))
DEBUG:pybindgen.typehandlers:TypeMatcher.lookup('bool')
DEBUG:pybindgen.typehandlers:try to lookup type handler for 'bool' => success ((<class 'pybindgen.typehandlers.booltype.BoolReturn'>, None, <pybindgen.typehandlers.ctypeparser.TypeTraits object at 0x7fca1cbbec88>))
DEBUG:pybindgen.typehandlers:TypeMatcher.lookup('ns3::AttributeValue const &')
DEBUG:pybindgen.typehandlers:try to lookup type handler for 'ns3::AttributeValue const &' => success ((<class 'pybindgen.cppclass.CppClass.__init__.<locals>.ThisClassRefParameter'>, None, <pybindgen.typehandlers.ctypeparser.TypeTraits object at 0x7fca1cbbedd8>))
DEBUG:pybindgen.typehandlers:TypeMatcher.lookup('bool')
DEBUG:pybindgen.typehandlers:try to lookup type handler for 'bool' => success ((<class 'pybindgen.typehandlers.booltype.BoolReturn'>, None, <pybindgen.typehandlers.ctypeparser.TypeTraits object at 0x7fca1cbc6208>))
DEBUG:pybindgen.typehandlers:TypeMatcher.lookup('ns3::AttributeValue const &')
DEBUG:pybindgen.typehandlers:try to lookup type handler for 'ns3::AttributeValue const &' => success ((<class 'pybindgen.cppclass.CppClass.__init__.<locals>.ThisClassRefParameter'>, None, <pybindgen.typehandlers.ctypeparser.TypeTraits object at 0x7fca1cbc6358>))
DEBUG:pybindgen.typehandlers:TypeMatcher.lookup('ns3::AttributeValue &')
DEBUG:pybindgen.typehandlers:try to lookup type handler for 'ns3::AttributeValue &' => success ((<class 'pybindgen.cppclass.CppClass.__init__.<locals>.ThisClassRefParameter'>, None, <pybindgen.typehandlers.ctypeparser.TypeTraits object at 0x7fca1cbc6518>))
DEBUG:pybindgen.typehandlers:TypeMatcher.lookup('ns3::Ptr< ns3::AttributeValue >')
DEBUG:pybindgen.typehandlers:try to lookup type handler for 'ns3::Ptr< ns3::AttributeValue >' => failure
DEBUG:pybindgen.typehandlers:try to lookup type handler for 'ns3::AttributeValue *' => success ((<class 'pybindgen.cppclass.MemoryPolicy.register_ptr_parameter_and_return.<locals>.ThisClassPtrReturn'>, <ns3modulegen_core_customizations.SmartPointerTransformation object at 0x7fca1d6d7048>, <pybindgen.typehandlers.ctypeparser.TypeTraits object at 0x7fca1cbc6a90>))
DEBUG:pybindgen.typehandlers:TypeMatcher.lookup('ns3::Ptr< ns3::AttributeValue >')
DEBUG:pybindgen.typehandlers:try to lookup type handler for 'ns3::Ptr< ns3::AttributeValue >' => failure
DEBUG:pybindgen.typehandlers:try to lookup type handler for 'ns3::AttributeValue *' => success ((<class 'pybindgen.cppclass.MemoryPolicy.register_ptr_parameter_and_return.<locals>.ThisClassPtrReturn'>, <ns3modulegen_core_customizations.SmartPointerTransformation object at 0x7fca1d6d7048>, <pybindgen.typehandlers.ctypeparser.TypeTraits object at 0x7fca1cbc6f28>))
DEBUG:pybindgen.typehandlers:TypeMatcher.lookup('ns3::AttributeValue const &')
DEBUG:pybindgen.typehandlers:try to lookup type handler for 'ns3::AttributeValue const &' => success ((<class 'pybindgen.cppclass.CppClass.__init__.<locals>.ThisClassRefParameter'>, None, <pybindgen.typehandlers.ctypeparser.TypeTraits object at 0x7fca1cbc6e80>))
DEBUG:pybindgen.typehandlers:TypeMatcher.lookup('std::string')
DEBUG:pybindgen.typehandlers:try to lookup type handler for 'std::string' => success ((<class 'pybindgen.typehandlers.stringtype.StdStringReturn'>, None, <pybindgen.typehandlers.ctypeparser.TypeTraits object at 0x7fca1cbce358>))
DEBUG:pybindgen.typehandlers:TypeMatcher.lookup('std::string')
DEBUG:pybindgen.typehandlers:try to lookup type handler for 'std::string' => success ((<class 'pybindgen.typehandlers.stringtype.StdStringReturn'>, None, <pybindgen.typehandlers.ctypeparser.TypeTraits object at 0x7fca1cbce6d8>))
DEBUG:pybindgen.typehandlers:TypeMatcher.lookup('bool')
DEBUG:pybindgen.typehandlers:try to lookup type handler for 'bool' => success ((<class 'pybindgen.typehandlers.booltype.BoolReturn'>, None, <pybindgen.typehandlers.ctypeparser.TypeTraits object at 0x7fca1cbcea58>))
DEBUG:pybindgen.typehandlers:TypeMatcher.lookup('ns3::AttributeValue const &')
DEBUG:pybindgen.typehandlers:try to lookup type handler for 'ns3::AttributeValue const &' => success ((<class 'pybindgen.cppclass.CppClass.__init__.<locals>.ThisClassRefParameter'>, None, <pybindgen.typehandlers.ctypeparser.TypeTraits object at 0x7fca1cbcee48>))
DEBUG:pybindgen.typehandlers:TypeMatcher.lookup('ns3::Ptr< ns3::AttributeValue >')
DEBUG:pybindgen.typehandlers:try to lookup type handler for 'ns3::Ptr< ns3::AttributeValue >' => failure
DEBUG:pybindgen.typehandlers:try to lookup type handler for 'ns3::AttributeValue *' => success ((<class 'pybindgen.cppclass.MemoryPolicy.register_ptr_parameter_and_return.<locals>.ThisClassPtrReturn'>, <ns3modulegen_core_customizations.SmartPointerTransformation object at 0x7fca1d6d7048>, <pybindgen.typehandlers.ctypeparser.TypeTraits object at 0x7fca1cbd36d8>))
DEBUG:pybindgen.typehandlers:TypeMatcher.lookup('bool')
DEBUG:pybindgen.typehandlers:try to lookup type handler for 'bool' => success ((<class 'pybindgen.typehandlers.booltype.BoolReturn'>, None, <pybindgen.typehandlers.ctypeparser.TypeTraits object at 0x7fca1cbd3940>))
DEBUG:pybindgen.typehandlers:TypeMatcher.lookup('std::string')
DEBUG:pybindgen.typehandlers:try to lookup type handler for 'std::string' => success ((<class 'pybindgen.typehandlers.stringtype.StdStringParam'>, None, <pybindgen.typehandlers.ctypeparser.TypeTraits object at 0x7fca1cbd3a90>))
DEBUG:pybindgen.typehandlers:TypeMatcher.lookup('ns3::Ptr< ns3::AttributeChecker const >')
DEBUG:pybindgen.typehandlers:try to lookup type handler for 'ns3::Ptr< ns3::AttributeChecker const >' => failure
DEBUG:pybindgen.typehandlers:try to lookup type handler for 'ns3::AttributeChecker *' => success ((<class 'pybindgen.cppclass.MemoryPolicy.register_ptr_parameter_and_return.<locals>.ThisClassPtrParameter'>, <ns3modulegen_core_customizations.SmartPointerTransformation object at 0x7fca1d6d7048>, <pybindgen.typehandlers.ctypeparser.TypeTraits object at 0x7fca1cbd3dd8>))
DEBUG:pybindgen.typehandlers:TypeMatcher.lookup('std::string')
DEBUG:pybindgen.typehandlers:try to lookup type handler for 'std::string' => success ((<class 'pybindgen.typehandlers.stringtype.StdStringReturn'>, None, <pybindgen.typehandlers.ctypeparser.TypeTraits object at 0x7fca1cbdd080>))
DEBUG:pybindgen.typehandlers:TypeMatcher.lookup('ns3::Ptr< ns3::AttributeChecker const >')
DEBUG:pybindgen.typehandlers:try to lookup type handler for 'ns3::Ptr< ns3::AttributeChecker const >' => failure
DEBUG:pybindgen.typehandlers:try to lookup type handler for 'ns3::AttributeChecker *' => success ((<class 'pybindgen.cppclass.MemoryPolicy.register_ptr_parameter_and_return.<locals>.ThisClassPtrParameter'>, <ns3modulegen_core_customizations.SmartPointerTransformation object at 0x7fca1d6d7048>, <pybindgen.typehandlers.ctypeparser.TypeTraits object at 0x7fca1cbdd400>))
DEBUG:pybindgen.typehandlers:TypeMatcher.lookup('ns3::CallbackChecker const &')
DEBUG:pybindgen.typehandlers:try to lookup type handler for 'ns3::CallbackChecker const &' => success ((<class 'pybindgen.cppclass.CppClass.__init__.<locals>.ThisClassRefParameter'>, None, <pybindgen.typehandlers.ctypeparser.TypeTraits object at 0x7fca1cbdd908>))
DEBUG:pybindgen.typehandlers:TypeMatcher.lookup('ns3::CallbackImplBase const &')
DEBUG:pybindgen.typehandlers:try to lookup type handler for 'ns3::CallbackImplBase const &' => success ((<class 'pybindgen.cppclass.CppClass.__init__.<locals>.ThisClassRefParameter'>, None, <pybindgen.typehandlers.ctypeparser.TypeTraits object at 0x7fca1cbddf60>))
DEBUG:pybindgen.typehandlers:TypeMatcher.lookup('std::string')
DEBUG:pybindgen.typehandlers:try to lookup type handler for 'std::string' => success ((<class 'pybindgen.typehandlers.stringtype.StdStringReturn'>, None, <pybindgen.typehandlers.ctypeparser.TypeTraits object at 0x7fca1cb63358>))
DEBUG:pybindgen.typehandlers:TypeMatcher.lookup('bool')
DEBUG:pybindgen.typehandlers:try to lookup type handler for 'bool' => success ((<class 'pybindgen.typehandlers.booltype.BoolReturn'>, None, <pybindgen.typehandlers.ctypeparser.TypeTraits object at 0x7fca1cb636d8>))
DEBUG:pybindgen.typehandlers:TypeMatcher.lookup('ns3::Ptr< ns3::CallbackImplBase const >')
DEBUG:pybindgen.typehandlers:try to lookup type handler for 'ns3::Ptr< ns3::CallbackImplBase const >' => failure
DEBUG:pybindgen.typehandlers:try to lookup type handler for 'ns3::CallbackImplBase *' => success ((<class 'pybindgen.cppclass.MemoryPolicy.register_ptr_parameter_and_return.<locals>.ThisClassPtrParameter'>, <ns3modulegen_core_customizations.SmartPointerTransformation object at 0x7fca1d6d7048>, <pybindgen.typehandlers.ctypeparser.TypeTraits object at 0x7fca1cb63a90>))
DEBUG:pybindgen.typehandlers:TypeMatcher.lookup('std::string')
DEBUG:pybindgen.typehandlers:try to lookup type handler for 'std::string' => success ((<class 'pybindgen.typehandlers.stringtype.StdStringReturn'>, None, <pybindgen.typehandlers.ctypeparser.TypeTraits object at 0x7fca1cb63cf8>))
DEBUG:pybindgen.typehandlers:TypeMatcher.lookup('std::string const &')
DEBUG:pybindgen.typehandlers:try to lookup type handler for 'std::string const &' => success ((<class 'pybindgen.typehandlers.stringtype.StdStringRefParam'>, None, <pybindgen.typehandlers.ctypeparser.TypeTraits object at 0x7fca1cb63e10>))
DEBUG:pybindgen.typehandlers:TypeMatcher.lookup('std::string')
DEBUG:pybindgen.typehandlers:try to lookup type handler for 'std::string' => success ((<class 'pybindgen.typehandlers.stringtype.StdStringReturn'>, None, <pybindgen.typehandlers.ctypeparser.TypeTraits object at 0x7fca1cb63da0>))
DEBUG:pybindgen.typehandlers:TypeMatcher.lookup('std::string')
DEBUG:pybindgen.typehandlers:try to lookup type handler for 'std::string' => success ((<class 'pybindgen.typehandlers.stringtype.StdStringReturn'>, None, <pybindgen.typehandlers.ctypeparser.TypeTraits object at 0x7fca1cb63d68>))
DEBUG:pybindgen.typehandlers:TypeMatcher.lookup('std::string')
DEBUG:pybindgen.typehandlers:try to lookup type handler for 'std::string' => success ((<class 'pybindgen.typehandlers.stringtype.StdStringReturn'>, None, <pybindgen.typehandlers.ctypeparser.TypeTraits object at 0x7fca1cb63f98>))
DEBUG:pybindgen.typehandlers:TypeMatcher.lookup('std::string')
DEBUG:pybindgen.typehandlers:try to lookup type handler for 'std::string' => success ((<class 'pybindgen.typehandlers.stringtype.StdStringReturn'>, None, <pybindgen.typehandlers.ctypeparser.TypeTraits object at 0x7fca1cb63d30>))
DEBUG:pybindgen.typehandlers:TypeMatcher.lookup('std::string')
DEBUG:pybindgen.typehandlers:try to lookup type handler for 'std::string' => success ((<class 'pybindgen.typehandlers.stringtype.StdStringReturn'>, None, <pybindgen.typehandlers.ctypeparser.TypeTraits object at 0x7fca1cb63fd0>))
DEBUG:pybindgen.typehandlers:TypeMatcher.lookup('std::string')
DEBUG:pybindgen.typehandlers:try to lookup type handler for 'std::string' => success ((<class 'pybindgen.typehandlers.stringtype.StdStringReturn'>, None, <pybindgen.typehandlers.ctypeparser.TypeTraits object at 0x7fca1cb63cf8>))
DEBUG:pybindgen.typehandlers:TypeMatcher.lookup('std::string')
DEBUG:pybindgen.typehandlers:try to lookup type handler for 'std::string' => success ((<class 'pybindgen.typehandlers.stringtype.StdStringReturn'>, None, <pybindgen.typehandlers.ctypeparser.TypeTraits object at 0x7fca1cb63da0>))
DEBUG:pybindgen.typehandlers:TypeMatcher.lookup('std::string')
DEBUG:pybindgen.typehandlers:try to lookup type handler for 'std::string' => success ((<class 'pybindgen.typehandlers.stringtype.StdStringReturn'>, None, <pybindgen.typehandlers.ctypeparser.TypeTraits object at 0x7fca1cb63d68>))
DEBUG:pybindgen.typehandlers:TypeMatcher.lookup('std::string')
DEBUG:pybindgen.typehandlers:try to lookup type handler for 'std::string' => success ((<class 'pybindgen.typehandlers.stringtype.StdStringReturn'>, None, <pybindgen.typehandlers.ctypeparser.TypeTraits object at 0x7fca1cb63f98>))
DEBUG:pybindgen.typehandlers:TypeMatcher.lookup('std::string')
DEBUG:pybindgen.typehandlers:try to lookup type handler for 'std::string' => success ((<class 'pybindgen.typehandlers.stringtype.StdStringReturn'>, None, <pybindgen.typehandlers.ctypeparser.TypeTraits object at 0x7fca1cb63d30>))
DEBUG:pybindgen.typehandlers:TypeMatcher.lookup('std::string')
DEBUG:pybindgen.typehandlers:try to lookup type handler for 'std::string' => success ((<class 'pybindgen.typehandlers.stringtype.StdStringReturn'>, None, <pybindgen.typehandlers.ctypeparser.TypeTraits object at 0x7fca1cb63fd0>))
DEBUG:pybindgen.typehandlers:TypeMatcher.lookup('std::string')
DEBUG:pybindgen.typehandlers:try to lookup type handler for 'std::string' => success ((<class 'pybindgen.typehandlers.stringtype.StdStringReturn'>, None, <pybindgen.typehandlers.ctypeparser.TypeTraits object at 0x7fca1cb63cf8>))
DEBUG:pybindgen.typehandlers:TypeMatcher.lookup('std::string')
DEBUG:pybindgen.typehandlers:try to lookup type handler for 'std::string' => success ((<class 'pybindgen.typehandlers.stringtype.StdStringReturn'>, None, <pybindgen.typehandlers.ctypeparser.TypeTraits object at 0x7fca1cb63da0>))
DEBUG:pybindgen.typehandlers:TypeMatcher.lookup('std::string')
DEBUG:pybindgen.typehandlers:try to lookup type handler for 'std::string' => success ((<class 'pybindgen.typehandlers.stringtype.StdStringReturn'>, None, <pybindgen.typehandlers.ctypeparser.TypeTraits object at 0x7fca1cb63d68>))
DEBUG:pybindgen.typehandlers:TypeMatcher.lookup('std::string')
DEBUG:pybindgen.typehandlers:try to lookup type handler for 'std::string' => success ((<class 'pybindgen.typehandlers.stringtype.StdStringReturn'>, None, <pybindgen.typehandlers.ctypeparser.TypeTraits object at 0x7fca1cb63f98>))
DEBUG:pybindgen.typehandlers:TypeMatcher.lookup('ns3::CallbackValue const &')
DEBUG:pybindgen.typehandlers:try to lookup type handler for 'ns3::CallbackValue const &' => success ((<class 'pybindgen.cppclass.CppClass.__init__.<locals>.ThisClassRefParameter'>, None, <pybindgen.typehandlers.ctypeparser.TypeTraits object at 0x7fca1cb63d68>))
DEBUG:pybindgen.typehandlers:TypeMatcher.lookup('ns3::CallbackBase const &')
DEBUG:pybindgen.typehandlers:try to lookup type handler for 'ns3::CallbackBase const &' => success ((<class 'pybindgen.cppclass.CppClass.__init__.<locals>.ThisClassRefParameter'>, None, <pybindgen.typehandlers.ctypeparser.TypeTraits object at 0x7fca1cb6c3c8>))
DEBUG:pybindgen.typehandlers:TypeMatcher.lookup('ns3::Ptr< ns3::AttributeValue >')
DEBUG:pybindgen.typehandlers:try to lookup type handler for 'ns3::Ptr< ns3::AttributeValue >' => failure
DEBUG:pybindgen.typehandlers:try to lookup type handler for 'ns3::AttributeValue *' => success ((<class 'pybindgen.cppclass.MemoryPolicy.register_ptr_parameter_and_return.<locals>.ThisClassPtrReturn'>, <ns3modulegen_core_customizations.SmartPointerTransformation object at 0x7fca1d6d7048>, <pybindgen.typehandlers.ctypeparser.TypeTraits object at 0x7fca1cb6c9b0>))
DEBUG:pybindgen.typehandlers:TypeMatcher.lookup('bool')
DEBUG:pybindgen.typehandlers:try to lookup type handler for 'bool' => success ((<class 'pybindgen.typehandlers.booltype.BoolReturn'>, None, <pybindgen.typehandlers.ctypeparser.TypeTraits object at 0x7fca1cb6cc18>))
DEBUG:pybindgen.typehandlers:TypeMatcher.lookup('std::string')
DEBUG:pybindgen.typehandlers:try to lookup type handler for 'std::string' => success ((<class 'pybindgen.typehandlers.stringtype.StdStringParam'>, None, <pybindgen.typehandlers.ctypeparser.TypeTraits object at 0x7fca1cb6cd68>))
DEBUG:pybindgen.typehandlers:TypeMatcher.lookup('ns3::Ptr< ns3::AttributeChecker const >')
DEBUG:pybindgen.typehandlers:try to lookup type handler for 'ns3::Ptr< ns3::AttributeChecker const >' => failure
DEBUG:pybindgen.typehandlers:try to lookup type handler for 'ns3::AttributeChecker *' => success ((<class 'pybindgen.cppclass.MemoryPolicy.register_ptr_parameter_and_return.<locals>.ThisClassPtrParameter'>, <ns3modulegen_core_customizations.SmartPointerTransformation object at 0x7fca1d6d7048>, <pybindgen.typehandlers.ctypeparser.TypeTraits object at 0x7fca1cb730f0>))
DEBUG:pybindgen.typehandlers:TypeMatcher.lookup('std::string')
DEBUG:pybindgen.typehandlers:try to lookup type handler for 'std::string' => success ((<class 'pybindgen.typehandlers.stringtype.StdStringReturn'>, None, <pybindgen.typehandlers.ctypeparser.TypeTraits object at 0x7fca1cb73358>))
DEBUG:pybindgen.typehandlers:TypeMatcher.lookup('ns3::Ptr< ns3::AttributeChecker const >')
DEBUG:pybindgen.typehandlers:try to lookup type handler for 'ns3::Ptr< ns3::AttributeChecker const >' => failure
DEBUG:pybindgen.typehandlers:try to lookup type handler for 'ns3::AttributeChecker *' => success ((<class 'pybindgen.cppclass.MemoryPolicy.register_ptr_parameter_and_return.<locals>.ThisClassPtrParameter'>, <ns3modulegen_core_customizations.SmartPointerTransformation object at 0x7fca1d6d7048>, <pybindgen.typehandlers.ctypeparser.TypeTraits object at 0x7fca1cb736d8>))
DEBUG:pybindgen.typehandlers:TypeMatcher.lookup('void')
DEBUG:pybindgen.typehandlers:try to lookup type handler for 'void' => success ((<class 'pybindgen.typehandlers.voidtype.VoidReturn'>, None, <pybindgen.typehandlers.ctypeparser.TypeTraits object at 0x7fca1cb73940>))
DEBUG:pybindgen.typehandlers:TypeMatcher.lookup('ns3::CallbackBase')
DEBUG:pybindgen.typehandlers:try to lookup type handler for 'ns3::CallbackBase' => success ((<class 'pybindgen.cppclass.CppClass.__init__.<locals>.ThisClassParameter'>, None, <pybindgen.typehandlers.ctypeparser.TypeTraits object at 0x7fca1cb73a90>))
DEBUG:pybindgen.typehandlers:TypeMatcher.lookup('ns3::TypeId')
DEBUG:pybindgen.typehandlers:try to lookup type handler for 'ns3::TypeId' => success ((<class 'pybindgen.cppclass.CppClass.__init__.<locals>.ThisClassReturn'>, None, <pybindgen.typehandlers.ctypeparser.TypeTraits object at 0x7fca1cb73dd8>))
DEBUG:pybindgen.typehandlers:TypeMatcher.lookup('double')
DEBUG:pybindgen.typehandlers:try to lookup type handler for 'double' => success ((<class 'pybindgen.typehandlers.doubletype.DoubleReturn'>, None, <pybindgen.typehandlers.ctypeparser.TypeTraits object at 0x7fca1cb79400>))
DEBUG:pybindgen.typehandlers:TypeMatcher.lookup('double')
DEBUG:pybindgen.typehandlers:try to lookup type handler for 'double' => success ((<class 'pybindgen.typehandlers.doubletype.DoubleReturn'>, None, <pybindgen.typehandlers.ctypeparser.TypeTraits object at 0x7fca1cb797b8>))
DEBUG:pybindgen.typehandlers:TypeMatcher.lookup('double')
DEBUG:pybindgen.typehandlers:try to lookup type handler for 'double' => success ((<class 'pybindgen.typehandlers.doubletype.DoubleParam'>, None, <pybindgen.typehandlers.ctypeparser.TypeTraits object at 0x7fca1cb79908>))
DEBUG:pybindgen.typehandlers:TypeMatcher.lookup('uint32_t')
DEBUG:pybindgen.typehandlers:try to lookup type handler for 'uint32_t' => success ((<class 'pybindgen.typehandlers.inttype.UnsignedIntReturn'>, None, <pybindgen.typehandlers.ctypeparser.TypeTraits object at 0x7fca1cb79c88>))
DEBUG:pybindgen.typehandlers:TypeMatcher.lookup('uint32_t')
DEBUG:pybindgen.typehandlers:try to lookup type handler for 'uint32_t' => success ((<class 'pybindgen.typehandlers.inttype.UnsignedIntParam'>, None, <pybindgen.typehandlers.ctypeparser.TypeTraits object at 0x7fca1cb79da0>))
DEBUG:pybindgen.typehandlers:TypeMatcher.lookup('double')
DEBUG:pybindgen.typehandlers:try to lookup type handler for 'double' => success ((<class 'pybindgen.typehandlers.doubletype.DoubleReturn'>, None, <pybindgen.typehandlers.ctypeparser.TypeTraits object at 0x7fca1cb81128>))
DEBUG:pybindgen.typehandlers:TypeMatcher.lookup('uint32_t')
DEBUG:pybindgen.typehandlers:try to lookup type handler for 'uint32_t' => success ((<class 'pybindgen.typehandlers.inttype.UnsignedIntReturn'>, None, <pybindgen.typehandlers.ctypeparser.TypeTraits object at 0x7fca1cb816d8>))
DEBUG:pybindgen.typehandlers:TypeMatcher.lookup('ns3::TypeId')
DEBUG:pybindgen.typehandlers:try to lookup type handler for 'ns3::TypeId' => success ((<class 'pybindgen.cppclass.CppClass.__init__.<locals>.ThisClassReturn'>, None, <pybindgen.typehandlers.ctypeparser.TypeTraits object at 0x7fca1cb81c18>))
DEBUG:pybindgen.typehandlers:TypeMatcher.lookup('void')
DEBUG:pybindgen.typehandlers:try to lookup type handler for 'void' => success ((<class 'pybindgen.typehandlers.voidtype.VoidReturn'>, None, <pybindgen.typehandlers.ctypeparser.TypeTraits object at 0x7fca1cb8b240>))
DEBUG:pybindgen.typehandlers:TypeMatcher.lookup('double *')
DEBUG:pybindgen.typehandlers:try to lookup type handler for 'double *' => success ((<class 'pybindgen.typehandlers.doubletype.DoublePtrParam'>, None, <pybindgen.typehandlers.ctypeparser.TypeTraits object at 0x7fca1cb8b390>))
DEBUG:pybindgen.typehandlers:TypeMatcher.lookup('std::size_t')
DEBUG:pybindgen.typehandlers:try to lookup type handler for 'std::size_t' => success ((<class 'pybindgen.typehandlers.inttype.SizeTParam'>, None, <pybindgen.typehandlers.ctypeparser.TypeTraits object at 0x7fca1cb8b4e0>))
DEBUG:pybindgen.typehandlers:TypeMatcher.lookup('double')
DEBUG:pybindgen.typehandlers:try to lookup type handler for 'double' => success ((<class 'pybindgen.typehandlers.doubletype.DoubleReturn'>, None, <pybindgen.typehandlers.ctypeparser.TypeTraits object at 0x7fca1cb8b828>))
DEBUG:pybindgen.typehandlers:TypeMatcher.lookup('uint32_t')
DEBUG:pybindgen.typehandlers:try to lookup type handler for 'uint32_t' => success ((<class 'pybindgen.typehandlers.inttype.UnsignedIntReturn'>, None, <pybindgen.typehandlers.ctypeparser.TypeTraits object at 0x7fca1cb8be10>))
DEBUG:pybindgen.typehandlers:TypeMatcher.lookup('void')
DEBUG:pybindgen.typehandlers:try to lookup type handler for 'void' => success ((<class 'pybindgen.typehandlers.voidtype.VoidReturn'>, None, <pybindgen.typehandlers.ctypeparser.TypeTraits object at 0x7fca1cb92630>))
DEBUG:pybindgen.typehandlers:TypeMatcher.lookup('double')
DEBUG:pybindgen.typehandlers:try to lookup type handler for 'double' => success ((<class 'pybindgen.typehandlers.doubletype.DoubleParam'>, None, <pybindgen.typehandlers.ctypeparser.TypeTraits object at 0x7fca1cb92780>))
DEBUG:pybindgen.typehandlers:TypeMatcher.lookup('double')
DEBUG:pybindgen.typehandlers:try to lookup type handler for 'double' => success ((<class 'pybindgen.typehandlers.doubletype.DoubleParam'>, None, <pybindgen.typehandlers.ctypeparser.TypeTraits object at 0x7fca1cb92860>))
DEBUG:pybindgen.typehandlers:TypeMatcher.lookup('uint32_t')
DEBUG:pybindgen.typehandlers:try to lookup type handler for 'uint32_t' => success ((<class 'pybindgen.typehandlers.inttype.UnsignedIntReturn'>, None, <pybindgen.typehandlers.ctypeparser.TypeTraits object at 0x7fca1cb92c18>))
DEBUG:pybindgen.typehandlers:TypeMatcher.lookup('ns3::TypeId')
DEBUG:pybindgen.typehandlers:try to lookup type handler for 'ns3::TypeId' => success ((<class 'pybindgen.cppclass.CppClass.__init__.<locals>.ThisClassReturn'>, None, <pybindgen.typehandlers.ctypeparser.TypeTraits object at 0x7fca1cb9b208>))
DEBUG:pybindgen.typehandlers:TypeMatcher.lookup('double')
DEBUG:pybindgen.typehandlers:try to lookup type handler for 'double' => success ((<class 'pybindgen.typehandlers.doubletype.DoubleReturn'>, None, <pybindgen.typehandlers.ctypeparser.TypeTraits object at 0x7fca1cb9b588>))
DEBUG:pybindgen.typehandlers:TypeMatcher.lookup('double')
DEBUG:pybindgen.typehandlers:try to lookup type handler for 'double' => success ((<class 'pybindgen.typehandlers.doubletype.DoubleReturn'>, None, <pybindgen.typehandlers.ctypeparser.TypeTraits object at 0x7fca1cb9bb38>))
DEBUG:pybindgen.typehandlers:TypeMatcher.lookup('bool')
DEBUG:pybindgen.typehandlers:try to lookup type handler for 'bool' => success ((<class 'pybindgen.typehandlers.booltype.BoolReturn'>, None, <pybindgen.typehandlers.ctypeparser.TypeTraits object at 0x7fca1cb22128>))
DEBUG:pybindgen.typehandlers:TypeMatcher.lookup('bool')
DEBUG:pybindgen.typehandlers:try to lookup type handler for 'bool' => success ((<class 'pybindgen.typehandlers.booltype.BoolParam'>, None, <pybindgen.typehandlers.ctypeparser.TypeTraits object at 0x7fca1cb22278>))
DEBUG:pybindgen.typehandlers:TypeMatcher.lookup('ns3::EmptyAttributeAccessor const &')
DEBUG:pybindgen.typehandlers:try to lookup type handler for 'ns3::EmptyAttributeAccessor const &' => success ((<class 'pybindgen.cppclass.CppClass.__init__.<locals>.ThisClassRefParameter'>, None, <pybindgen.typehandlers.ctypeparser.TypeTraits object at 0x7fca1cb22630>))
DEBUG:pybindgen.typehandlers:TypeMatcher.lookup('bool')
DEBUG:pybindgen.typehandlers:try to lookup type handler for 'bool' => success ((<class 'pybindgen.typehandlers.booltype.BoolReturn'>, None, <pybindgen.typehandlers.ctypeparser.TypeTraits object at 0x7fca1cb22c50>))
DEBUG:pybindgen.typehandlers:TypeMatcher.lookup('ns3::ObjectBase const *')
DEBUG:pybindgen.typehandlers:try to lookup type handler for 'ns3::ObjectBase const *' => success ((<class 'pybindgen.cppclass.CppClass.__init__.<locals>.ThisClassPtrParameter'>, None, <pybindgen.typehandlers.ctypeparser.TypeTraits object at 0x7fca1cb22da0>))
DEBUG:pybindgen.typehandlers:TypeMatcher.lookup('ns3::AttributeValue &')
DEBUG:pybindgen.typehandlers:try to lookup type handler for 'ns3::AttributeValue &' => success ((<class 'pybindgen.cppclass.CppClass.__init__.<locals>.ThisClassRefParameter'>, None, <pybindgen.typehandlers.ctypeparser.TypeTraits object at 0x7fca1cb22f60>))
DEBUG:pybindgen.typehandlers:TypeMatcher.lookup('bool')
DEBUG:pybindgen.typehandlers:try to lookup type handler for 'bool' => success ((<class 'pybindgen.typehandlers.booltype.BoolReturn'>, None, <pybindgen.typehandlers.ctypeparser.TypeTraits object at 0x7fca1cb2a2e8>))
DEBUG:pybindgen.typehandlers:TypeMatcher.lookup('bool')
DEBUG:pybindgen.typehandlers:try to lookup type handler for 'bool' => success ((<class 'pybindgen.typehandlers.booltype.BoolReturn'>, None, <pybindgen.typehandlers.ctypeparser.TypeTraits object at 0x7fca1cb2a6a0>))
DEBUG:pybindgen.typehandlers:TypeMatcher.lookup('bool')
DEBUG:pybindgen.typehandlers:try to lookup type handler for 'bool' => success ((<class 'pybindgen.typehandlers.booltype.BoolReturn'>, None, <pybindgen.typehandlers.ctypeparser.TypeTraits object at 0x7fca1cb2aa58>))
DEBUG:pybindgen.typehandlers:TypeMatcher.lookup('ns3::ObjectBase *')
DEBUG:pybindgen.typehandlers:try to lookup type handler for 'ns3::ObjectBase *' => success ((<class 'pybindgen.cppclass.CppClass.__init__.<locals>.ThisClassPtrParameter'>, None, <pybindgen.typehandlers.ctypeparser.TypeTraits object at 0x7fca1cb2aba8>))
/home/imran/ns-allinone-3.36.1/ns-3.36.1/src/dsdv/bindings/modulegen__gcc_LP64.py:5305: Warning: exception TypeConfigurationError('Missing transfer_ownership option',) in wrapper public: virtual retval? ???::Set (params?) const;
  is_const=True, is_virtual=True)
DEBUG:pybindgen.typehandlers:TypeMatcher.lookup('ns3::EmptyAttributeChecker const &')
DEBUG:pybindgen.typehandlers:try to lookup type handler for 'ns3::EmptyAttributeChecker const &' => success ((<class 'pybindgen.cppclass.CppClass.__init__.<locals>.ThisClassRefParameter'>, None, <pybindgen.typehandlers.ctypeparser.TypeTraits object at 0x7fca1cb32390>))
DEBUG:pybindgen.typehandlers:TypeMatcher.lookup('bool')
DEBUG:pybindgen.typehandlers:try to lookup type handler for 'bool' => success ((<class 'pybindgen.typehandlers.booltype.BoolReturn'>, None, <pybindgen.typehandlers.ctypeparser.TypeTraits object at 0x7fca1cb329b0>))
DEBUG:pybindgen.typehandlers:TypeMatcher.lookup('ns3::AttributeValue const &')
DEBUG:pybindgen.typehandlers:try to lookup type handler for 'ns3::AttributeValue const &' => success ((<class 'pybindgen.cppclass.CppClass.__init__.<locals>.ThisClassRefParameter'>, None, <pybindgen.typehandlers.ctypeparser.TypeTraits object at 0x7fca1cb32b00>))
DEBUG:pybindgen.typehandlers:TypeMatcher.lookup('bool')
DEBUG:pybindgen.typehandlers:try to lookup type handler for 'bool' => success ((<class 'pybindgen.typehandlers.booltype.BoolReturn'>, None, <pybindgen.typehandlers.ctypeparser.TypeTraits object at 0x7fca1cb32ef0>))
DEBUG:pybindgen.typehandlers:TypeMatcher.lookup('ns3::AttributeValue const &')
DEBUG:pybindgen.typehandlers:try to lookup type handler for 'ns3::AttributeValue const &' => success ((<class 'pybindgen.cppclass.CppClass.__init__.<locals>.ThisClassRefParameter'>, None, <pybindgen.typehandlers.ctypeparser.TypeTraits object at 0x7fca1cb39080>))
DEBUG:pybindgen.typehandlers:TypeMatcher.lookup('ns3::AttributeValue &')
DEBUG:pybindgen.typehandlers:try to lookup type handler for 'ns3::AttributeValue &' => success ((<class 'pybindgen.cppclass.CppClass.__init__.<locals>.ThisClassRefParameter'>, None, <pybindgen.typehandlers.ctypeparser.TypeTraits object at 0x7fca1cb39240>))
DEBUG:pybindgen.typehandlers:TypeMatcher.lookup('ns3::Ptr< ns3::AttributeValue >')
DEBUG:pybindgen.typehandlers:try to lookup type handler for 'ns3::Ptr< ns3::AttributeValue >' => failure
DEBUG:pybindgen.typehandlers:try to lookup type handler for 'ns3::AttributeValue *' => success ((<class 'pybindgen.cppclass.MemoryPolicy.register_ptr_parameter_and_return.<locals>.ThisClassPtrReturn'>, <ns3modulegen_core_customizations.SmartPointerTransformation object at 0x7fca1d6d7048>, <pybindgen.typehandlers.ctypeparser.TypeTraits object at 0x7fca1cb397b8>))
DEBUG:pybindgen.typehandlers:TypeMatcher.lookup('std::string')
DEBUG:pybindgen.typehandlers:try to lookup type handler for 'std::string' => success ((<class 'pybindgen.typehandlers.stringtype.StdStringReturn'>, None, <pybindgen.typehandlers.ctypeparser.TypeTraits object at 0x7fca1cb39a20>))
DEBUG:pybindgen.typehandlers:TypeMatcher.lookup('std::string')
DEBUG:pybindgen.typehandlers:try to lookup type handler for 'std::string' => success ((<class 'pybindgen.typehandlers.stringtype.StdStringReturn'>, None, <pybindgen.typehandlers.ctypeparser.TypeTraits object at 0x7fca1cb39da0>))
DEBUG:pybindgen.typehandlers:TypeMatcher.lookup('bool')
DEBUG:pybindgen.typehandlers:try to lookup type handler for 'bool' => success ((<class 'pybindgen.typehandlers.booltype.BoolReturn'>, None, <pybindgen.typehandlers.ctypeparser.TypeTraits object at 0x7fca1cb2abe0>))
DEBUG:pybindgen.typehandlers:TypeMatcher.lookup('ns3::EmptyAttributeValue const &')
DEBUG:pybindgen.typehandlers:try to lookup type handler for 'ns3::EmptyAttributeValue const &' => success ((<class 'pybindgen.cppclass.CppClass.__init__.<locals>.ThisClassRefParameter'>, None, <pybindgen.typehandlers.ctypeparser.TypeTraits object at 0x7fca1cb422b0>))
DEBUG:pybindgen.typehandlers:TypeMatcher.lookup('ns3::Ptr< ns3::AttributeValue >')
DEBUG:pybindgen.typehandlers:try to lookup type handler for 'ns3::Ptr< ns3::AttributeValue >' => failure
DEBUG:pybindgen.typehandlers:try to lookup type handler for 'ns3::AttributeValue *' => success ((<class 'pybindgen.cppclass.MemoryPolicy.register_ptr_parameter_and_return.<locals>.ThisClassPtrReturn'>, <ns3modulegen_core_customizations.SmartPointerTransformation object at 0x7fca1d6d7048>, <pybindgen.typehandlers.ctypeparser.TypeTraits object at 0x7fca1cb42b00>))
DEBUG:pybindgen.typehandlers:TypeMatcher.lookup('bool')
DEBUG:pybindgen.typehandlers:try to lookup type handler for 'bool' => success ((<class 'pybindgen.typehandlers.booltype.BoolReturn'>, None, <pybindgen.typehandlers.ctypeparser.TypeTraits object at 0x7fca1cb42cf8>))
DEBUG:pybindgen.typehandlers:TypeMatcher.lookup('std::string')
DEBUG:pybindgen.typehandlers:try to lookup type handler for 'std::string' => success ((<class 'pybindgen.typehandlers.stringtype.StdStringParam'>, None, <pybindgen.typehandlers.ctypeparser.TypeTraits object at 0x7fca1cb42e80>))
DEBUG:pybindgen.typehandlers:TypeMatcher.lookup('ns3::Ptr< ns3::AttributeChecker const >')
DEBUG:pybindgen.typehandlers:try to lookup type handler for 'ns3::Ptr< ns3::AttributeChecker const >' => failure
DEBUG:pybindgen.typehandlers:try to lookup type handler for 'ns3::AttributeChecker *' => success ((<class 'pybindgen.cppclass.MemoryPolicy.register_ptr_parameter_and_return.<locals>.ThisClassPtrParameter'>, <ns3modulegen_core_customizations.SmartPointerTransformation object at 0x7fca1d6d7048>, <pybindgen.typehandlers.ctypeparser.TypeTraits object at 0x7fca1cb48208>))
DEBUG:pybindgen.typehandlers:TypeMatcher.lookup('std::string')
DEBUG:pybindgen.typehandlers:try to lookup type handler for 'std::string' => success ((<class 'pybindgen.typehandlers.stringtype.StdStringReturn'>, None, <pybindgen.typehandlers.ctypeparser.TypeTraits object at 0x7fca1cb48438>))
DEBUG:pybindgen.typehandlers:TypeMatcher.lookup('ns3::Ptr< ns3::AttributeChecker const >')
DEBUG:pybindgen.typehandlers:try to lookup type handler for 'ns3::Ptr< ns3::AttributeChecker const >' => failure
DEBUG:pybindgen.typehandlers:try to lookup type handler for 'ns3::AttributeChecker *' => success ((<class 'pybindgen.cppclass.MemoryPolicy.register_ptr_parameter_and_return.<locals>.ThisClassPtrParameter'>, <ns3modulegen_core_customizations.SmartPointerTransformation object at 0x7fca1d6d7048>, <pybindgen.typehandlers.ctypeparser.TypeTraits object at 0x7fca1cb487b8>))
DEBUG:pybindgen.typehandlers:TypeMatcher.lookup('ns3::TypeId')
DEBUG:pybindgen.typehandlers:try to lookup type handler for 'ns3::TypeId' => success ((<class 'pybindgen.cppclass.CppClass.__init__.<locals>.ThisClassReturn'>, None, <pybindgen.typehandlers.ctypeparser.TypeTraits object at 0x7fca1cb489e8>))
DEBUG:pybindgen.typehandlers:TypeMatcher.lookup('uint32_t')
DEBUG:pybindgen.typehandlers:try to lookup type handler for 'uint32_t' => success ((<class 'pybindgen.typehandlers.inttype.UnsignedIntReturn'>, None, <pybindgen.typehandlers.ctypeparser.TypeTraits object at 0x7fca1cb48fd0>))
DEBUG:pybindgen.typehandlers:TypeMatcher.lookup('double')
DEBUG:pybindgen.typehandlers:try to lookup type handler for 'double' => success ((<class 'pybindgen.typehandlers.doubletype.DoubleReturn'>, None, <pybindgen.typehandlers.ctypeparser.TypeTraits object at 0x7fca1cb4e390>))
DEBUG:pybindgen.typehandlers:TypeMatcher.lookup('double')
DEBUG:pybindgen.typehandlers:try to lookup type handler for 'double' => success ((<class 'pybindgen.typehandlers.doubletype.DoubleReturn'>, None, <pybindgen.typehandlers.ctypeparser.TypeTraits object at 0x7fca1cb4e748>))
DEBUG:pybindgen.typehandlers:TypeMatcher.lookup('uint32_t')
DEBUG:pybindgen.typehandlers:try to lookup type handler for 'uint32_t' => success ((<class 'pybindgen.typehandlers.inttype.UnsignedIntParam'>, None, <pybindgen.typehandlers.ctypeparser.TypeTraits object at 0x7fca1cb4e898>))
DEBUG:pybindgen.typehandlers:TypeMatcher.lookup('double')
DEBUG:pybindgen.typehandlers:try to lookup type handler for 'double' => success ((<class 'pybindgen.typehandlers.doubletype.DoubleParam'>, None, <pybindgen.typehandlers.ctypeparser.TypeTraits object at 0x7fca1cb4e940>))
DEBUG:pybindgen.typehandlers:TypeMatcher.lookup('uint32_t')
DEBUG:pybindgen.typehandlers:try to lookup type handler for 'uint32_t' => success ((<class 'pybindgen.typehandlers.inttype.UnsignedIntReturn'>, None, <pybindgen.typehandlers.ctypeparser.TypeTraits object at 0x7fca1cb4ecf8>))
DEBUG:pybindgen.typehandlers:TypeMatcher.lookup('uint32_t')
DEBUG:pybindgen.typehandlers:try to lookup type handler for 'uint32_t' => success ((<class 'pybindgen.typehandlers.inttype.UnsignedIntParam'>, None, <pybindgen.typehandlers.ctypeparser.TypeTraits object at 0x7fca1cb4ee10>))
DEBUG:pybindgen.typehandlers:TypeMatcher.lookup('uint32_t')
DEBUG:pybindgen.typehandlers:try to lookup type handler for 'uint32_t' => success ((<class 'pybindgen.typehandlers.inttype.UnsignedIntParam'>, None, <pybindgen.typehandlers.ctypeparser.TypeTraits object at 0x7fca1cb4eeb8>))
DEBUG:pybindgen.typehandlers:TypeMatcher.lookup('double')
DEBUG:pybindgen.typehandlers:try to lookup type handler for 'double' => success ((<class 'pybindgen.typehandlers.doubletype.DoubleReturn'>, None, <pybindgen.typehandlers.ctypeparser.TypeTraits object at 0x7fca1cb55278>))
DEBUG:pybindgen.typehandlers:TypeMatcher.lookup('uint32_t')
DEBUG:pybindgen.typehandlers:try to lookup type handler for 'uint32_t' => success ((<class 'pybindgen.typehandlers.inttype.UnsignedIntReturn'>, None, <pybindgen.typehandlers.ctypeparser.TypeTraits object at 0x7fca1cb55828>))
DEBUG:pybindgen.typehandlers:TypeMatcher.lookup('ns3::EventImpl const &')
DEBUG:pybindgen.typehandlers:try to lookup type handler for 'ns3::EventImpl const &' => success ((<class 'pybindgen.cppclass.CppClass.__init__.<locals>.ThisClassRefParameter'>, None, <pybindgen.typehandlers.ctypeparser.TypeTraits object at 0x7fca1cb55da0>))
DEBUG:pybindgen.typehandlers:TypeMatcher.lookup('void')
DEBUG:pybindgen.typehandlers:try to lookup type handler for 'void' => success ((<class 'pybindgen.typehandlers.voidtype.VoidReturn'>, None, <pybindgen.typehandlers.ctypeparser.TypeTraits object at 0x7fca1cb5f400>))
DEBUG:pybindgen.typehandlers:TypeMatcher.lookup('void')
DEBUG:pybindgen.typehandlers:try to lookup type handler for 'void' => success ((<class 'pybindgen.typehandlers.voidtype.VoidReturn'>, None, <pybindgen.typehandlers.ctypeparser.TypeTraits object at 0x7fca1cb5f7f0>))
DEBUG:pybindgen.typehandlers:TypeMatcher.lookup('bool')
DEBUG:pybindgen.typehandlers:try to lookup type handler for 'bool' => success ((<class 'pybindgen.typehandlers.booltype.BoolReturn'>, None, <pybindgen.typehandlers.ctypeparser.TypeTraits object at 0x7fca1cb5fbe0>))
DEBUG:pybindgen.typehandlers:TypeMatcher.lookup('void')
DEBUG:pybindgen.typehandlers:try to lookup type handler for 'void' => success ((<class 'pybindgen.typehandlers.voidtype.VoidReturn'>, None, <pybindgen.typehandlers.ctypeparser.TypeTraits object at 0x7fca1cb5ffd0>))
DEBUG:pybindgen.typehandlers:TypeMatcher.lookup('ns3::TypeId')
DEBUG:pybindgen.typehandlers:try to lookup type handler for 'ns3::TypeId' => success ((<class 'pybindgen.cppclass.CppClass.__init__.<locals>.ThisClassReturn'>, None, <pybindgen.typehandlers.ctypeparser.TypeTraits object at 0x7fca1cae7390>))
DEBUG:pybindgen.typehandlers:TypeMatcher.lookup('double')
DEBUG:pybindgen.typehandlers:try to lookup type handler for 'double' => success ((<class 'pybindgen.typehandlers.doubletype.DoubleReturn'>, None, <pybindgen.typehandlers.ctypeparser.TypeTraits object at 0x7fca1cae7978>))
DEBUG:pybindgen.typehandlers:TypeMatcher.lookup('double')
DEBUG:pybindgen.typehandlers:try to lookup type handler for 'double' => success ((<class 'pybindgen.typehandlers.doubletype.DoubleReturn'>, None, <pybindgen.typehandlers.ctypeparser.TypeTraits object at 0x7fca1cae7d30>))
DEBUG:pybindgen.typehandlers:TypeMatcher.lookup('double')
DEBUG:pybindgen.typehandlers:try to lookup type handler for 'double' => success ((<class 'pybindgen.typehandlers.doubletype.DoubleReturn'>, None, <pybindgen.typehandlers.ctypeparser.TypeTraits object at 0x7fca1caee128>))
DEBUG:pybindgen.typehandlers:TypeMatcher.lookup('double')
DEBUG:pybindgen.typehandlers:try to lookup type handler for 'double' => success ((<class 'pybindgen.typehandlers.doubletype.DoubleParam'>, None, <pybindgen.typehandlers.ctypeparser.TypeTraits object at 0x7fca1caee278>))
DEBUG:pybindgen.typehandlers:TypeMatcher.lookup('double')
DEBUG:pybindgen.typehandlers:try to lookup type handler for 'double' => success ((<class 'pybindgen.typehandlers.doubletype.DoubleParam'>, None, <pybindgen.typehandlers.ctypeparser.TypeTraits object at 0x7fca1caee358>))
DEBUG:pybindgen.typehandlers:TypeMatcher.lookup('uint32_t')
DEBUG:pybindgen.typehandlers:try to lookup type handler for 'uint32_t' => success ((<class 'pybindgen.typehandlers.inttype.UnsignedIntReturn'>, None, <pybindgen.typehandlers.ctypeparser.TypeTraits object at 0x7fca1caee710>))
DEBUG:pybindgen.typehandlers:TypeMatcher.lookup('uint32_t')
DEBUG:pybindgen.typehandlers:try to lookup type handler for 'uint32_t' => success ((<class 'pybindgen.typehandlers.inttype.UnsignedIntParam'>, None, <pybindgen.typehandlers.ctypeparser.TypeTraits object at 0x7fca1caee828>))
DEBUG:pybindgen.typehandlers:TypeMatcher.lookup('uint32_t')
DEBUG:pybindgen.typehandlers:try to lookup type handler for 'uint32_t' => success ((<class 'pybindgen.typehandlers.inttype.UnsignedIntParam'>, None, <pybindgen.typehandlers.ctypeparser.TypeTraits object at 0x7fca1caee8d0>))
DEBUG:pybindgen.typehandlers:TypeMatcher.lookup('double')
DEBUG:pybindgen.typehandlers:try to lookup type handler for 'double' => success ((<class 'pybindgen.typehandlers.doubletype.DoubleReturn'>, None, <pybindgen.typehandlers.ctypeparser.TypeTraits object at 0x7fca1caeec50>))
DEBUG:pybindgen.typehandlers:TypeMatcher.lookup('uint32_t')
DEBUG:pybindgen.typehandlers:try to lookup type handler for 'uint32_t' => success ((<class 'pybindgen.typehandlers.inttype.UnsignedIntReturn'>, None, <pybindgen.typehandlers.ctypeparser.TypeTraits object at 0x7fca1caf5240>))
DEBUG:pybindgen.typehandlers:TypeMatcher.lookup('ns3::TypeId')
DEBUG:pybindgen.typehandlers:try to lookup type handler for 'ns3::TypeId' => success ((<class 'pybindgen.cppclass.CppClass.__init__.<locals>.ThisClassReturn'>, None, <pybindgen.typehandlers.ctypeparser.TypeTraits object at 0x7fca1caf5780>))
DEBUG:pybindgen.typehandlers:TypeMatcher.lookup('double')
DEBUG:pybindgen.typehandlers:try to lookup type handler for 'double' => success ((<class 'pybindgen.typehandlers.doubletype.DoubleReturn'>, None, <pybindgen.typehandlers.ctypeparser.TypeTraits object at 0x7fca1caf5d68>))
DEBUG:pybindgen.typehandlers:TypeMatcher.lookup('double')
DEBUG:pybindgen.typehandlers:try to lookup type handler for 'double' => success ((<class 'pybindgen.typehandlers.doubletype.DoubleReturn'>, None, <pybindgen.typehandlers.ctypeparser.TypeTraits object at 0x7fca1cb00160>))
DEBUG:pybindgen.typehandlers:TypeMatcher.lookup('double')
DEBUG:pybindgen.typehandlers:try to lookup type handler for 'double' => success ((<class 'pybindgen.typehandlers.doubletype.DoubleReturn'>, None, <pybindgen.typehandlers.ctypeparser.TypeTraits object at 0x7fca1cb00518>))
DEBUG:pybindgen.typehandlers:TypeMatcher.lookup('double')
DEBUG:pybindgen.typehandlers:try to lookup type handler for 'double' => success ((<class 'pybindgen.typehandlers.doubletype.DoubleParam'>, None, <pybindgen.typehandlers.ctypeparser.TypeTraits object at 0x7fca1cb00668>))
DEBUG:pybindgen.typehandlers:TypeMatcher.lookup('double')
DEBUG:pybindgen.typehandlers:try to lookup type handler for 'double' => success ((<class 'pybindgen.typehandlers.doubletype.DoubleParam'>, None, <pybindgen.typehandlers.ctypeparser.TypeTraits object at 0x7fca1cb00748>))
DEBUG:pybindgen.typehandlers:TypeMatcher.lookup('uint32_t')
DEBUG:pybindgen.typehandlers:try to lookup type handler for 'uint32_t' => success ((<class 'pybindgen.typehandlers.inttype.UnsignedIntReturn'>, None, <pybindgen.typehandlers.ctypeparser.TypeTraits object at 0x7fca1cb00b00>))
DEBUG:pybindgen.typehandlers:TypeMatcher.lookup('uint32_t')
DEBUG:pybindgen.typehandlers:try to lookup type handler for 'uint32_t' => success ((<class 'pybindgen.typehandlers.inttype.UnsignedIntParam'>, None, <pybindgen.typehandlers.ctypeparser.TypeTraits object at 0x7fca1cb00c18>))
DEBUG:pybindgen.typehandlers:TypeMatcher.lookup('uint32_t')
DEBUG:pybindgen.typehandlers:try to lookup type handler for 'uint32_t' => success ((<class 'pybindgen.typehandlers.inttype.UnsignedIntParam'>, None, <pybindgen.typehandlers.ctypeparser.TypeTraits object at 0x7fca1cb00cc0>))
DEBUG:pybindgen.typehandlers:TypeMatcher.lookup('double')
DEBUG:pybindgen.typehandlers:try to lookup type handler for 'double' => success ((<class 'pybindgen.typehandlers.doubletype.DoubleReturn'>, None, <pybindgen.typehandlers.ctypeparser.TypeTraits object at 0x7fca1cb08080>))
DEBUG:pybindgen.typehandlers:TypeMatcher.lookup('uint32_t')
DEBUG:pybindgen.typehandlers:try to lookup type handler for 'uint32_t' => success ((<class 'pybindgen.typehandlers.inttype.UnsignedIntReturn'>, None, <pybindgen.typehandlers.ctypeparser.TypeTraits object at 0x7fca1cb08630>))
DEBUG:pybindgen.typehandlers:TypeMatcher.lookup('ns3::Ipv4 const &')
DEBUG:pybindgen.typehandlers:try to lookup type handler for 'ns3::Ipv4 const &' => success ((<class 'pybindgen.cppclass.CppClass.__init__.<locals>.ThisClassRefParameter'>, None, <pybindgen.typehandlers.ctypeparser.TypeTraits object at 0x7fca1cb08ba8>))
DEBUG:pybindgen.typehandlers:TypeMatcher.lookup('bool')
DEBUG:pybindgen.typehandlers:try to lookup type handler for 'bool' => success ((<class 'pybindgen.typehandlers.booltype.BoolReturn'>, None, <pybindgen.typehandlers.ctypeparser.TypeTraits object at 0x7fca1cb0e208>))
DEBUG:pybindgen.typehandlers:TypeMatcher.lookup('uint32_t')
DEBUG:pybindgen.typehandlers:try to lookup type handler for 'uint32_t' => success ((<class 'pybindgen.typehandlers.inttype.UnsignedIntParam'>, None, <pybindgen.typehandlers.ctypeparser.TypeTraits object at 0x7fca1cb0e358>))
DEBUG:pybindgen.typehandlers:TypeMatcher.lookup('ns3::Ipv4InterfaceAddress')
DEBUG:pybindgen.typehandlers:try to lookup type handler for 'ns3::Ipv4InterfaceAddress' => success ((<class 'pybindgen.cppclass.CppClass.__init__.<locals>.ThisClassParameter'>, None, <pybindgen.typehandlers.ctypeparser.TypeTraits object at 0x7fca1cb0e400>))
DEBUG:pybindgen.typehandlers:TypeMatcher.lookup('uint32_t')
DEBUG:pybindgen.typehandlers:try to lookup type handler for 'uint32_t' => success ((<class 'pybindgen.typehandlers.inttype.UnsignedIntReturn'>, None, <pybindgen.typehandlers.ctypeparser.TypeTraits object at 0x7fca1cb0e9b0>))
DEBUG:pybindgen.typehandlers:TypeMatcher.lookup('ns3::Ptr< ns3::NetDevice >')
DEBUG:pybindgen.typehandlers:try to lookup type handler for 'ns3::Ptr< ns3::NetDevice >' => failure
DEBUG:pybindgen.typehandlers:try to lookup type handler for 'ns3::NetDevice *' => success ((<class 'pybindgen.cppclass.MemoryPolicy.register_ptr_parameter_and_return.<locals>.ThisClassPtrParameter'>, <ns3modulegen_core_customizations.SmartPointerTransformation object at 0x7fca1d6d7048>, <pybindgen.typehandlers.ctypeparser.TypeTraits object at 0x7fca1cb0ecf8>))
DEBUG:pybindgen.typehandlers:TypeMatcher.lookup('ns3::Ptr< ns3::Socket >')
DEBUG:pybindgen.typehandlers:try to lookup type handler for 'ns3::Ptr< ns3::Socket >' => failure
DEBUG:pybindgen.typehandlers:try to lookup type handler for 'ns3::Socket *' => success ((<class 'pybindgen.cppclass.MemoryPolicy.register_ptr_parameter_and_return.<locals>.ThisClassPtrReturn'>, <ns3modulegen_core_customizations.SmartPointerTransformation object at 0x7fca1d6d7048>, <pybindgen.typehandlers.ctypeparser.TypeTraits object at 0x7fca1cb19390>))
DEBUG:pybindgen.typehandlers:TypeMatcher.lookup('void')
DEBUG:pybindgen.typehandlers:try to lookup type handler for 'void' => success ((<class 'pybindgen.typehandlers.voidtype.VoidReturn'>, None, <pybindgen.typehandlers.ctypeparser.TypeTraits object at 0x7fca1cb197f0>))
DEBUG:pybindgen.typehandlers:TypeMatcher.lookup('ns3::Ptr< ns3::Socket >')
DEBUG:pybindgen.typehandlers:try to lookup type handler for 'ns3::Ptr< ns3::Socket >' => failure
DEBUG:pybindgen.typehandlers:try to lookup type handler for 'ns3::Socket *' => success ((<class 'pybindgen.cppclass.MemoryPolicy.register_ptr_parameter_and_return.<locals>.ThisClassPtrParameter'>, <ns3modulegen_core_customizations.SmartPointerTransformation object at 0x7fca1d6d7048>, <pybindgen.typehandlers.ctypeparser.TypeTraits object at 0x7fca1cb19b70>))
DEBUG:pybindgen.typehandlers:TypeMatcher.lookup('ns3::Ipv4InterfaceAddress')
DEBUG:pybindgen.typehandlers:try to lookup type handler for 'ns3::Ipv4InterfaceAddress' => success ((<class 'pybindgen.cppclass.CppClass.__init__.<locals>.ThisClassReturn'>, None, <pybindgen.typehandlers.ctypeparser.TypeTraits object at 0x7fca1cb19f98>))
DEBUG:pybindgen.typehandlers:TypeMatcher.lookup('uint32_t')
DEBUG:pybindgen.typehandlers:try to lookup type handler for 'uint32_t' => success ((<class 'pybindgen.typehandlers.inttype.UnsignedIntParam'>, None, <pybindgen.typehandlers.ctypeparser.TypeTraits object at 0x7fca1caa00f0>))
DEBUG:pybindgen.typehandlers:TypeMatcher.lookup('uint32_t')
DEBUG:pybindgen.typehandlers:try to lookup type handler for 'uint32_t' => success ((<class 'pybindgen.typehandlers.inttype.UnsignedIntParam'>, None, <pybindgen.typehandlers.ctypeparser.TypeTraits object at 0x7fca1caa0198>))
DEBUG:pybindgen.typehandlers:TypeMatcher.lookup('int32_t')
DEBUG:pybindgen.typehandlers:try to lookup type handler for 'int32_t' => success ((<class 'pybindgen.typehandlers.inttype.IntReturn'>, None, <pybindgen.typehandlers.ctypeparser.TypeTraits object at 0x7fca1caa0710>))
DEBUG:pybindgen.typehandlers:TypeMatcher.lookup('ns3::Ipv4Address')
DEBUG:pybindgen.typehandlers:try to lookup type handler for 'ns3::Ipv4Address' => success ((<class 'pybindgen.cppclass.CppClass.__init__.<locals>.ThisClassParameter'>, None, <pybindgen.typehandlers.ctypeparser.TypeTraits object at 0x7fca1caa0860>))
DEBUG:pybindgen.typehandlers:TypeMatcher.lookup('int32_t')
DEBUG:pybindgen.typehandlers:try to lookup type handler for 'int32_t' => success ((<class 'pybindgen.typehandlers.inttype.IntReturn'>, None, <pybindgen.typehandlers.ctypeparser.TypeTraits object at 0x7fca1caa0da0>))
DEBUG:pybindgen.typehandlers:TypeMatcher.lookup('ns3::Ptr< ns3::NetDevice const >')
DEBUG:pybindgen.typehandlers:try to lookup type handler for 'ns3::Ptr< ns3::NetDevice const >' => failure
DEBUG:pybindgen.typehandlers:try to lookup type handler for 'ns3::NetDevice *' => success ((<class 'pybindgen.cppclass.MemoryPolicy.register_ptr_parameter_and_return.<locals>.ThisClassPtrParameter'>, <ns3modulegen_core_customizations.SmartPointerTransformation object at 0x7fca1d6d7048>, <pybindgen.typehandlers.ctypeparser.TypeTraits object at 0x7fca1caa9198>))
DEBUG:pybindgen.typehandlers:TypeMatcher.lookup('int32_t')
DEBUG:pybindgen.typehandlers:try to lookup type handler for 'int32_t' => success ((<class 'pybindgen.typehandlers.inttype.IntReturn'>, None, <pybindgen.typehandlers.ctypeparser.TypeTraits object at 0x7fca1caa95f8>))
DEBUG:pybindgen.typehandlers:TypeMatcher.lookup('ns3::Ipv4Address')
DEBUG:pybindgen.typehandlers:try to lookup type handler for 'ns3::Ipv4Address' => success ((<class 'pybindgen.cppclass.CppClass.__init__.<locals>.ThisClassParameter'>, None, <pybindgen.typehandlers.ctypeparser.TypeTraits object at 0x7fca1caa9748>))
DEBUG:pybindgen.typehandlers:TypeMatcher.lookup('ns3::Ipv4Mask')
DEBUG:pybindgen.typehandlers:try to lookup type handler for 'ns3::Ipv4Mask' => success ((<class 'pybindgen.cppclass.CppClass.__init__.<locals>.ThisClassParameter'>, None, <pybindgen.typehandlers.ctypeparser.TypeTraits object at 0x7fca1caa97f0>))
DEBUG:pybindgen.typehandlers:TypeMatcher.lookup('uint16_t')
DEBUG:pybindgen.typehandlers:try to lookup type handler for 'uint16_t' => success ((<class 'pybindgen.typehandlers.inttype.UInt16Return'>, None, <pybindgen.typehandlers.ctypeparser.TypeTraits object at 0x7fca1caa9d68>))
DEBUG:pybindgen.typehandlers:TypeMatcher.lookup('uint32_t')
DEBUG:pybindgen.typehandlers:try to lookup type handler for 'uint32_t' => success ((<class 'pybindgen.typehandlers.inttype.UnsignedIntParam'>, None, <pybindgen.typehandlers.ctypeparser.TypeTraits object at 0x7fca1caa9e80>))
DEBUG:pybindgen.typehandlers:TypeMatcher.lookup('uint16_t')
DEBUG:pybindgen.typehandlers:try to lookup type handler for 'uint16_t' => success ((<class 'pybindgen.typehandlers.inttype.UInt16Return'>, None, <pybindgen.typehandlers.ctypeparser.TypeTraits object at 0x7fca1caae400>))
DEBUG:pybindgen.typehandlers:TypeMatcher.lookup('uint32_t')
DEBUG:pybindgen.typehandlers:try to lookup type handler for 'uint32_t' => success ((<class 'pybindgen.typehandlers.inttype.UnsignedIntParam'>, None, <pybindgen.typehandlers.ctypeparser.TypeTraits object at 0x7fca1caae518>))
DEBUG:pybindgen.typehandlers:TypeMatcher.lookup('uint32_t')
DEBUG:pybindgen.typehandlers:try to lookup type handler for 'uint32_t' => success ((<class 'pybindgen.typehandlers.inttype.UnsignedIntReturn'>, None, <pybindgen.typehandlers.ctypeparser.TypeTraits object at 0x7fca1caaea58>))
DEBUG:pybindgen.typehandlers:TypeMatcher.lookup('uint32_t')
DEBUG:pybindgen.typehandlers:try to lookup type handler for 'uint32_t' => success ((<class 'pybindgen.typehandlers.inttype.UnsignedIntParam'>, None, <pybindgen.typehandlers.ctypeparser.TypeTraits object at 0x7fca1caaeb70>))
DEBUG:pybindgen.typehandlers:TypeMatcher.lookup('uint32_t')
DEBUG:pybindgen.typehandlers:try to lookup type handler for 'uint32_t' => success ((<class 'pybindgen.typehandlers.inttype.UnsignedIntReturn'>, None, <pybindgen.typehandlers.ctypeparser.TypeTraits object at 0x7fca1cab50f0>))
DEBUG:pybindgen.typehandlers:TypeMatcher.lookup('ns3::Ptr< ns3::NetDevice >')
DEBUG:pybindgen.typehandlers:try to lookup type handler for 'ns3::Ptr< ns3::NetDevice >' => failure
DEBUG:pybindgen.typehandlers:try to lookup type handler for 'ns3::NetDevice *' => success ((<class 'pybindgen.cppclass.MemoryPolicy.register_ptr_parameter_and_return.<locals>.ThisClassPtrReturn'>, <ns3modulegen_core_customizations.SmartPointerTransformation object at 0x7fca1d6d7048>, <pybindgen.typehandlers.ctypeparser.TypeTraits object at 0x7fca1cab5898>))
DEBUG:pybindgen.typehandlers:TypeMatcher.lookup('uint32_t')
DEBUG:pybindgen.typehandlers:try to lookup type handler for 'uint32_t' => success ((<class 'pybindgen.typehandlers.inttype.UnsignedIntParam'>, None, <pybindgen.typehandlers.ctypeparser.TypeTraits object at 0x7fca1cab57f0>))
DEBUG:pybindgen.typehandlers:TypeMatcher.lookup('ns3::Ptr< ns3::IpL4Protocol >')
DEBUG:pybindgen.typehandlers:try to lookup type handler for 'ns3::Ptr< ns3::IpL4Protocol >' => failure
DEBUG:pybindgen.typehandlers:try to lookup type handler for 'ns3::IpL4Protocol *' => failure ('')
/home/imran/ns-allinone-3.36.1/ns-3.36.1/src/dsdv/bindings/modulegen__gcc_LP64.py:5579: Warning: exception TypeLookupError(['ns3::Ptr< ns3::IpL4Protocol >', 'ns3::IpL4Protocol *'],) in wrapper public: virtual retval? ???::GetProtocol (params?) const = 0;
  is_const=True, is_pure_virtual=True, is_virtual=True)
DEBUG:pybindgen.typehandlers:TypeMatcher.lookup('ns3::Ptr< ns3::IpL4Protocol >')
DEBUG:pybindgen.typehandlers:try to lookup type handler for 'ns3::Ptr< ns3::IpL4Protocol >' => failure
DEBUG:pybindgen.typehandlers:try to lookup type handler for 'ns3::IpL4Protocol *' => failure ('')
/home/imran/ns-allinone-3.36.1/ns-3.36.1/src/dsdv/bindings/modulegen__gcc_LP64.py:5584: Warning: exception TypeLookupError(['ns3::Ptr< ns3::IpL4Protocol >', 'ns3::IpL4Protocol *'],) in wrapper public: virtual retval? ???::GetProtocol (params?) const = 0;
  is_const=True, is_pure_virtual=True, is_virtual=True)
DEBUG:pybindgen.typehandlers:TypeMatcher.lookup('ns3::Ptr< ns3::Ipv4RoutingProtocol >')
DEBUG:pybindgen.typehandlers:try to lookup type handler for 'ns3::Ptr< ns3::Ipv4RoutingProtocol >' => failure
DEBUG:pybindgen.typehandlers:try to lookup type handler for 'ns3::Ipv4RoutingProtocol *' => success ((<class 'pybindgen.cppclass.MemoryPolicy.register_ptr_parameter_and_return.<locals>.ThisClassPtrReturn'>, <ns3modulegen_core_customizations.SmartPointerTransformation object at 0x7fca1d6d7048>, <pybindgen.typehandlers.ctypeparser.TypeTraits object at 0x7fca1cac7390>))
DEBUG:pybindgen.typehandlers:TypeMatcher.lookup('ns3::TypeId')
DEBUG:pybindgen.typehandlers:try to lookup type handler for 'ns3::TypeId' => success ((<class 'pybindgen.cppclass.CppClass.__init__.<locals>.ThisClassReturn'>, None, <pybindgen.typehandlers.ctypeparser.TypeTraits object at 0x7fca1cac75f8>))
DEBUG:pybindgen.typehandlers:TypeMatcher.lookup('void')
DEBUG:pybindgen.typehandlers:try to lookup type handler for 'void' => success ((<class 'pybindgen.typehandlers.voidtype.VoidReturn'>, None, <pybindgen.typehandlers.ctypeparser.TypeTraits object at 0x7fca1cb0e748>))
DEBUG:pybindgen.typehandlers:TypeMatcher.lookup('ns3::Ptr< ns3::IpL4Protocol >')
DEBUG:pybindgen.typehandlers:try to lookup type handler for 'ns3::Ptr< ns3::IpL4Protocol >' => failure
DEBUG:pybindgen.typehandlers:try to lookup type handler for 'ns3::IpL4Protocol *' => failure ('')
/home/imran/ns-allinone-3.36.1/ns-3.36.1/src/dsdv/bindings/modulegen__gcc_LP64.py:5599: Warning: exception TypeLookupError(['ns3::Ptr< ns3::IpL4Protocol >', 'ns3::IpL4Protocol *'],) in wrapper public: virtual retval? ???::Insert (params?) = 0;
  is_pure_virtual=True, is_virtual=True)
DEBUG:pybindgen.typehandlers:TypeMatcher.lookup('void')
DEBUG:pybindgen.typehandlers:try to lookup type handler for 'void' => success ((<class 'pybindgen.typehandlers.voidtype.VoidReturn'>, None, <pybindgen.typehandlers.ctypeparser.TypeTraits object at 0x7fca1caa05c0>))
DEBUG:pybindgen.typehandlers:TypeMatcher.lookup('ns3::Ptr< ns3::IpL4Protocol >')
DEBUG:pybindgen.typehandlers:try to lookup type handler for 'ns3::Ptr< ns3::IpL4Protocol >' => failure
DEBUG:pybindgen.typehandlers:try to lookup type handler for 'ns3::IpL4Protocol *' => failure ('')
/home/imran/ns-allinone-3.36.1/ns-3.36.1/src/dsdv/bindings/modulegen__gcc_LP64.py:5604: Warning: exception TypeLookupError(['ns3::Ptr< ns3::IpL4Protocol >', 'ns3::IpL4Protocol *'],) in wrapper public: virtual retval? ???::Insert (params?) = 0;
  is_pure_virtual=True, is_virtual=True)
DEBUG:pybindgen.typehandlers:TypeMatcher.lookup('bool')
DEBUG:pybindgen.typehandlers:try to lookup type handler for 'bool' => success ((<class 'pybindgen.typehandlers.booltype.BoolReturn'>, None, <pybindgen.typehandlers.ctypeparser.TypeTraits object at 0x7fca1caaef98>))
DEBUG:pybindgen.typehandlers:TypeMatcher.lookup('ns3::Ipv4Address')
DEBUG:pybindgen.typehandlers:try to lookup type handler for 'ns3::Ipv4Address' => success ((<class 'pybindgen.cppclass.CppClass.__init__.<locals>.ThisClassParameter'>, None, <pybindgen.typehandlers.ctypeparser.TypeTraits object at 0x7fca1cab5f60>))
DEBUG:pybindgen.typehandlers:TypeMatcher.lookup('uint32_t')
DEBUG:pybindgen.typehandlers:try to lookup type handler for 'uint32_t' => success ((<class 'pybindgen.typehandlers.inttype.UnsignedIntParam'>, None, <pybindgen.typehandlers.ctypeparser.TypeTraits object at 0x7fca1cab5e48>))
DEBUG:pybindgen.typehandlers:TypeMatcher.lookup('bool')
DEBUG:pybindgen.typehandlers:try to lookup type handler for 'bool' => success ((<class 'pybindgen.typehandlers.booltype.BoolReturn'>, None, <pybindgen.typehandlers.ctypeparser.TypeTraits object at 0x7fca1cab5518>))
DEBUG:pybindgen.typehandlers:TypeMatcher.lookup('uint32_t')
DEBUG:pybindgen.typehandlers:try to lookup type handler for 'uint32_t' => success ((<class 'pybindgen.typehandlers.inttype.UnsignedIntParam'>, None, <pybindgen.typehandlers.ctypeparser.TypeTraits object at 0x7fca1cab5be0>))
DEBUG:pybindgen.typehandlers:TypeMatcher.lookup('bool')
DEBUG:pybindgen.typehandlers:try to lookup type handler for 'bool' => success ((<class 'pybindgen.typehandlers.booltype.BoolReturn'>, None, <pybindgen.typehandlers.ctypeparser.TypeTraits object at 0x7fca1cac7898>))
DEBUG:pybindgen.typehandlers:TypeMatcher.lookup('uint32_t')
DEBUG:pybindgen.typehandlers:try to lookup type handler for 'uint32_t' => success ((<class 'pybindgen.typehandlers.inttype.UnsignedIntParam'>, None, <pybindgen.typehandlers.ctypeparser.TypeTraits object at 0x7fca1cac79e8>))
DEBUG:pybindgen.typehandlers:TypeMatcher.lookup('void')
DEBUG:pybindgen.typehandlers:try to lookup type handler for 'void' => success ((<class 'pybindgen.typehandlers.voidtype.VoidReturn'>, None, <pybindgen.typehandlers.ctypeparser.TypeTraits object at 0x7fca1cac7d30>))
DEBUG:pybindgen.typehandlers:TypeMatcher.lookup('ns3::Ptr< ns3::IpL4Protocol >')
DEBUG:pybindgen.typehandlers:try to lookup type handler for 'ns3::Ptr< ns3::IpL4Protocol >' => failure
DEBUG:pybindgen.typehandlers:try to lookup type handler for 'ns3::IpL4Protocol *' => failure ('')
/home/imran/ns-allinone-3.36.1/ns-3.36.1/src/dsdv/bindings/modulegen__gcc_LP64.py:5624: Warning: exception TypeLookupError(['ns3::Ptr< ns3::IpL4Protocol >', 'ns3::IpL4Protocol *'],) in wrapper public: virtual retval? ???::Remove (params?) = 0;
  is_pure_virtual=True, is_virtual=True)
DEBUG:pybindgen.typehandlers:TypeMatcher.lookup('void')
DEBUG:pybindgen.typehandlers:try to lookup type handler for 'void' => success ((<class 'pybindgen.typehandlers.voidtype.VoidReturn'>, None, <pybindgen.typehandlers.ctypeparser.TypeTraits object at 0x7fca1cacc710>))
DEBUG:pybindgen.typehandlers:TypeMatcher.lookup('ns3::Ptr< ns3::IpL4Protocol >')
DEBUG:pybindgen.typehandlers:try to lookup type handler for 'ns3::Ptr< ns3::IpL4Protocol >' => failure
DEBUG:pybindgen.typehandlers:try to lookup type handler for 'ns3::IpL4Protocol *' => failure ('')
/home/imran/ns-allinone-3.36.1/ns-3.36.1/src/dsdv/bindings/modulegen__gcc_LP64.py:5629: Warning: exception TypeLookupError(['ns3::Ptr< ns3::IpL4Protocol >', 'ns3::IpL4Protocol *'],) in wrapper public: virtual retval? ???::Remove (params?) = 0;
  is_pure_virtual=True, is_virtual=True)
DEBUG:pybindgen.typehandlers:TypeMatcher.lookup('bool')
DEBUG:pybindgen.typehandlers:try to lookup type handler for 'bool' => success ((<class 'pybindgen.typehandlers.booltype.BoolReturn'>, None, <pybindgen.typehandlers.ctypeparser.TypeTraits object at 0x7fca1cb0e940>))
DEBUG:pybindgen.typehandlers:TypeMatcher.lookup('uint32_t')
DEBUG:pybindgen.typehandlers:try to lookup type handler for 'uint32_t' => success ((<class 'pybindgen.typehandlers.inttype.UnsignedIntParam'>, None, <pybindgen.typehandlers.ctypeparser.TypeTraits object at 0x7fca1cacc828>))
DEBUG:pybindgen.typehandlers:TypeMatcher.lookup('uint32_t')
DEBUG:pybindgen.typehandlers:try to lookup type handler for 'uint32_t' => success ((<class 'pybindgen.typehandlers.inttype.UnsignedIntParam'>, None, <pybindgen.typehandlers.ctypeparser.TypeTraits object at 0x7fca1cacc898>))
DEBUG:pybindgen.typehandlers:TypeMatcher.lookup('bool')
DEBUG:pybindgen.typehandlers:try to lookup type handler for 'bool' => success ((<class 'pybindgen.typehandlers.booltype.BoolReturn'>, None, <pybindgen.typehandlers.ctypeparser.TypeTraits object at 0x7fca1caccb38>))
DEBUG:pybindgen.typehandlers:TypeMatcher.lookup('uint32_t')
DEBUG:pybindgen.typehandlers:try to lookup type handler for 'uint32_t' => success ((<class 'pybindgen.typehandlers.inttype.UnsignedIntParam'>, None, <pybindgen.typehandlers.ctypeparser.TypeTraits object at 0x7fca1caccc88>))
DEBUG:pybindgen.typehandlers:TypeMatcher.lookup('ns3::Ipv4Address')
DEBUG:pybindgen.typehandlers:try to lookup type handler for 'ns3::Ipv4Address' => success ((<class 'pybindgen.cppclass.CppClass.__init__.<locals>.ThisClassParameter'>, None, <pybindgen.typehandlers.ctypeparser.TypeTraits object at 0x7fca1caccd30>))
DEBUG:pybindgen.typehandlers:TypeMatcher.lookup('ns3::Ipv4Address')
DEBUG:pybindgen.typehandlers:try to lookup type handler for 'ns3::Ipv4Address' => success ((<class 'pybindgen.cppclass.CppClass.__init__.<locals>.ThisClassReturn'>, None, <pybindgen.typehandlers.ctypeparser.TypeTraits object at 0x7fca1cad20b8>))
DEBUG:pybindgen.typehandlers:TypeMatcher.lookup('ns3::Ptr< ns3::NetDevice const >')
DEBUG:pybindgen.typehandlers:try to lookup type handler for 'ns3::Ptr< ns3::NetDevice const >' => failure
DEBUG:pybindgen.typehandlers:try to lookup type handler for 'ns3::NetDevice *' => success ((<class 'pybindgen.cppclass.MemoryPolicy.register_ptr_parameter_and_return.<locals>.ThisClassPtrParameter'>, <ns3modulegen_core_customizations.SmartPointerTransformation object at 0x7fca1d6d7048>, <pybindgen.typehandlers.ctypeparser.TypeTraits object at 0x7fca1cad2438>))
DEBUG:pybindgen.typehandlers:TypeMatcher.lookup('ns3::Ipv4Address')
DEBUG:pybindgen.typehandlers:try to lookup type handler for 'ns3::Ipv4Address' => success ((<class 'pybindgen.cppclass.CppClass.__init__.<locals>.ThisClassParameter'>, None, <pybindgen.typehandlers.ctypeparser.TypeTraits object at 0x7fca1cad2438>))
DEBUG:pybindgen.typehandlers:TypeMatcher.lookup('ns3::Ipv4InterfaceAddress::InterfaceAddressScope_e')
DEBUG:pybindgen.typehandlers:try to lookup type handler for 'ns3::Ipv4InterfaceAddress::InterfaceAddressScope_e' => success ((<class 'pybindgen.enum.Enum.set_module.<locals>.ThisEnumParameter'>, None, <pybindgen.typehandlers.ctypeparser.TypeTraits object at 0x7fca1cad24e0>))
DEBUG:pybindgen.typehandlers:TypeMatcher.lookup('void')
DEBUG:pybindgen.typehandlers:try to lookup type handler for 'void' => success ((<class 'pybindgen.typehandlers.voidtype.VoidReturn'>, None, <pybindgen.typehandlers.ctypeparser.TypeTraits object at 0x7fca1cad2860>))
DEBUG:pybindgen.typehandlers:TypeMatcher.lookup('ns3::Ptr< ns3::Packet >')
DEBUG:pybindgen.typehandlers:try to lookup type handler for 'ns3::Ptr< ns3::Packet >' => failure
DEBUG:pybindgen.typehandlers:try to lookup type handler for 'ns3::Packet *' => success ((<class 'pybindgen.cppclass.MemoryPolicy.register_ptr_parameter_and_return.<locals>.ThisClassPtrParameter'>, <ns3modulegen_core_customizations.SmartPointerTransformation object at 0x7fca1d6d7048>, <pybindgen.typehandlers.ctypeparser.TypeTraits object at 0x7fca1cad2be0>))
DEBUG:pybindgen.typehandlers:TypeMatcher.lookup('ns3::Ipv4Address')
DEBUG:pybindgen.typehandlers:try to lookup type handler for 'ns3::Ipv4Address' => success ((<class 'pybindgen.cppclass.CppClass.__init__.<locals>.ThisClassParameter'>, None, <pybindgen.typehandlers.ctypeparser.TypeTraits object at 0x7fca1cad2be0>))
DEBUG:pybindgen.typehandlers:TypeMatcher.lookup('ns3::Ipv4Address')
DEBUG:pybindgen.typehandlers:try to lookup type handler for 'ns3::Ipv4Address' => success ((<class 'pybindgen.cppclass.CppClass.__init__.<locals>.ThisClassParameter'>, None, <pybindgen.typehandlers.ctypeparser.TypeTraits object at 0x7fca1cad2cc0>))
DEBUG:pybindgen.typehandlers:TypeMatcher.lookup('uint8_t')
DEBUG:pybindgen.typehandlers:try to lookup type handler for 'uint8_t' => success ((<class 'pybindgen.typehandlers.inttype.UInt8Param'>, None, <pybindgen.typehandlers.ctypeparser.TypeTraits object at 0x7fca1cad2d30>))
DEBUG:pybindgen.typehandlers:TypeMatcher.lookup('ns3::Ptr< ns3::Ipv4Route >')
DEBUG:pybindgen.typehandlers:try to lookup type handler for 'ns3::Ptr< ns3::Ipv4Route >' => failure
DEBUG:pybindgen.typehandlers:try to lookup type handler for 'ns3::Ipv4Route *' => success ((<class 'pybindgen.cppclass.MemoryPolicy.register_ptr_parameter_and_return.<locals>.ThisClassPtrParameter'>, <ns3modulegen_core_customizations.SmartPointerTransformation object at 0x7fca1d6d7048>, <pybindgen.typehandlers.ctypeparser.TypeTraits object at 0x7fca1cad60f0>))
DEBUG:pybindgen.typehandlers:TypeMatcher.lookup('void')
DEBUG:pybindgen.typehandlers:try to lookup type handler for 'void' => success ((<class 'pybindgen.typehandlers.voidtype.VoidReturn'>, None, <pybindgen.typehandlers.ctypeparser.TypeTraits object at 0x7fca1cad6320>))
DEBUG:pybindgen.typehandlers:TypeMatcher.lookup('ns3::Ptr< ns3::Packet >')
DEBUG:pybindgen.typehandlers:try to lookup type handler for 'ns3::Ptr< ns3::Packet >' => failure
DEBUG:pybindgen.typehandlers:try to lookup type handler for 'ns3::Packet *' => success ((<class 'pybindgen.cppclass.MemoryPolicy.register_ptr_parameter_and_return.<locals>.ThisClassPtrParameter'>, <ns3modulegen_core_customizations.SmartPointerTransformation object at 0x7fca1d6d7048>, <pybindgen.typehandlers.ctypeparser.TypeTraits object at 0x7fca1cad66a0>))
DEBUG:pybindgen.typehandlers:TypeMatcher.lookup('ns3::Ipv4Header')
DEBUG:pybindgen.typehandlers:try to lookup type handler for 'ns3::Ipv4Header' => success ((<class 'pybindgen.cppclass.CppClass.__init__.<locals>.ThisClassParameter'>, None, <pybindgen.typehandlers.ctypeparser.TypeTraits object at 0x7fca1cad66a0>))
DEBUG:pybindgen.typehandlers:TypeMatcher.lookup('ns3::Ptr< ns3::Ipv4Route >')
DEBUG:pybindgen.typehandlers:try to lookup type handler for 'ns3::Ptr< ns3::Ipv4Route >' => failure
DEBUG:pybindgen.typehandlers:try to lookup type handler for 'ns3::Ipv4Route *' => success ((<class 'pybindgen.cppclass.MemoryPolicy.register_ptr_parameter_and_return.<locals>.ThisClassPtrParameter'>, <ns3modulegen_core_customizations.SmartPointerTransformation object at 0x7fca1d6d7048>, <pybindgen.typehandlers.ctypeparser.TypeTraits object at 0x7fca1cad6978>))
DEBUG:pybindgen.typehandlers:TypeMatcher.lookup('void')
DEBUG:pybindgen.typehandlers:try to lookup type handler for 'void' => success ((<class 'pybindgen.typehandlers.voidtype.VoidReturn'>, None, <pybindgen.typehandlers.ctypeparser.TypeTraits object at 0x7fca1caa9438>))
DEBUG:pybindgen.typehandlers:TypeMatcher.lookup('uint32_t')
DEBUG:pybindgen.typehandlers:try to lookup type handler for 'uint32_t' => success ((<class 'pybindgen.typehandlers.inttype.UnsignedIntParam'>, None, <pybindgen.typehandlers.ctypeparser.TypeTraits object at 0x7fca1cac7e48>))
DEBUG:pybindgen.typehandlers:TypeMatcher.lookup('void')
DEBUG:pybindgen.typehandlers:try to lookup type handler for 'void' => success ((<class 'pybindgen.typehandlers.voidtype.VoidReturn'>, None, <pybindgen.typehandlers.ctypeparser.TypeTraits object at 0x7fca1cad6c50>))
DEBUG:pybindgen.typehandlers:TypeMatcher.lookup('uint32_t')
DEBUG:pybindgen.typehandlers:try to lookup type handler for 'uint32_t' => success ((<class 'pybindgen.typehandlers.inttype.UnsignedIntParam'>, None, <pybindgen.typehandlers.ctypeparser.TypeTraits object at 0x7fca1cad6da0>))
DEBUG:pybindgen.typehandlers:TypeMatcher.lookup('bool')
DEBUG:pybindgen.typehandlers:try to lookup type handler for 'bool' => success ((<class 'pybindgen.typehandlers.booltype.BoolParam'>, None, <pybindgen.typehandlers.ctypeparser.TypeTraits object at 0x7fca1cad6e48>))
DEBUG:pybindgen.typehandlers:TypeMatcher.lookup('void')
DEBUG:pybindgen.typehandlers:try to lookup type handler for 'void' => success ((<class 'pybindgen.typehandlers.voidtype.VoidReturn'>, None, <pybindgen.typehandlers.ctypeparser.TypeTraits object at 0x7fca1cadc240>))
DEBUG:pybindgen.typehandlers:TypeMatcher.lookup('uint32_t')
DEBUG:pybindgen.typehandlers:try to lookup type handler for 'uint32_t' => success ((<class 'pybindgen.typehandlers.inttype.UnsignedIntParam'>, None, <pybindgen.typehandlers.ctypeparser.TypeTraits object at 0x7fca1cadc390>))
DEBUG:pybindgen.typehandlers:TypeMatcher.lookup('uint16_t')
DEBUG:pybindgen.typehandlers:try to lookup type handler for 'uint16_t' => success ((<class 'pybindgen.typehandlers.inttype.UInt16Param'>, None, <pybindgen.typehandlers.ctypeparser.TypeTraits object at 0x7fca1cadc438>))
DEBUG:pybindgen.typehandlers:TypeMatcher.lookup('void')
DEBUG:pybindgen.typehandlers:try to lookup type handler for 'void' => success ((<class 'pybindgen.typehandlers.voidtype.VoidReturn'>, None, <pybindgen.typehandlers.ctypeparser.TypeTraits object at 0x7fca1cadc7b8>))
DEBUG:pybindgen.typehandlers:TypeMatcher.lookup('ns3::Ptr< ns3::Ipv4RoutingProtocol >')
DEBUG:pybindgen.typehandlers:try to lookup type handler for 'ns3::Ptr< ns3::Ipv4RoutingProtocol >' => failure
DEBUG:pybindgen.typehandlers:try to lookup type handler for 'ns3::Ipv4RoutingProtocol *' => success ((<class 'pybindgen.cppclass.MemoryPolicy.register_ptr_parameter_and_return.<locals>.ThisClassPtrParameter'>, <ns3modulegen_core_customizations.SmartPointerTransformation object at 0x7fca1d6d7048>, <pybindgen.typehandlers.ctypeparser.TypeTraits object at 0x7fca1cadcb38>))
DEBUG:pybindgen.typehandlers:TypeMatcher.lookup('void')
DEBUG:pybindgen.typehandlers:try to lookup type handler for 'void' => success ((<class 'pybindgen.typehandlers.voidtype.VoidReturn'>, None, <pybindgen.typehandlers.ctypeparser.TypeTraits object at 0x7fca1cadcd68>))
DEBUG:pybindgen.typehandlers:TypeMatcher.lookup('uint32_t')
DEBUG:pybindgen.typehandlers:try to lookup type handler for 'uint32_t' => success ((<class 'pybindgen.typehandlers.inttype.UnsignedIntParam'>, None, <pybindgen.typehandlers.ctypeparser.TypeTraits object at 0x7fca1cadceb8>))
DEBUG:pybindgen.typehandlers:TypeMatcher.lookup('ns3::Ipv4Address')
DEBUG:pybindgen.typehandlers:try to lookup type handler for 'ns3::Ipv4Address' => success ((<class 'pybindgen.cppclass.CppClass.__init__.<locals>.ThisClassReturn'>, None, <pybindgen.typehandlers.ctypeparser.TypeTraits object at 0x7fca1ca60240>))
DEBUG:pybindgen.typehandlers:TypeMatcher.lookup('uint32_t')
DEBUG:pybindgen.typehandlers:try to lookup type handler for 'uint32_t' => success ((<class 'pybindgen.typehandlers.inttype.UnsignedIntParam'>, None, <pybindgen.typehandlers.ctypeparser.TypeTraits object at 0x7fca1ca60358>))
DEBUG:pybindgen.typehandlers:TypeMatcher.lookup('ns3::Ipv4Address')
DEBUG:pybindgen.typehandlers:try to lookup type handler for 'ns3::Ipv4Address' => success ((<class 'pybindgen.cppclass.CppClass.__init__.<locals>.ThisClassParameter'>, None, <pybindgen.typehandlers.ctypeparser.TypeTraits object at 0x7fca1ca60400>))
DEBUG:pybindgen.typehandlers:TypeMatcher.lookup('uint32_t const')
DEBUG:pybindgen.typehandlers:try to lookup type handler for 'uint32_t const' => success ((<class 'pybindgen.typehandlers.inttype.UnsignedIntReturn'>, None, <pybindgen.typehandlers.ctypeparser.TypeTraits object at 0x7fca1ca60748>))
DEBUG:pybindgen.typehandlers:TypeMatcher.lookup('bool')
DEBUG:pybindgen.typehandlers:try to lookup type handler for 'bool' => success ((<class 'pybindgen.typehandlers.booltype.BoolReturn'>, None, <pybindgen.typehandlers.ctypeparser.TypeTraits object at 0x7fca1ca60b38>))
DEBUG:pybindgen.typehandlers:TypeMatcher.lookup('bool')
DEBUG:pybindgen.typehandlers:try to lookup type handler for 'bool' => success ((<class 'pybindgen.typehandlers.booltype.BoolReturn'>, None, <pybindgen.typehandlers.ctypeparser.TypeTraits object at 0x7fca1ca60eb8>))
DEBUG:pybindgen.typehandlers:TypeMatcher.lookup('void')
DEBUG:pybindgen.typehandlers:try to lookup type handler for 'void' => success ((<class 'pybindgen.typehandlers.voidtype.VoidReturn'>, None, <pybindgen.typehandlers.ctypeparser.TypeTraits object at 0x7fca1ca69278>))
DEBUG:pybindgen.typehandlers:TypeMatcher.lookup('bool')
DEBUG:pybindgen.typehandlers:try to lookup type handler for 'bool' => success ((<class 'pybindgen.typehandlers.booltype.BoolParam'>, None, <pybindgen.typehandlers.ctypeparser.TypeTraits object at 0x7fca1ca693c8>))
DEBUG:pybindgen.typehandlers:TypeMatcher.lookup('void')
DEBUG:pybindgen.typehandlers:try to lookup type handler for 'void' => success ((<class 'pybindgen.typehandlers.voidtype.VoidReturn'>, None, <pybindgen.typehandlers.ctypeparser.TypeTraits object at 0x7fca1ca69710>))
DEBUG:pybindgen.typehandlers:TypeMatcher.lookup('bool')
DEBUG:pybindgen.typehandlers:try to lookup type handler for 'bool' => success ((<class 'pybindgen.typehandlers.booltype.BoolParam'>, None, <pybindgen.typehandlers.ctypeparser.TypeTraits object at 0x7fca1ca69860>))
DEBUG:pybindgen.typehandlers:TypeMatcher.lookup('ns3::Ipv4AddressChecker const &')
DEBUG:pybindgen.typehandlers:try to lookup type handler for 'ns3::Ipv4AddressChecker const &' => success ((<class 'pybindgen.cppclass.CppClass.__init__.<locals>.ThisClassRefParameter'>, None, <pybindgen.typehandlers.ctypeparser.TypeTraits object at 0x7fca1ca69e48>))
DEBUG:pybindgen.typehandlers:TypeMatcher.lookup('ns3::Ipv4Address const &')
DEBUG:pybindgen.typehandlers:try to lookup type handler for 'ns3::Ipv4Address const &' => success ((<class 'pybindgen.cppclass.CppClass.__init__.<locals>.ThisClassRefParameter'>, None, <pybindgen.typehandlers.ctypeparser.TypeTraits object at 0x7fca1ca724e0>))
DEBUG:pybindgen.typehandlers:TypeMatcher.lookup('ns3::Ipv4AddressValue const &')
DEBUG:pybindgen.typehandlers:try to lookup type handler for 'ns3::Ipv4AddressValue const &' => success ((<class 'pybindgen.cppclass.CppClass.__init__.<locals>.ThisClassRefParameter'>, None, <pybindgen.typehandlers.ctypeparser.TypeTraits object at 0x7fca1ca728d0>))
DEBUG:pybindgen.typehandlers:TypeMatcher.lookup('ns3::Ptr< ns3::AttributeValue >')
DEBUG:pybindgen.typehandlers:try to lookup type handler for 'ns3::Ptr< ns3::AttributeValue >' => failure
DEBUG:pybindgen.typehandlers:try to lookup type handler for 'ns3::AttributeValue *' => success ((<class 'pybindgen.cppclass.MemoryPolicy.register_ptr_parameter_and_return.<locals>.ThisClassPtrReturn'>, <ns3modulegen_core_customizations.SmartPointerTransformation object at 0x7fca1d6d7048>, <pybindgen.typehandlers.ctypeparser.TypeTraits object at 0x7fca1ca72eb8>))
DEBUG:pybindgen.typehandlers:TypeMatcher.lookup('bool')
DEBUG:pybindgen.typehandlers:try to lookup type handler for 'bool' => success ((<class 'pybindgen.typehandlers.booltype.BoolReturn'>, None, <pybindgen.typehandlers.ctypeparser.TypeTraits object at 0x7fca1ca78160>))
DEBUG:pybindgen.typehandlers:TypeMatcher.lookup('std::string')
DEBUG:pybindgen.typehandlers:try to lookup type handler for 'std::string' => success ((<class 'pybindgen.typehandlers.stringtype.StdStringParam'>, None, <pybindgen.typehandlers.ctypeparser.TypeTraits object at 0x7fca1ca782b0>))
DEBUG:pybindgen.typehandlers:TypeMatcher.lookup('ns3::Ptr< ns3::AttributeChecker const >')
DEBUG:pybindgen.typehandlers:try to lookup type handler for 'ns3::Ptr< ns3::AttributeChecker const >' => failure
DEBUG:pybindgen.typehandlers:try to lookup type handler for 'ns3::AttributeChecker *' => success ((<class 'pybindgen.cppclass.MemoryPolicy.register_ptr_parameter_and_return.<locals>.ThisClassPtrParameter'>, <ns3modulegen_core_customizations.SmartPointerTransformation object at 0x7fca1d6d7048>, <pybindgen.typehandlers.ctypeparser.TypeTraits object at 0x7fca1ca785f8>))
DEBUG:pybindgen.typehandlers:TypeMatcher.lookup('ns3::Ipv4Address')
DEBUG:pybindgen.typehandlers:try to lookup type handler for 'ns3::Ipv4Address' => success ((<class 'pybindgen.cppclass.CppClass.__init__.<locals>.ThisClassReturn'>, None, <pybindgen.typehandlers.ctypeparser.TypeTraits object at 0x7fca1ca78860>))
DEBUG:pybindgen.typehandlers:TypeMatcher.lookup('std::string')
DEBUG:pybindgen.typehandlers:try to lookup type handler for 'std::string' => success ((<class 'pybindgen.typehandlers.stringtype.StdStringReturn'>, None, <pybindgen.typehandlers.ctypeparser.TypeTraits object at 0x7fca1ca78be0>))
DEBUG:pybindgen.typehandlers:TypeMatcher.lookup('ns3::Ptr< ns3::AttributeChecker const >')
DEBUG:pybindgen.typehandlers:try to lookup type handler for 'ns3::Ptr< ns3::AttributeChecker const >' => failure
DEBUG:pybindgen.typehandlers:try to lookup type handler for 'ns3::AttributeChecker *' => success ((<class 'pybindgen.cppclass.MemoryPolicy.register_ptr_parameter_and_return.<locals>.ThisClassPtrParameter'>, <ns3modulegen_core_customizations.SmartPointerTransformation object at 0x7fca1d6d7048>, <pybindgen.typehandlers.ctypeparser.TypeTraits object at 0x7fca1ca78f60>))
DEBUG:pybindgen.typehandlers:TypeMatcher.lookup('void')
DEBUG:pybindgen.typehandlers:try to lookup type handler for 'void' => success ((<class 'pybindgen.typehandlers.voidtype.VoidReturn'>, None, <pybindgen.typehandlers.ctypeparser.TypeTraits object at 0x7fca1ca7d208>))
DEBUG:pybindgen.typehandlers:TypeMatcher.lookup('ns3::Ipv4Address const &')
DEBUG:pybindgen.typehandlers:try to lookup type handler for 'ns3::Ipv4Address const &' => success ((<class 'pybindgen.cppclass.CppClass.__init__.<locals>.ThisClassRefParameter'>, None, <pybindgen.typehandlers.ctypeparser.TypeTraits object at 0x7fca1ca7d358>))
DEBUG:pybindgen.typehandlers:TypeMatcher.lookup('ns3::TypeId')
DEBUG:pybindgen.typehandlers:try to lookup type handler for 'ns3::TypeId' => success ((<class 'pybindgen.cppclass.CppClass.__init__.<locals>.ThisClassReturn'>, None, <pybindgen.typehandlers.ctypeparser.TypeTraits object at 0x7fca1ca7d748>))
DEBUG:pybindgen.typehandlers:TypeMatcher.lookup('void')
DEBUG:pybindgen.typehandlers:try to lookup type handler for 'void' => success ((<class 'pybindgen.typehandlers.voidtype.VoidReturn'>, None, <pybindgen.typehandlers.ctypeparser.TypeTraits object at 0x7fca1ca7dd30>))
DEBUG:pybindgen.typehandlers:TypeMatcher.lookup('ns3::Ptr< ns3::Node >')
DEBUG:pybindgen.typehandlers:try to lookup type handler for 'ns3::Ptr< ns3::Node >' => failure
DEBUG:pybindgen.typehandlers:try to lookup type handler for 'ns3::Node *' => success ((<class 'pybindgen.cppclass.MemoryPolicy.register_ptr_parameter_and_return.<locals>.ThisClassPtrParameter'>, <ns3modulegen_core_customizations.SmartPointerTransformation object at 0x7fca1d6d7048>, <pybindgen.typehandlers.ctypeparser.TypeTraits object at 0x7fca1ca850f0>))
DEBUG:pybindgen.typehandlers:TypeMatcher.lookup('void')
DEBUG:pybindgen.typehandlers:try to lookup type handler for 'void' => success ((<class 'pybindgen.typehandlers.voidtype.VoidReturn'>, None, <pybindgen.typehandlers.ctypeparser.TypeTraits object at 0x7fca1ca85320>))
DEBUG:pybindgen.typehandlers:TypeMatcher.lookup('ns3::Ptr< ns3::NetDevice >')
DEBUG:pybindgen.typehandlers:try to lookup type handler for 'ns3::Ptr< ns3::NetDevice >' => failure
DEBUG:pybindgen.typehandlers:try to lookup type handler for 'ns3::NetDevice *' => success ((<class 'pybindgen.cppclass.MemoryPolicy.register_ptr_parameter_and_return.<locals>.ThisClassPtrParameter'>, <ns3modulegen_core_customizations.SmartPointerTransformation object at 0x7fca1d6d7048>, <pybindgen.typehandlers.ctypeparser.TypeTraits object at 0x7fca1ca856a0>))
DEBUG:pybindgen.typehandlers:TypeMatcher.lookup('void')
DEBUG:pybindgen.typehandlers:try to lookup type handler for 'void' => success ((<class 'pybindgen.typehandlers.voidtype.VoidReturn'>, None, <pybindgen.typehandlers.ctypeparser.TypeTraits object at 0x7fca1ca858d0>))
DEBUG:pybindgen.typehandlers:TypeMatcher.lookup('ns3::Ptr< ns3::TrafficControlLayer >')
DEBUG:pybindgen.typehandlers:try to lookup type handler for 'ns3::Ptr< ns3::TrafficControlLayer >' => failure
DEBUG:pybindgen.typehandlers:try to lookup type handler for 'ns3::TrafficControlLayer *' => failure ('')
/home/imran/ns-allinone-3.36.1/ns-3.36.1/src/dsdv/bindings/modulegen__gcc_LP64.py:5768: Warning: exception TypeLookupError(['ns3::Ptr< ns3::TrafficControlLayer >', 'ns3::TrafficControlLayer *'],) in wrapper public: retval? ???::SetTrafficControl (params?);
  [param('ns3::Ptr< ns3::TrafficControlLayer >', 'tc')])
DEBUG:pybindgen.typehandlers:TypeMatcher.lookup('void')
DEBUG:pybindgen.typehandlers:try to lookup type handler for 'void' => success ((<class 'pybindgen.typehandlers.voidtype.VoidReturn'>, None, <pybindgen.typehandlers.ctypeparser.TypeTraits object at 0x7fca1ca85cf8>))
DEBUG:pybindgen.typehandlers:TypeMatcher.lookup('ns3::Ptr< ns3::ArpCache >')
DEBUG:pybindgen.typehandlers:try to lookup type handler for 'ns3::Ptr< ns3::ArpCache >' => failure
DEBUG:pybindgen.typehandlers:try to lookup type handler for 'ns3::ArpCache *' => failure ('')
/home/imran/ns-allinone-3.36.1/ns-3.36.1/src/dsdv/bindings/modulegen__gcc_LP64.py:5772: Warning: exception TypeLookupError(['ns3::Ptr< ns3::ArpCache >', 'ns3::ArpCache *'],) in wrapper public: retval? ???::SetArpCache (params?);
  [param('ns3::Ptr< ns3::ArpCache >', 'arpCache')])
DEBUG:pybindgen.typehandlers:TypeMatcher.lookup('ns3::Ptr< ns3::NetDevice >')
DEBUG:pybindgen.typehandlers:try to lookup type handler for 'ns3::Ptr< ns3::NetDevice >' => failure
DEBUG:pybindgen.typehandlers:try to lookup type handler for 'ns3::NetDevice *' => success ((<class 'pybindgen.cppclass.MemoryPolicy.register_ptr_parameter_and_return.<locals>.ThisClassPtrReturn'>, <ns3modulegen_core_customizations.SmartPointerTransformation object at 0x7fca1d6d7048>, <pybindgen.typehandlers.ctypeparser.TypeTraits object at 0x7fca1ca8c320>))
DEBUG:pybindgen.typehandlers:TypeMatcher.lookup('ns3::Ptr< ns3::ArpCache >')
DEBUG:pybindgen.typehandlers:try to lookup type handler for 'ns3::Ptr< ns3::ArpCache >' => failure
DEBUG:pybindgen.typehandlers:try to lookup type handler for 'ns3::ArpCache *' => failure ('')
/home/imran/ns-allinone-3.36.1/ns-3.36.1/src/dsdv/bindings/modulegen__gcc_LP64.py:5782: Warning: exception TypeLookupError(['ns3::Ptr< ns3::ArpCache >', 'ns3::ArpCache *'],) in wrapper public: retval? ???::GetArpCache (params?) const;
  is_const=True)
DEBUG:pybindgen.typehandlers:TypeMatcher.lookup('void')
DEBUG:pybindgen.typehandlers:try to lookup type handler for 'void' => success ((<class 'pybindgen.typehandlers.voidtype.VoidReturn'>, None, <pybindgen.typehandlers.ctypeparser.TypeTraits object at 0x7fca1ca85e10>))
DEBUG:pybindgen.typehandlers:TypeMatcher.lookup('uint16_t')
DEBUG:pybindgen.typehandlers:try to lookup type handler for 'uint16_t' => success ((<class 'pybindgen.typehandlers.inttype.UInt16Param'>, None, <pybindgen.typehandlers.ctypeparser.TypeTraits object at 0x7fca1ca85f28>))
DEBUG:pybindgen.typehandlers:TypeMatcher.lookup('uint16_t')
DEBUG:pybindgen.typehandlers:try to lookup type handler for 'uint16_t' => success ((<class 'pybindgen.typehandlers.inttype.UInt16Return'>, None, <pybindgen.typehandlers.ctypeparser.TypeTraits object at 0x7fca1ca85ac8>))
DEBUG:pybindgen.typehandlers:TypeMatcher.lookup('bool')
DEBUG:pybindgen.typehandlers:try to lookup type handler for 'bool' => success ((<class 'pybindgen.typehandlers.booltype.BoolReturn'>, None, <pybindgen.typehandlers.ctypeparser.TypeTraits object at 0x7fca1ca8c828>))
DEBUG:pybindgen.typehandlers:TypeMatcher.lookup('bool')
DEBUG:pybindgen.typehandlers:try to lookup type handler for 'bool' => success ((<class 'pybindgen.typehandlers.booltype.BoolReturn'>, None, <pybindgen.typehandlers.ctypeparser.TypeTraits object at 0x7fca1ca8cc18>))
DEBUG:pybindgen.typehandlers:TypeMatcher.lookup('void')
DEBUG:pybindgen.typehandlers:try to lookup type handler for 'void' => success ((<class 'pybindgen.typehandlers.voidtype.VoidReturn'>, None, <pybindgen.typehandlers.ctypeparser.TypeTraits object at 0x7fca1ca8cfd0>))
DEBUG:pybindgen.typehandlers:TypeMatcher.lookup('void')
DEBUG:pybindgen.typehandlers:try to lookup type handler for 'void' => success ((<class 'pybindgen.typehandlers.voidtype.VoidReturn'>, None, <pybindgen.typehandlers.ctypeparser.TypeTraits object at 0x7fca1ca94400>))
DEBUG:pybindgen.typehandlers:TypeMatcher.lookup('bool')
DEBUG:pybindgen.typehandlers:try to lookup type handler for 'bool' => success ((<class 'pybindgen.typehandlers.booltype.BoolReturn'>, None, <pybindgen.typehandlers.ctypeparser.TypeTraits object at 0x7fca1ca947f0>))
DEBUG:pybindgen.typehandlers:TypeMatcher.lookup('void')
DEBUG:pybindgen.typehandlers:try to lookup type handler for 'void' => success ((<class 'pybindgen.typehandlers.voidtype.VoidReturn'>, None, <pybindgen.typehandlers.ctypeparser.TypeTraits object at 0x7fca1ca94ba8>))
DEBUG:pybindgen.typehandlers:TypeMatcher.lookup('bool')
DEBUG:pybindgen.typehandlers:try to lookup type handler for 'bool' => success ((<class 'pybindgen.typehandlers.booltype.BoolParam'>, None, <pybindgen.typehandlers.ctypeparser.TypeTraits object at 0x7fca1ca94cf8>))
DEBUG:pybindgen.typehandlers:TypeMatcher.lookup('void')
DEBUG:pybindgen.typehandlers:try to lookup type handler for 'void' => success ((<class 'pybindgen.typehandlers.voidtype.VoidReturn'>, None, <pybindgen.typehandlers.ctypeparser.TypeTraits object at 0x7fca1ca9a0b8>))
DEBUG:pybindgen.typehandlers:TypeMatcher.lookup('ns3::Ptr< ns3::Packet >')
DEBUG:pybindgen.typehandlers:try to lookup type handler for 'ns3::Ptr< ns3::Packet >' => failure
DEBUG:pybindgen.typehandlers:try to lookup type handler for 'ns3::Packet *' => success ((<class 'pybindgen.cppclass.MemoryPolicy.register_ptr_parameter_and_return.<locals>.ThisClassPtrParameter'>, <ns3modulegen_core_customizations.SmartPointerTransformation object at 0x7fca1d6d7048>, <pybindgen.typehandlers.ctypeparser.TypeTraits object at 0x7fca1ca9a438>))
DEBUG:pybindgen.typehandlers:TypeMatcher.lookup('ns3::Ipv4Header const &')
DEBUG:pybindgen.typehandlers:try to lookup type handler for 'ns3::Ipv4Header const &' => success ((<class 'pybindgen.cppclass.CppClass.__init__.<locals>.ThisClassRefParameter'>, None, <pybindgen.typehandlers.ctypeparser.TypeTraits object at 0x7fca1ca9a438>))
DEBUG:pybindgen.typehandlers:TypeMatcher.lookup('ns3::Ipv4Address')
DEBUG:pybindgen.typehandlers:try to lookup type handler for 'ns3::Ipv4Address' => success ((<class 'pybindgen.cppclass.CppClass.__init__.<locals>.ThisClassParameter'>, None, <pybindgen.typehandlers.ctypeparser.TypeTraits object at 0x7fca1ca9a5c0>))
DEBUG:pybindgen.typehandlers:TypeMatcher.lookup('bool')
DEBUG:pybindgen.typehandlers:try to lookup type handler for 'bool' => success ((<class 'pybindgen.typehandlers.booltype.BoolReturn'>, None, <pybindgen.typehandlers.ctypeparser.TypeTraits object at 0x7fca1ca9a8d0>))
DEBUG:pybindgen.typehandlers:TypeMatcher.lookup('ns3::Ipv4InterfaceAddress')
DEBUG:pybindgen.typehandlers:try to lookup type handler for 'ns3::Ipv4InterfaceAddress' => success ((<class 'pybindgen.cppclass.CppClass.__init__.<locals>.ThisClassParameter'>, None, <pybindgen.typehandlers.ctypeparser.TypeTraits object at 0x7fca1ca9aa20>))
DEBUG:pybindgen.typehandlers:TypeMatcher.lookup('ns3::Ipv4InterfaceAddress')
DEBUG:pybindgen.typehandlers:try to lookup type handler for 'ns3::Ipv4InterfaceAddress' => success ((<class 'pybindgen.cppclass.CppClass.__init__.<locals>.ThisClassReturn'>, None, <pybindgen.typehandlers.ctypeparser.TypeTraits object at 0x7fca1ca9ad68>))
DEBUG:pybindgen.typehandlers:TypeMatcher.lookup('uint32_t')
DEBUG:pybindgen.typehandlers:try to lookup type handler for 'uint32_t' => success ((<class 'pybindgen.typehandlers.inttype.UnsignedIntParam'>, None, <pybindgen.typehandlers.ctypeparser.TypeTraits object at 0x7fca1ca9ae80>))
DEBUG:pybindgen.typehandlers:TypeMatcher.lookup('uint32_t')
DEBUG:pybindgen.typehandlers:try to lookup type handler for 'uint32_t' => success ((<class 'pybindgen.typehandlers.inttype.UnsignedIntReturn'>, None, <pybindgen.typehandlers.ctypeparser.TypeTraits object at 0x7fca1c9e5208>))
DEBUG:pybindgen.typehandlers:TypeMatcher.lookup('ns3::Ipv4InterfaceAddress')
DEBUG:pybindgen.typehandlers:try to lookup type handler for 'ns3::Ipv4InterfaceAddress' => success ((<class 'pybindgen.cppclass.CppClass.__init__.<locals>.ThisClassReturn'>, None, <pybindgen.typehandlers.ctypeparser.TypeTraits object at 0x7fca1c9e5588>))
DEBUG:pybindgen.typehandlers:TypeMatcher.lookup('uint32_t')
DEBUG:pybindgen.typehandlers:try to lookup type handler for 'uint32_t' => success ((<class 'pybindgen.typehandlers.inttype.UnsignedIntParam'>, None, <pybindgen.typehandlers.ctypeparser.TypeTraits object at 0x7fca1c9e56a0>))
DEBUG:pybindgen.typehandlers:TypeMatcher.lookup('ns3::Ipv4InterfaceAddress')
DEBUG:pybindgen.typehandlers:try to lookup type handler for 'ns3::Ipv4InterfaceAddress' => success ((<class 'pybindgen.cppclass.CppClass.__init__.<locals>.ThisClassReturn'>, None, <pybindgen.typehandlers.ctypeparser.TypeTraits object at 0x7fca1c9e59e8>))
DEBUG:pybindgen.typehandlers:TypeMatcher.lookup('ns3::Ipv4Address')
DEBUG:pybindgen.typehandlers:try to lookup type handler for 'ns3::Ipv4Address' => success ((<class 'pybindgen.cppclass.CppClass.__init__.<locals>.ThisClassParameter'>, None, <pybindgen.typehandlers.ctypeparser.TypeTraits object at 0x7fca1c9e5b00>))
DEBUG:pybindgen.typehandlers:TypeMatcher.lookup('void')
DEBUG:pybindgen.typehandlers:try to lookup type handler for 'void' => success ((<class 'pybindgen.typehandlers.voidtype.VoidReturn'>, None, <pybindgen.typehandlers.ctypeparser.TypeTraits object at 0x7fca1c9e5e10>))
DEBUG:pybindgen.typehandlers:TypeMatcher.lookup('bool')
DEBUG:pybindgen.typehandlers:try to lookup type handler for 'bool' => success ((<class 'pybindgen.typehandlers.booltype.BoolReturn'>, None, <pybindgen.typehandlers.ctypeparser.TypeTraits object at 0x7fca1c9ec908>))
DEBUG:pybindgen.typehandlers:TypeMatcher.lookup('uint32_t')
DEBUG:pybindgen.typehandlers:try to lookup type handler for 'uint32_t' => success ((<class 'pybindgen.typehandlers.inttype.UnsignedIntParam'>, None, <pybindgen.typehandlers.ctypeparser.TypeTraits object at 0x7fca1c9eca58>))
DEBUG:pybindgen.typehandlers:TypeMatcher.lookup('ns3::Ipv4InterfaceAddress')
DEBUG:pybindgen.typehandlers:try to lookup type handler for 'ns3::Ipv4InterfaceAddress' => success ((<class 'pybindgen.cppclass.CppClass.__init__.<locals>.ThisClassParameter'>, None, <pybindgen.typehandlers.ctypeparser.TypeTraits object at 0x7fca1c9ecb00>))
DEBUG:pybindgen.typehandlers:TypeMatcher.lookup('uint32_t')
DEBUG:pybindgen.typehandlers:try to lookup type handler for 'uint32_t' => success ((<class 'pybindgen.typehandlers.inttype.UnsignedIntReturn'>, None, <pybindgen.typehandlers.ctypeparser.TypeTraits object at 0x7fca1c9ece80>))
DEBUG:pybindgen.typehandlers:TypeMatcher.lookup('ns3::Ptr< ns3::NetDevice >')
DEBUG:pybindgen.typehandlers:try to lookup type handler for 'ns3::Ptr< ns3::NetDevice >' => failure
DEBUG:pybindgen.typehandlers:try to lookup type handler for 'ns3::NetDevice *' => success ((<class 'pybindgen.cppclass.MemoryPolicy.register_ptr_parameter_and_return.<locals>.ThisClassPtrParameter'>, <ns3modulegen_core_customizations.SmartPointerTransformation object at 0x7fca1d6d7048>, <pybindgen.typehandlers.ctypeparser.TypeTraits object at 0x7fca1c9f6208>))
DEBUG:pybindgen.typehandlers:TypeMatcher.lookup('ns3::Ptr< ns3::Socket >')
DEBUG:pybindgen.typehandlers:try to lookup type handler for 'ns3::Ptr< ns3::Socket >' => failure
DEBUG:pybindgen.typehandlers:try to lookup type handler for 'ns3::Socket *' => success ((<class 'pybindgen.cppclass.MemoryPolicy.register_ptr_parameter_and_return.<locals>.ThisClassPtrReturn'>, <ns3modulegen_core_customizations.SmartPointerTransformation object at 0x7fca1d6d7048>, <pybindgen.typehandlers.ctypeparser.TypeTraits object at 0x7fca1c9f6668>))
DEBUG:pybindgen.typehandlers:TypeMatcher.lookup('void')
DEBUG:pybindgen.typehandlers:try to lookup type handler for 'void' => success ((<class 'pybindgen.typehandlers.voidtype.VoidReturn'>, None, <pybindgen.typehandlers.ctypeparser.TypeTraits object at 0x7fca1c9f68d0>))
DEBUG:pybindgen.typehandlers:TypeMatcher.lookup('ns3::Ptr< ns3::Socket >')
DEBUG:pybindgen.typehandlers:try to lookup type handler for 'ns3::Ptr< ns3::Socket >' => failure
DEBUG:pybindgen.typehandlers:try to lookup type handler for 'ns3::Socket *' => success ((<class 'pybindgen.cppclass.MemoryPolicy.register_ptr_parameter_and_return.<locals>.ThisClassPtrParameter'>, <ns3modulegen_core_customizations.SmartPointerTransformation object at 0x7fca1d6d7048>, <pybindgen.typehandlers.ctypeparser.TypeTraits object at 0x7fca1c9f6c50>))
DEBUG:pybindgen.typehandlers:TypeMatcher.lookup('ns3::Ipv4InterfaceAddress')
DEBUG:pybindgen.typehandlers:try to lookup type handler for 'ns3::Ipv4InterfaceAddress' => success ((<class 'pybindgen.cppclass.CppClass.__init__.<locals>.ThisClassReturn'>, None, <pybindgen.typehandlers.ctypeparser.TypeTraits object at 0x7fca1c9f6e80>))
DEBUG:pybindgen.typehandlers:TypeMatcher.lookup('uint32_t')
DEBUG:pybindgen.typehandlers:try to lookup type handler for 'uint32_t' => success ((<class 'pybindgen.typehandlers.inttype.UnsignedIntParam'>, None, <pybindgen.typehandlers.ctypeparser.TypeTraits object at 0x7fca1c9f6f98>))
DEBUG:pybindgen.typehandlers:TypeMatcher.lookup('uint32_t')
DEBUG:pybindgen.typehandlers:try to lookup type handler for 'uint32_t' => success ((<class 'pybindgen.typehandlers.inttype.UnsignedIntParam'>, None, <pybindgen.typehandlers.ctypeparser.TypeTraits object at 0x7fca1c9fa080>))
DEBUG:pybindgen.typehandlers:TypeMatcher.lookup('ns3::Ptr< ns3::Ipv4Interface >')
DEBUG:pybindgen.typehandlers:try to lookup type handler for 'ns3::Ptr< ns3::Ipv4Interface >' => failure
DEBUG:pybindgen.typehandlers:try to lookup type handler for 'ns3::Ipv4Interface *' => success ((<class 'pybindgen.cppclass.MemoryPolicy.register_ptr_parameter_and_return.<locals>.ThisClassPtrReturn'>, <ns3modulegen_core_customizations.SmartPointerTransformation object at 0x7fca1d6d7048>, <pybindgen.typehandlers.ctypeparser.TypeTraits object at 0x7fca1c9fa630>))
DEBUG:pybindgen.typehandlers:TypeMatcher.lookup('uint32_t')
DEBUG:pybindgen.typehandlers:try to lookup type handler for 'uint32_t' => success ((<class 'pybindgen.typehandlers.inttype.UnsignedIntParam'>, None, <pybindgen.typehandlers.ctypeparser.TypeTraits object at 0x7fca1c9fa588>))
DEBUG:pybindgen.typehandlers:TypeMatcher.lookup('int32_t')
DEBUG:pybindgen.typehandlers:try to lookup type handler for 'int32_t' => success ((<class 'pybindgen.typehandlers.inttype.IntReturn'>, None, <pybindgen.typehandlers.ctypeparser.TypeTraits object at 0x7fca1c9fa978>))
DEBUG:pybindgen.typehandlers:TypeMatcher.lookup('ns3::Ipv4Address')
DEBUG:pybindgen.typehandlers:try to lookup type handler for 'ns3::Ipv4Address' => success ((<class 'pybindgen.cppclass.CppClass.__init__.<locals>.ThisClassParameter'>, None, <pybindgen.typehandlers.ctypeparser.TypeTraits object at 0x7fca1c9faac8>))
DEBUG:pybindgen.typehandlers:TypeMatcher.lookup('int32_t')
DEBUG:pybindgen.typehandlers:try to lookup type handler for 'int32_t' => success ((<class 'pybindgen.typehandlers.inttype.IntReturn'>, None, <pybindgen.typehandlers.ctypeparser.TypeTraits object at 0x7fca1c9fae10>))
DEBUG:pybindgen.typehandlers:TypeMatcher.lookup('ns3::Ptr< ns3::NetDevice const >')
DEBUG:pybindgen.typehandlers:try to lookup type handler for 'ns3::Ptr< ns3::NetDevice const >' => failure
DEBUG:pybindgen.typehandlers:try to lookup type handler for 'ns3::NetDevice *' => success ((<class 'pybindgen.cppclass.MemoryPolicy.register_ptr_parameter_and_return.<locals>.ThisClassPtrParameter'>, <ns3modulegen_core_customizations.SmartPointerTransformation object at 0x7fca1d6d7048>, <pybindgen.typehandlers.ctypeparser.TypeTraits object at 0x7fca1ca02208>))
DEBUG:pybindgen.typehandlers:TypeMatcher.lookup('int32_t')
DEBUG:pybindgen.typehandlers:try to lookup type handler for 'int32_t' => success ((<class 'pybindgen.typehandlers.inttype.IntReturn'>, None, <pybindgen.typehandlers.ctypeparser.TypeTraits object at 0x7fca1ca02470>))
DEBUG:pybindgen.typehandlers:TypeMatcher.lookup('ns3::Ipv4Address')
DEBUG:pybindgen.typehandlers:try to lookup type handler for 'ns3::Ipv4Address' => success ((<class 'pybindgen.cppclass.CppClass.__init__.<locals>.ThisClassParameter'>, None, <pybindgen.typehandlers.ctypeparser.TypeTraits object at 0x7fca1ca025c0>))
DEBUG:pybindgen.typehandlers:TypeMatcher.lookup('ns3::Ipv4Mask')
DEBUG:pybindgen.typehandlers:try to lookup type handler for 'ns3::Ipv4Mask' => success ((<class 'pybindgen.cppclass.CppClass.__init__.<locals>.ThisClassParameter'>, None, <pybindgen.typehandlers.ctypeparser.TypeTraits object at 0x7fca1ca02668>))
DEBUG:pybindgen.typehandlers:TypeMatcher.lookup('uint16_t')
DEBUG:pybindgen.typehandlers:try to lookup type handler for 'uint16_t' => success ((<class 'pybindgen.typehandlers.inttype.UInt16Return'>, None, <pybindgen.typehandlers.ctypeparser.TypeTraits object at 0x7fca1ca029e8>))
DEBUG:pybindgen.typehandlers:TypeMatcher.lookup('uint32_t')
DEBUG:pybindgen.typehandlers:try to lookup type handler for 'uint32_t' => success ((<class 'pybindgen.typehandlers.inttype.UnsignedIntParam'>, None, <pybindgen.typehandlers.ctypeparser.TypeTraits object at 0x7fca1ca02b00>))
DEBUG:pybindgen.typehandlers:TypeMatcher.lookup('uint16_t')
DEBUG:pybindgen.typehandlers:try to lookup type handler for 'uint16_t' => success ((<class 'pybindgen.typehandlers.inttype.UInt16Return'>, None, <pybindgen.typehandlers.ctypeparser.TypeTraits object at 0x7fca1ca02e48>))
DEBUG:pybindgen.typehandlers:TypeMatcher.lookup('uint32_t')
DEBUG:pybindgen.typehandlers:try to lookup type handler for 'uint32_t' => success ((<class 'pybindgen.typehandlers.inttype.UnsignedIntParam'>, None, <pybindgen.typehandlers.ctypeparser.TypeTraits object at 0x7fca1ca02f60>))
DEBUG:pybindgen.typehandlers:TypeMatcher.lookup('uint32_t')
DEBUG:pybindgen.typehandlers:try to lookup type handler for 'uint32_t' => success ((<class 'pybindgen.typehandlers.inttype.UnsignedIntReturn'>, None, <pybindgen.typehandlers.ctypeparser.TypeTraits object at 0x7fca1ca082e8>))
DEBUG:pybindgen.typehandlers:TypeMatcher.lookup('uint32_t')
DEBUG:pybindgen.typehandlers:try to lookup type handler for 'uint32_t' => success ((<class 'pybindgen.typehandlers.inttype.UnsignedIntParam'>, None, <pybindgen.typehandlers.ctypeparser.TypeTraits object at 0x7fca1ca08400>))
DEBUG:pybindgen.typehandlers:TypeMatcher.lookup('uint32_t')
DEBUG:pybindgen.typehandlers:try to lookup type handler for 'uint32_t' => success ((<class 'pybindgen.typehandlers.inttype.UnsignedIntReturn'>, None, <pybindgen.typehandlers.ctypeparser.TypeTraits object at 0x7fca1ca08748>))
DEBUG:pybindgen.typehandlers:TypeMatcher.lookup('ns3::Ptr< ns3::NetDevice >')
DEBUG:pybindgen.typehandlers:try to lookup type handler for 'ns3::Ptr< ns3::NetDevice >' => failure
DEBUG:pybindgen.typehandlers:try to lookup type handler for 'ns3::NetDevice *' => success ((<class 'pybindgen.cppclass.MemoryPolicy.register_ptr_parameter_and_return.<locals>.ThisClassPtrReturn'>, <ns3modulegen_core_customizations.SmartPointerTransformation object at 0x7fca1d6d7048>, <pybindgen.typehandlers.ctypeparser.TypeTraits object at 0x7fca1ca08cf8>))
DEBUG:pybindgen.typehandlers:TypeMatcher.lookup('uint32_t')
DEBUG:pybindgen.typehandlers:try to lookup type handler for 'uint32_t' => success ((<class 'pybindgen.typehandlers.inttype.UnsignedIntParam'>, None, <pybindgen.typehandlers.ctypeparser.TypeTraits object at 0x7fca1ca08c50>))
DEBUG:pybindgen.typehandlers:TypeMatcher.lookup('ns3::Ptr< ns3::IpL4Protocol >')
DEBUG:pybindgen.typehandlers:try to lookup type handler for 'ns3::Ptr< ns3::IpL4Protocol >' => failure
DEBUG:pybindgen.typehandlers:try to lookup type handler for 'ns3::IpL4Protocol *' => failure ('')
/home/imran/ns-allinone-3.36.1/ns-3.36.1/src/dsdv/bindings/modulegen__gcc_LP64.py:5929: Warning: exception TypeLookupError(['ns3::Ptr< ns3::IpL4Protocol >', 'ns3::IpL4Protocol *'],) in wrapper public: virtual retval? ???::GetProtocol (params?) const;
  is_const=True, is_virtual=True)
DEBUG:pybindgen.typehandlers:TypeMatcher.lookup('ns3::Ptr< ns3::IpL4Protocol >')
DEBUG:pybindgen.typehandlers:try to lookup type handler for 'ns3::Ptr< ns3::IpL4Protocol >' => failure
DEBUG:pybindgen.typehandlers:try to lookup type handler for 'ns3::IpL4Protocol *' => failure ('')
/home/imran/ns-allinone-3.36.1/ns-3.36.1/src/dsdv/bindings/modulegen__gcc_LP64.py:5934: Warning: exception TypeLookupError(['ns3::Ptr< ns3::IpL4Protocol >', 'ns3::IpL4Protocol *'],) in wrapper public: virtual retval? ???::GetProtocol (params?) const;
  is_const=True, is_virtual=True)
DEBUG:pybindgen.typehandlers:TypeMatcher.lookup('ns3::Ptr< ns3::Ipv4RoutingProtocol >')
DEBUG:pybindgen.typehandlers:try to lookup type handler for 'ns3::Ptr< ns3::Ipv4RoutingProtocol >' => failure
DEBUG:pybindgen.typehandlers:try to lookup type handler for 'ns3::Ipv4RoutingProtocol *' => success ((<class 'pybindgen.cppclass.MemoryPolicy.register_ptr_parameter_and_return.<locals>.ThisClassPtrReturn'>, <ns3modulegen_core_customizations.SmartPointerTransformation object at 0x7fca1d6d7048>, <pybindgen.typehandlers.ctypeparser.TypeTraits object at 0x7fca1ca15588>))
DEBUG:pybindgen.typehandlers:TypeMatcher.lookup('ns3::TypeId')
DEBUG:pybindgen.typehandlers:try to lookup type handler for 'ns3::TypeId' => success ((<class 'pybindgen.cppclass.CppClass.__init__.<locals>.ThisClassReturn'>, None, <pybindgen.typehandlers.ctypeparser.TypeTraits object at 0x7fca1ca101d0>))
DEBUG:pybindgen.typehandlers:TypeMatcher.lookup('void')
DEBUG:pybindgen.typehandlers:try to lookup type handler for 'void' => success ((<class 'pybindgen.typehandlers.voidtype.VoidReturn'>, None, <pybindgen.typehandlers.ctypeparser.TypeTraits object at 0x7fca1ca15668>))
DEBUG:pybindgen.typehandlers:TypeMatcher.lookup('ns3::Ptr< ns3::IpL4Protocol >')
DEBUG:pybindgen.typehandlers:try to lookup type handler for 'ns3::Ptr< ns3::IpL4Protocol >' => failure
DEBUG:pybindgen.typehandlers:try to lookup type handler for 'ns3::IpL4Protocol *' => failure ('')
/home/imran/ns-allinone-3.36.1/ns-3.36.1/src/dsdv/bindings/modulegen__gcc_LP64.py:5949: Warning: exception TypeLookupError(['ns3::Ptr< ns3::IpL4Protocol >', 'ns3::IpL4Protocol *'],) in wrapper public: virtual retval? ???::Insert (params?);
  is_virtual=True)
DEBUG:pybindgen.typehandlers:TypeMatcher.lookup('void')
DEBUG:pybindgen.typehandlers:try to lookup type handler for 'void' => success ((<class 'pybindgen.typehandlers.voidtype.VoidReturn'>, None, <pybindgen.typehandlers.ctypeparser.TypeTraits object at 0x7fca1ca15fd0>))
DEBUG:pybindgen.typehandlers:TypeMatcher.lookup('ns3::Ptr< ns3::IpL4Protocol >')
DEBUG:pybindgen.typehandlers:try to lookup type handler for 'ns3::Ptr< ns3::IpL4Protocol >' => failure
DEBUG:pybindgen.typehandlers:try to lookup type handler for 'ns3::IpL4Protocol *' => failure ('')
/home/imran/ns-allinone-3.36.1/ns-3.36.1/src/dsdv/bindings/modulegen__gcc_LP64.py:5954: Warning: exception TypeLookupError(['ns3::Ptr< ns3::IpL4Protocol >', 'ns3::IpL4Protocol *'],) in wrapper public: virtual retval? ???::Insert (params?);
  is_virtual=True)
DEBUG:pybindgen.typehandlers:TypeMatcher.lookup('bool')
DEBUG:pybindgen.typehandlers:try to lookup type handler for 'bool' => success ((<class 'pybindgen.typehandlers.booltype.BoolReturn'>, None, <pybindgen.typehandlers.ctypeparser.TypeTraits object at 0x7fca1ca1fa90>))
DEBUG:pybindgen.typehandlers:TypeMatcher.lookup('ns3::Ipv4Address')
DEBUG:pybindgen.typehandlers:try to lookup type handler for 'ns3::Ipv4Address' => success ((<class 'pybindgen.cppclass.CppClass.__init__.<locals>.ThisClassParameter'>, None, <pybindgen.typehandlers.ctypeparser.TypeTraits object at 0x7fca1ca1fbe0>))
DEBUG:pybindgen.typehandlers:TypeMatcher.lookup('uint32_t')
DEBUG:pybindgen.typehandlers:try to lookup type handler for 'uint32_t' => success ((<class 'pybindgen.typehandlers.inttype.UnsignedIntParam'>, None, <pybindgen.typehandlers.ctypeparser.TypeTraits object at 0x7fca1ca1fc88>))
DEBUG:pybindgen.typehandlers:TypeMatcher.lookup('bool')
DEBUG:pybindgen.typehandlers:try to lookup type handler for 'bool' => success ((<class 'pybindgen.typehandlers.booltype.BoolReturn'>, None, <pybindgen.typehandlers.ctypeparser.TypeTraits object at 0x7fca1c9a8048>))
DEBUG:pybindgen.typehandlers:TypeMatcher.lookup('uint32_t')
DEBUG:pybindgen.typehandlers:try to lookup type handler for 'uint32_t' => success ((<class 'pybindgen.typehandlers.inttype.UnsignedIntParam'>, None, <pybindgen.typehandlers.ctypeparser.TypeTraits object at 0x7fca1c9a8198>))
DEBUG:pybindgen.typehandlers:TypeMatcher.lookup('bool')
DEBUG:pybindgen.typehandlers:try to lookup type handler for 'bool' => success ((<class 'pybindgen.typehandlers.booltype.BoolReturn'>, None, <pybindgen.typehandlers.ctypeparser.TypeTraits object at 0x7fca1c9a84e0>))
DEBUG:pybindgen.typehandlers:TypeMatcher.lookup('ns3::Ipv4Address')
DEBUG:pybindgen.typehandlers:try to lookup type handler for 'ns3::Ipv4Address' => success ((<class 'pybindgen.cppclass.CppClass.__init__.<locals>.ThisClassParameter'>, None, <pybindgen.typehandlers.ctypeparser.TypeTraits object at 0x7fca1c9a8630>))
DEBUG:pybindgen.typehandlers:TypeMatcher.lookup('bool')
DEBUG:pybindgen.typehandlers:try to lookup type handler for 'bool' => success ((<class 'pybindgen.typehandlers.booltype.BoolReturn'>, None, <pybindgen.typehandlers.ctypeparser.TypeTraits object at 0x7fca1c9a8978>))
DEBUG:pybindgen.typehandlers:TypeMatcher.lookup('uint32_t')
DEBUG:pybindgen.typehandlers:try to lookup type handler for 'uint32_t' => success ((<class 'pybindgen.typehandlers.inttype.UnsignedIntParam'>, None, <pybindgen.typehandlers.ctypeparser.TypeTraits object at 0x7fca1c9a8ac8>))
DEBUG:pybindgen.typehandlers:TypeMatcher.lookup('void')
DEBUG:pybindgen.typehandlers:try to lookup type handler for 'void' => success ((<class 'pybindgen.typehandlers.voidtype.VoidReturn'>, None, <pybindgen.typehandlers.ctypeparser.TypeTraits object at 0x7fca1ca1f240>))
DEBUG:pybindgen.typehandlers:TypeMatcher.lookup('ns3::Ptr< ns3::NetDevice >')
DEBUG:pybindgen.typehandlers:try to lookup type handler for 'ns3::Ptr< ns3::NetDevice >' => failure
DEBUG:pybindgen.typehandlers:try to lookup type handler for 'ns3::NetDevice *' => success ((<class 'pybindgen.cppclass.MemoryPolicy.register_ptr_parameter_and_return.<locals>.ThisClassPtrParameter'>, <ns3modulegen_core_customizations.SmartPointerTransformation object at 0x7fca1d6d7048>, <pybindgen.typehandlers.ctypeparser.TypeTraits object at 0x7fca1ca157b8>))
DEBUG:pybindgen.typehandlers:TypeMatcher.lookup('ns3::Ptr< ns3::Packet const >')
DEBUG:pybindgen.typehandlers:try to lookup type handler for 'ns3::Ptr< ns3::Packet const >' => failure
DEBUG:pybindgen.typehandlers:try to lookup type handler for 'ns3::Packet *' => success ((<class 'pybindgen.cppclass.MemoryPolicy.register_ptr_parameter_and_return.<locals>.ThisClassPtrParameter'>, <ns3modulegen_core_customizations.SmartPointerTransformation object at 0x7fca1d6d7048>, <pybindgen.typehandlers.ctypeparser.TypeTraits object at 0x7fca1ca15668>))
DEBUG:pybindgen.typehandlers:TypeMatcher.lookup('uint16_t')
DEBUG:pybindgen.typehandlers:try to lookup type handler for 'uint16_t' => success ((<class 'pybindgen.typehandlers.inttype.UInt16Param'>, None, <pybindgen.typehandlers.ctypeparser.TypeTraits object at 0x7fca1ca15668>))
DEBUG:pybindgen.typehandlers:TypeMatcher.lookup('ns3::Address const &')
DEBUG:pybindgen.typehandlers:try to lookup type handler for 'ns3::Address const &' => success ((<class 'pybindgen.cppclass.CppClass.__init__.<locals>.ThisClassRefParameter'>, None, <pybindgen.typehandlers.ctypeparser.TypeTraits object at 0x7fca1ca8c7b8>))
DEBUG:pybindgen.typehandlers:TypeMatcher.lookup('ns3::Address const &')
DEBUG:pybindgen.typehandlers:try to lookup type handler for 'ns3::Address const &' => success ((<class 'pybindgen.cppclass.CppClass.__init__.<locals>.ThisClassRefParameter'>, None, <pybindgen.typehandlers.ctypeparser.TypeTraits object at 0x7fca1ca8c6a0>))
DEBUG:pybindgen.typehandlers:TypeMatcher.lookup('ns3::NetDevice::PacketType')
DEBUG:pybindgen.typehandlers:try to lookup type handler for 'ns3::NetDevice::PacketType' => success ((<class 'pybindgen.enum.Enum.set_module.<locals>.ThisEnumParameter'>, None, <pybindgen.typehandlers.ctypeparser.TypeTraits object at 0x7fca1c9a8d68>))
DEBUG:pybindgen.typehandlers:TypeMatcher.lookup('void')
DEBUG:pybindgen.typehandlers:try to lookup type handler for 'void' => success ((<class 'pybindgen.typehandlers.voidtype.VoidReturn'>, None, <pybindgen.typehandlers.ctypeparser.TypeTraits object at 0x7fca1c9ac0b8>))
DEBUG:pybindgen.typehandlers:TypeMatcher.lookup('ns3::Ptr< ns3::IpL4Protocol >')
DEBUG:pybindgen.typehandlers:try to lookup type handler for 'ns3::Ptr< ns3::IpL4Protocol >' => failure
DEBUG:pybindgen.typehandlers:try to lookup type handler for 'ns3::IpL4Protocol *' => failure ('')
/home/imran/ns-allinone-3.36.1/ns-3.36.1/src/dsdv/bindings/modulegen__gcc_LP64.py:5983: Warning: exception TypeLookupError(['ns3::Ptr< ns3::IpL4Protocol >', 'ns3::IpL4Protocol *'],) in wrapper public: virtual retval? ???::Remove (params?);
  is_virtual=True)
DEBUG:pybindgen.typehandlers:TypeMatcher.lookup('void')
DEBUG:pybindgen.typehandlers:try to lookup type handler for 'void' => success ((<class 'pybindgen.typehandlers.voidtype.VoidReturn'>, None, <pybindgen.typehandlers.ctypeparser.TypeTraits object at 0x7fca1c9aca58>))
DEBUG:pybindgen.typehandlers:TypeMatcher.lookup('ns3::Ptr< ns3::IpL4Protocol >')
DEBUG:pybindgen.typehandlers:try to lookup type handler for 'ns3::Ptr< ns3::IpL4Protocol >' => failure
DEBUG:pybindgen.typehandlers:try to lookup type handler for 'ns3::IpL4Protocol *' => failure ('')
/home/imran/ns-allinone-3.36.1/ns-3.36.1/src/dsdv/bindings/modulegen__gcc_LP64.py:5988: Warning: exception TypeLookupError(['ns3::Ptr< ns3::IpL4Protocol >', 'ns3::IpL4Protocol *'],) in wrapper public: virtual retval? ???::Remove (params?);
  is_virtual=True)
DEBUG:pybindgen.typehandlers:TypeMatcher.lookup('bool')
DEBUG:pybindgen.typehandlers:try to lookup type handler for 'bool' => success ((<class 'pybindgen.typehandlers.booltype.BoolReturn'>, None, <pybindgen.typehandlers.ctypeparser.TypeTraits object at 0x7fca1c9b2518>))
DEBUG:pybindgen.typehandlers:TypeMatcher.lookup('uint32_t')
DEBUG:pybindgen.typehandlers:try to lookup type handler for 'uint32_t' => success ((<class 'pybindgen.typehandlers.inttype.UnsignedIntParam'>, None, <pybindgen.typehandlers.ctypeparser.TypeTraits object at 0x7fca1c9b2668>))
DEBUG:pybindgen.typehandlers:TypeMatcher.lookup('uint32_t')
DEBUG:pybindgen.typehandlers:try to lookup type handler for 'uint32_t' => success ((<class 'pybindgen.typehandlers.inttype.UnsignedIntParam'>, None, <pybindgen.typehandlers.ctypeparser.TypeTraits object at 0x7fca1c9b2710>))
DEBUG:pybindgen.typehandlers:TypeMatcher.lookup('bool')
DEBUG:pybindgen.typehandlers:try to lookup type handler for 'bool' => success ((<class 'pybindgen.typehandlers.booltype.BoolReturn'>, None, <pybindgen.typehandlers.ctypeparser.TypeTraits object at 0x7fca1c9b2a90>))
DEBUG:pybindgen.typehandlers:TypeMatcher.lookup('uint32_t')
DEBUG:pybindgen.typehandlers:try to lookup type handler for 'uint32_t' => success ((<class 'pybindgen.typehandlers.inttype.UnsignedIntParam'>, None, <pybindgen.typehandlers.ctypeparser.TypeTraits object at 0x7fca1c9b2be0>))
DEBUG:pybindgen.typehandlers:TypeMatcher.lookup('ns3::Ipv4Address')
DEBUG:pybindgen.typehandlers:try to lookup type handler for 'ns3::Ipv4Address' => success ((<class 'pybindgen.cppclass.CppClass.__init__.<locals>.ThisClassParameter'>, None, <pybindgen.typehandlers.ctypeparser.TypeTraits object at 0x7fca1c9b2c88>))
DEBUG:pybindgen.typehandlers:TypeMatcher.lookup('ns3::Ipv4Address')
DEBUG:pybindgen.typehandlers:try to lookup type handler for 'ns3::Ipv4Address' => success ((<class 'pybindgen.cppclass.CppClass.__init__.<locals>.ThisClassReturn'>, None, <pybindgen.typehandlers.ctypeparser.TypeTraits object at 0x7fca1c9b2fd0>))
DEBUG:pybindgen.typehandlers:TypeMatcher.lookup('ns3::Ptr< ns3::NetDevice const >')
DEBUG:pybindgen.typehandlers:try to lookup type handler for 'ns3::Ptr< ns3::NetDevice const >' => failure
DEBUG:pybindgen.typehandlers:try to lookup type handler for 'ns3::NetDevice *' => success ((<class 'pybindgen.cppclass.MemoryPolicy.register_ptr_parameter_and_return.<locals>.ThisClassPtrParameter'>, <ns3modulegen_core_customizations.SmartPointerTransformation object at 0x7fca1d6d7048>, <pybindgen.typehandlers.ctypeparser.TypeTraits object at 0x7fca1c9acb70>))
DEBUG:pybindgen.typehandlers:TypeMatcher.lookup('ns3::Ipv4Address')
DEBUG:pybindgen.typehandlers:try to lookup type handler for 'ns3::Ipv4Address' => success ((<class 'pybindgen.cppclass.CppClass.__init__.<locals>.ThisClassParameter'>, None, <pybindgen.typehandlers.ctypeparser.TypeTraits object at 0x7fca1c9acb70>))
DEBUG:pybindgen.typehandlers:TypeMatcher.lookup('ns3::Ipv4InterfaceAddress::InterfaceAddressScope_e')
DEBUG:pybindgen.typehandlers:try to lookup type handler for 'ns3::Ipv4InterfaceAddress::InterfaceAddressScope_e' => success ((<class 'pybindgen.enum.Enum.set_module.<locals>.ThisEnumParameter'>, None, <pybindgen.typehandlers.ctypeparser.TypeTraits object at 0x7fca1c9acb00>))
DEBUG:pybindgen.typehandlers:TypeMatcher.lookup('void')
DEBUG:pybindgen.typehandlers:try to lookup type handler for 'void' => success ((<class 'pybindgen.typehandlers.voidtype.VoidReturn'>, None, <pybindgen.typehandlers.ctypeparser.TypeTraits object at 0x7fca1c9ac0f0>))
DEBUG:pybindgen.typehandlers:TypeMatcher.lookup('ns3::Ptr< ns3::Packet >')
DEBUG:pybindgen.typehandlers:try to lookup type handler for 'ns3::Ptr< ns3::Packet >' => failure
DEBUG:pybindgen.typehandlers:try to lookup type handler for 'ns3::Packet *' => success ((<class 'pybindgen.cppclass.MemoryPolicy.register_ptr_parameter_and_return.<locals>.ThisClassPtrParameter'>, <ns3modulegen_core_customizations.SmartPointerTransformation object at 0x7fca1d6d7048>, <pybindgen.typehandlers.ctypeparser.TypeTraits object at 0x7fca1c9bb358>))
DEBUG:pybindgen.typehandlers:TypeMatcher.lookup('ns3::Ipv4Address')
DEBUG:pybindgen.typehandlers:try to lookup type handler for 'ns3::Ipv4Address' => success ((<class 'pybindgen.cppclass.CppClass.__init__.<locals>.ThisClassParameter'>, None, <pybindgen.typehandlers.ctypeparser.TypeTraits object at 0x7fca1c9bb358>))
DEBUG:pybindgen.typehandlers:TypeMatcher.lookup('ns3::Ipv4Address')
DEBUG:pybindgen.typehandlers:try to lookup type handler for 'ns3::Ipv4Address' => success ((<class 'pybindgen.cppclass.CppClass.__init__.<locals>.ThisClassParameter'>, None, <pybindgen.typehandlers.ctypeparser.TypeTraits object at 0x7fca1c9bb438>))
DEBUG:pybindgen.typehandlers:TypeMatcher.lookup('uint8_t')
DEBUG:pybindgen.typehandlers:try to lookup type handler for 'uint8_t' => success ((<class 'pybindgen.typehandlers.inttype.UInt8Param'>, None, <pybindgen.typehandlers.ctypeparser.TypeTraits object at 0x7fca1c9bb4a8>))
DEBUG:pybindgen.typehandlers:TypeMatcher.lookup('ns3::Ptr< ns3::Ipv4Route >')
DEBUG:pybindgen.typehandlers:try to lookup type handler for 'ns3::Ptr< ns3::Ipv4Route >' => failure
DEBUG:pybindgen.typehandlers:try to lookup type handler for 'ns3::Ipv4Route *' => success ((<class 'pybindgen.cppclass.MemoryPolicy.register_ptr_parameter_and_return.<locals>.ThisClassPtrParameter'>, <ns3modulegen_core_customizations.SmartPointerTransformation object at 0x7fca1d6d7048>, <pybindgen.typehandlers.ctypeparser.TypeTraits object at 0x7fca1c9bb828>))
DEBUG:pybindgen.typehandlers:TypeMatcher.lookup('void')
DEBUG:pybindgen.typehandlers:try to lookup type handler for 'void' => success ((<class 'pybindgen.typehandlers.voidtype.VoidReturn'>, None, <pybindgen.typehandlers.ctypeparser.TypeTraits object at 0x7fca1c9bba58>))
DEBUG:pybindgen.typehandlers:TypeMatcher.lookup('ns3::Ptr< ns3::Packet >')
DEBUG:pybindgen.typehandlers:try to lookup type handler for 'ns3::Ptr< ns3::Packet >' => failure
DEBUG:pybindgen.typehandlers:try to lookup type handler for 'ns3::Packet *' => success ((<class 'pybindgen.cppclass.MemoryPolicy.register_ptr_parameter_and_return.<locals>.ThisClassPtrParameter'>, <ns3modulegen_core_customizations.SmartPointerTransformation object at 0x7fca1d6d7048>, <pybindgen.typehandlers.ctypeparser.TypeTraits object at 0x7fca1c9bbdd8>))
DEBUG:pybindgen.typehandlers:TypeMatcher.lookup('ns3::Ipv4Header')
DEBUG:pybindgen.typehandlers:try to lookup type handler for 'ns3::Ipv4Header' => success ((<class 'pybindgen.cppclass.CppClass.__init__.<locals>.ThisClassParameter'>, None, <pybindgen.typehandlers.ctypeparser.TypeTraits object at 0x7fca1c9bbdd8>))
DEBUG:pybindgen.typehandlers:TypeMatcher.lookup('ns3::Ptr< ns3::Ipv4Route >')
DEBUG:pybindgen.typehandlers:try to lookup type handler for 'ns3::Ptr< ns3::Ipv4Route >' => failure
DEBUG:pybindgen.typehandlers:try to lookup type handler for 'ns3::Ipv4Route *' => success ((<class 'pybindgen.cppclass.MemoryPolicy.register_ptr_parameter_and_return.<locals>.ThisClassPtrParameter'>, <ns3modulegen_core_customizations.SmartPointerTransformation object at 0x7fca1d6d7048>, <pybindgen.typehandlers.ctypeparser.TypeTraits object at 0x7fca1c9bf0f0>))
DEBUG:pybindgen.typehandlers:TypeMatcher.lookup('void')
DEBUG:pybindgen.typehandlers:try to lookup type handler for 'void' => success ((<class 'pybindgen.typehandlers.voidtype.VoidReturn'>, None, <pybindgen.typehandlers.ctypeparser.TypeTraits object at 0x7fca1c9bf320>))
DEBUG:pybindgen.typehandlers:TypeMatcher.lookup('uint8_t')
DEBUG:pybindgen.typehandlers:try to lookup type handler for 'uint8_t' => success ((<class 'pybindgen.typehandlers.inttype.UInt8Param'>, None, <pybindgen.typehandlers.ctypeparser.TypeTraits object at 0x7fca1c9bf470>))
DEBUG:pybindgen.typehandlers:TypeMatcher.lookup('void')
DEBUG:pybindgen.typehandlers:try to lookup type handler for 'void' => success ((<class 'pybindgen.typehandlers.voidtype.VoidReturn'>, None, <pybindgen.typehandlers.ctypeparser.TypeTraits object at 0x7fca1c9bf7f0>))
DEBUG:pybindgen.typehandlers:TypeMatcher.lookup('uint32_t')
DEBUG:pybindgen.typehandlers:try to lookup type handler for 'uint32_t' => success ((<class 'pybindgen.typehandlers.inttype.UnsignedIntParam'>, None, <pybindgen.typehandlers.ctypeparser.TypeTraits object at 0x7fca1c9bf940>))
DEBUG:pybindgen.typehandlers:TypeMatcher.lookup('void')
DEBUG:pybindgen.typehandlers:try to lookup type handler for 'void' => success ((<class 'pybindgen.typehandlers.voidtype.VoidReturn'>, None, <pybindgen.typehandlers.ctypeparser.TypeTraits object at 0x7fca1c9bfc88>))
DEBUG:pybindgen.typehandlers:TypeMatcher.lookup('uint32_t')
DEBUG:pybindgen.typehandlers:try to lookup type handler for 'uint32_t' => success ((<class 'pybindgen.typehandlers.inttype.UnsignedIntParam'>, None, <pybindgen.typehandlers.ctypeparser.TypeTraits object at 0x7fca1c9bfdd8>))
DEBUG:pybindgen.typehandlers:TypeMatcher.lookup('bool')
DEBUG:pybindgen.typehandlers:try to lookup type handler for 'bool' => success ((<class 'pybindgen.typehandlers.booltype.BoolParam'>, None, <pybindgen.typehandlers.ctypeparser.TypeTraits object at 0x7fca1c9bfe80>))
DEBUG:pybindgen.typehandlers:TypeMatcher.lookup('void')
DEBUG:pybindgen.typehandlers:try to lookup type handler for 'void' => success ((<class 'pybindgen.typehandlers.voidtype.VoidReturn'>, None, <pybindgen.typehandlers.ctypeparser.TypeTraits object at 0x7fca1c9c5278>))
DEBUG:pybindgen.typehandlers:TypeMatcher.lookup('uint32_t')
DEBUG:pybindgen.typehandlers:try to lookup type handler for 'uint32_t' => success ((<class 'pybindgen.typehandlers.inttype.UnsignedIntParam'>, None, <pybindgen.typehandlers.ctypeparser.TypeTraits object at 0x7fca1c9c53c8>))
DEBUG:pybindgen.typehandlers:TypeMatcher.lookup('uint16_t')
DEBUG:pybindgen.typehandlers:try to lookup type handler for 'uint16_t' => success ((<class 'pybindgen.typehandlers.inttype.UInt16Param'>, None, <pybindgen.typehandlers.ctypeparser.TypeTraits object at 0x7fca1c9c5470>))
DEBUG:pybindgen.typehandlers:TypeMatcher.lookup('void')
DEBUG:pybindgen.typehandlers:try to lookup type handler for 'void' => success ((<class 'pybindgen.typehandlers.voidtype.VoidReturn'>, None, <pybindgen.typehandlers.ctypeparser.TypeTraits object at 0x7fca1c9c57f0>))
DEBUG:pybindgen.typehandlers:TypeMatcher.lookup('ns3::Ptr< ns3::Node >')
DEBUG:pybindgen.typehandlers:try to lookup type handler for 'ns3::Ptr< ns3::Node >' => failure
DEBUG:pybindgen.typehandlers:try to lookup type handler for 'ns3::Node *' => success ((<class 'pybindgen.cppclass.MemoryPolicy.register_ptr_parameter_and_return.<locals>.ThisClassPtrParameter'>, <ns3modulegen_core_customizations.SmartPointerTransformation object at 0x7fca1d6d7048>, <pybindgen.typehandlers.ctypeparser.TypeTraits object at 0x7fca1c9c5b70>))
DEBUG:pybindgen.typehandlers:TypeMatcher.lookup('void')
DEBUG:pybindgen.typehandlers:try to lookup type handler for 'void' => success ((<class 'pybindgen.typehandlers.voidtype.VoidReturn'>, None, <pybindgen.typehandlers.ctypeparser.TypeTraits object at 0x7fca1c9c5da0>))
DEBUG:pybindgen.typehandlers:TypeMatcher.lookup('ns3::Ptr< ns3::Ipv4RoutingProtocol >')
DEBUG:pybindgen.typehandlers:try to lookup type handler for 'ns3::Ptr< ns3::Ipv4RoutingProtocol >' => failure
DEBUG:pybindgen.typehandlers:try to lookup type handler for 'ns3::Ipv4RoutingProtocol *' => success ((<class 'pybindgen.cppclass.MemoryPolicy.register_ptr_parameter_and_return.<locals>.ThisClassPtrParameter'>, <ns3modulegen_core_customizations.SmartPointerTransformation object at 0x7fca1d6d7048>, <pybindgen.typehandlers.ctypeparser.TypeTraits object at 0x7fca1c9cc160>))
DEBUG:pybindgen.typehandlers:TypeMatcher.lookup('void')
DEBUG:pybindgen.typehandlers:try to lookup type handler for 'void' => success ((<class 'pybindgen.typehandlers.voidtype.VoidReturn'>, None, <pybindgen.typehandlers.ctypeparser.TypeTraits object at 0x7fca1c9cc390>))
DEBUG:pybindgen.typehandlers:TypeMatcher.lookup('uint32_t')
DEBUG:pybindgen.typehandlers:try to lookup type handler for 'uint32_t' => success ((<class 'pybindgen.typehandlers.inttype.UnsignedIntParam'>, None, <pybindgen.typehandlers.ctypeparser.TypeTraits object at 0x7fca1c9cc4e0>))
DEBUG:pybindgen.typehandlers:TypeMatcher.lookup('ns3::Ipv4Address')
DEBUG:pybindgen.typehandlers:try to lookup type handler for 'ns3::Ipv4Address' => success ((<class 'pybindgen.cppclass.CppClass.__init__.<locals>.ThisClassReturn'>, None, <pybindgen.typehandlers.ctypeparser.TypeTraits object at 0x7fca1c9cc828>))
DEBUG:pybindgen.typehandlers:TypeMatcher.lookup('uint32_t')
DEBUG:pybindgen.typehandlers:try to lookup type handler for 'uint32_t' => success ((<class 'pybindgen.typehandlers.inttype.UnsignedIntParam'>, None, <pybindgen.typehandlers.ctypeparser.TypeTraits object at 0x7fca1c9cc940>))
DEBUG:pybindgen.typehandlers:TypeMatcher.lookup('ns3::Ipv4Address')
DEBUG:pybindgen.typehandlers:try to lookup type handler for 'ns3::Ipv4Address' => success ((<class 'pybindgen.cppclass.CppClass.__init__.<locals>.ThisClassParameter'>, None, <pybindgen.typehandlers.ctypeparser.TypeTraits object at 0x7fca1c9cc9e8>))
DEBUG:pybindgen.typehandlers:TypeMatcher.lookup('uint16_t const')
DEBUG:pybindgen.typehandlers:try to lookup type handler for 'uint16_t const' => success ((<class 'pybindgen.typehandlers.inttype.UInt16Return'>, None, <pybindgen.typehandlers.ctypeparser.TypeTraits object at 0x7fca1c9ccd30>))
DEBUG:pybindgen.typehandlers:TypeMatcher.lookup('void')
DEBUG:pybindgen.typehandlers:try to lookup type handler for 'void' => success ((<class 'pybindgen.typehandlers.voidtype.VoidReturn'>, None, <pybindgen.typehandlers.ctypeparser.TypeTraits object at 0x7fca1c9d1160>))
DEBUG:pybindgen.typehandlers:TypeMatcher.lookup('void')
DEBUG:pybindgen.typehandlers:try to lookup type handler for 'void' => success ((<class 'pybindgen.typehandlers.voidtype.VoidReturn'>, None, <pybindgen.typehandlers.ctypeparser.TypeTraits object at 0x7fca1c9d14e0>))
DEBUG:pybindgen.typehandlers:TypeMatcher.lookup('bool')
DEBUG:pybindgen.typehandlers:try to lookup type handler for 'bool' => success ((<class 'pybindgen.typehandlers.booltype.BoolReturn'>, None, <pybindgen.typehandlers.ctypeparser.TypeTraits object at 0x7fca1c9d1860>))
DEBUG:pybindgen.typehandlers:TypeMatcher.lookup('bool')
DEBUG:pybindgen.typehandlers:try to lookup type handler for 'bool' => success ((<class 'pybindgen.typehandlers.booltype.BoolReturn'>, None, <pybindgen.typehandlers.ctypeparser.TypeTraits object at 0x7fca1c9d1be0>))
DEBUG:pybindgen.typehandlers:TypeMatcher.lookup('void')
DEBUG:pybindgen.typehandlers:try to lookup type handler for 'void' => success ((<class 'pybindgen.typehandlers.voidtype.VoidReturn'>, None, <pybindgen.typehandlers.ctypeparser.TypeTraits object at 0x7fca1c9d1f60>))
DEBUG:pybindgen.typehandlers:TypeMatcher.lookup('bool')
DEBUG:pybindgen.typehandlers:try to lookup type handler for 'bool' => success ((<class 'pybindgen.typehandlers.booltype.BoolParam'>, None, <pybindgen.typehandlers.ctypeparser.TypeTraits object at 0x7fca1c9da0f0>))
DEBUG:pybindgen.typehandlers:TypeMatcher.lookup('void')
DEBUG:pybindgen.typehandlers:try to lookup type handler for 'void' => success ((<class 'pybindgen.typehandlers.voidtype.VoidReturn'>, None, <pybindgen.typehandlers.ctypeparser.TypeTraits object at 0x7fca1c9da438>))
DEBUG:pybindgen.typehandlers:TypeMatcher.lookup('bool')
DEBUG:pybindgen.typehandlers:try to lookup type handler for 'bool' => success ((<class 'pybindgen.typehandlers.booltype.BoolParam'>, None, <pybindgen.typehandlers.ctypeparser.TypeTraits object at 0x7fca1c9da588>))
DEBUG:pybindgen.typehandlers:TypeMatcher.lookup('ns3::Ipv4MaskChecker const &')
DEBUG:pybindgen.typehandlers:try to lookup type handler for 'ns3::Ipv4MaskChecker const &' => success ((<class 'pybindgen.cppclass.CppClass.__init__.<locals>.ThisClassRefParameter'>, None, <pybindgen.typehandlers.ctypeparser.TypeTraits object at 0x7fca1c9dab70>))
DEBUG:pybindgen.typehandlers:TypeMatcher.lookup('ns3::Ipv4Mask const &')
DEBUG:pybindgen.typehandlers:try to lookup type handler for 'ns3::Ipv4Mask const &' => success ((<class 'pybindgen.cppclass.CppClass.__init__.<locals>.ThisClassRefParameter'>, None, <pybindgen.typehandlers.ctypeparser.TypeTraits object at 0x7fca1c961208>))
DEBUG:pybindgen.typehandlers:TypeMatcher.lookup('ns3::Ipv4MaskValue const &')
DEBUG:pybindgen.typehandlers:try to lookup type handler for 'ns3::Ipv4MaskValue const &' => success ((<class 'pybindgen.cppclass.CppClass.__init__.<locals>.ThisClassRefParameter'>, None, <pybindgen.typehandlers.ctypeparser.TypeTraits object at 0x7fca1c9615f8>))
DEBUG:pybindgen.typehandlers:TypeMatcher.lookup('ns3::Ptr< ns3::AttributeValue >')
DEBUG:pybindgen.typehandlers:try to lookup type handler for 'ns3::Ptr< ns3::AttributeValue >' => failure
DEBUG:pybindgen.typehandlers:try to lookup type handler for 'ns3::AttributeValue *' => success ((<class 'pybindgen.cppclass.MemoryPolicy.register_ptr_parameter_and_return.<locals>.ThisClassPtrReturn'>, <ns3modulegen_core_customizations.SmartPointerTransformation object at 0x7fca1d6d7048>, <pybindgen.typehandlers.ctypeparser.TypeTraits object at 0x7fca1c961be0>))
DEBUG:pybindgen.typehandlers:TypeMatcher.lookup('bool')
DEBUG:pybindgen.typehandlers:try to lookup type handler for 'bool' => success ((<class 'pybindgen.typehandlers.booltype.BoolReturn'>, None, <pybindgen.typehandlers.ctypeparser.TypeTraits object at 0x7fca1c961e48>))
DEBUG:pybindgen.typehandlers:TypeMatcher.lookup('std::string')
DEBUG:pybindgen.typehandlers:try to lookup type handler for 'std::string' => success ((<class 'pybindgen.typehandlers.stringtype.StdStringParam'>, None, <pybindgen.typehandlers.ctypeparser.TypeTraits object at 0x7fca1c961f98>))
DEBUG:pybindgen.typehandlers:TypeMatcher.lookup('ns3::Ptr< ns3::AttributeChecker const >')
DEBUG:pybindgen.typehandlers:try to lookup type handler for 'ns3::Ptr< ns3::AttributeChecker const >' => failure
DEBUG:pybindgen.typehandlers:try to lookup type handler for 'ns3::AttributeChecker *' => success ((<class 'pybindgen.cppclass.MemoryPolicy.register_ptr_parameter_and_return.<locals>.ThisClassPtrParameter'>, <ns3modulegen_core_customizations.SmartPointerTransformation object at 0x7fca1d6d7048>, <pybindgen.typehandlers.ctypeparser.TypeTraits object at 0x7fca1c96a320>))
DEBUG:pybindgen.typehandlers:TypeMatcher.lookup('ns3::Ipv4Mask')
DEBUG:pybindgen.typehandlers:try to lookup type handler for 'ns3::Ipv4Mask' => success ((<class 'pybindgen.cppclass.CppClass.__init__.<locals>.ThisClassReturn'>, None, <pybindgen.typehandlers.ctypeparser.TypeTraits object at 0x7fca1c96a588>))
DEBUG:pybindgen.typehandlers:TypeMatcher.lookup('std::string')
DEBUG:pybindgen.typehandlers:try to lookup type handler for 'std::string' => success ((<class 'pybindgen.typehandlers.stringtype.StdStringReturn'>, None, <pybindgen.typehandlers.ctypeparser.TypeTraits object at 0x7fca1c96a908>))
DEBUG:pybindgen.typehandlers:TypeMatcher.lookup('ns3::Ptr< ns3::AttributeChecker const >')
DEBUG:pybindgen.typehandlers:try to lookup type handler for 'ns3::Ptr< ns3::AttributeChecker const >' => failure
DEBUG:pybindgen.typehandlers:try to lookup type handler for 'ns3::AttributeChecker *' => success ((<class 'pybindgen.cppclass.MemoryPolicy.register_ptr_parameter_and_return.<locals>.ThisClassPtrParameter'>, <ns3modulegen_core_customizations.SmartPointerTransformation object at 0x7fca1d6d7048>, <pybindgen.typehandlers.ctypeparser.TypeTraits object at 0x7fca1c96ac88>))
DEBUG:pybindgen.typehandlers:TypeMatcher.lookup('void')
DEBUG:pybindgen.typehandlers:try to lookup type handler for 'void' => success ((<class 'pybindgen.typehandlers.voidtype.VoidReturn'>, None, <pybindgen.typehandlers.ctypeparser.TypeTraits object at 0x7fca1c96aef0>))
DEBUG:pybindgen.typehandlers:TypeMatcher.lookup('ns3::Ipv4Mask const &')
DEBUG:pybindgen.typehandlers:try to lookup type handler for 'ns3::Ipv4Mask const &' => success ((<class 'pybindgen.cppclass.CppClass.__init__.<locals>.ThisClassRefParameter'>, None, <pybindgen.typehandlers.ctypeparser.TypeTraits object at 0x7fca1c971080>))
DEBUG:pybindgen.typehandlers:TypeMatcher.lookup('ns3::Ipv4MulticastRoute const &')
DEBUG:pybindgen.typehandlers:try to lookup type handler for 'ns3::Ipv4MulticastRoute const &' => success ((<class 'pybindgen.cppclass.CppClass.__init__.<locals>.ThisClassRefParameter'>, None, <pybindgen.typehandlers.ctypeparser.TypeTraits object at 0x7fca1c9714a8>))
DEBUG:pybindgen.typehandlers:TypeMatcher.lookup('ns3::Ipv4Address')
DEBUG:pybindgen.typehandlers:try to lookup type handler for 'ns3::Ipv4Address' => success ((<class 'pybindgen.cppclass.CppClass.__init__.<locals>.ThisClassReturn'>, None, <pybindgen.typehandlers.ctypeparser.TypeTraits object at 0x7fca1c971ac8>))
DEBUG:pybindgen.typehandlers:TypeMatcher.lookup('ns3::Ipv4Address')
DEBUG:pybindgen.typehandlers:try to lookup type handler for 'ns3::Ipv4Address' => success ((<class 'pybindgen.cppclass.CppClass.__init__.<locals>.ThisClassReturn'>, None, <pybindgen.typehandlers.ctypeparser.TypeTraits object at 0x7fca1c971e48>))
DEBUG:pybindgen.typehandlers:TypeMatcher.lookup('std::map< unsigned int, unsigned int >')
DEBUG:pybindgen.typehandlers:try to lookup type handler for 'std::map< unsigned int, unsigned int >' => success ((<class 'pybindgen.container.Container.__init__.<locals>.ThisContainerReturn'>, None, <pybindgen.typehandlers.ctypeparser.TypeTraits object at 0x7fca1c978208>))
DEBUG:pybindgen.typehandlers:TypeMatcher.lookup('uint32_t')
DEBUG:pybindgen.typehandlers:try to lookup type handler for 'uint32_t' => success ((<class 'pybindgen.typehandlers.inttype.UnsignedIntReturn'>, None, <pybindgen.typehandlers.ctypeparser.TypeTraits object at 0x7fca1c978780>))
DEBUG:pybindgen.typehandlers:TypeMatcher.lookup('void')
DEBUG:pybindgen.typehandlers:try to lookup type handler for 'void' => success ((<class 'pybindgen.typehandlers.voidtype.VoidReturn'>, None, <pybindgen.typehandlers.ctypeparser.TypeTraits object at 0x7fca1c978b00>))
DEBUG:pybindgen.typehandlers:TypeMatcher.lookup('ns3::Ipv4Address const')
DEBUG:pybindgen.typehandlers:try to lookup type handler for 'ns3::Ipv4Address const' => success ((<class 'pybindgen.cppclass.CppClass.__init__.<locals>.ThisClassParameter'>, None, <pybindgen.typehandlers.ctypeparser.TypeTraits object at 0x7fca1c978c50>))
DEBUG:pybindgen.typehandlers:TypeMatcher.lookup('void')
DEBUG:pybindgen.typehandlers:try to lookup type handler for 'void' => success ((<class 'pybindgen.typehandlers.voidtype.VoidReturn'>, None, <pybindgen.typehandlers.ctypeparser.TypeTraits object at 0x7fca1c980048>))
DEBUG:pybindgen.typehandlers:TypeMatcher.lookup('ns3::Ipv4Address const')
DEBUG:pybindgen.typehandlers:try to lookup type handler for 'ns3::Ipv4Address const' => success ((<class 'pybindgen.cppclass.CppClass.__init__.<locals>.ThisClassParameter'>, None, <pybindgen.typehandlers.ctypeparser.TypeTraits object at 0x7fca1c980198>))
DEBUG:pybindgen.typehandlers:TypeMatcher.lookup('void')
DEBUG:pybindgen.typehandlers:try to lookup type handler for 'void' => success ((<class 'pybindgen.typehandlers.voidtype.VoidReturn'>, None, <pybindgen.typehandlers.ctypeparser.TypeTraits object at 0x7fca1c980550>))
DEBUG:pybindgen.typehandlers:TypeMatcher.lookup('uint32_t')
DEBUG:pybindgen.typehandlers:try to lookup type handler for 'uint32_t' => success ((<class 'pybindgen.typehandlers.inttype.UnsignedIntParam'>, None, <pybindgen.typehandlers.ctypeparser.TypeTraits object at 0x7fca1c9806a0>))
DEBUG:pybindgen.typehandlers:TypeMatcher.lookup('uint32_t')
DEBUG:pybindgen.typehandlers:try to lookup type handler for 'uint32_t' => success ((<class 'pybindgen.typehandlers.inttype.UnsignedIntParam'>, None, <pybindgen.typehandlers.ctypeparser.TypeTraits object at 0x7fca1c980748>))
DEBUG:pybindgen.typehandlers:TypeMatcher.lookup('void')
DEBUG:pybindgen.typehandlers:try to lookup type handler for 'void' => success ((<class 'pybindgen.typehandlers.voidtype.VoidReturn'>, None, <pybindgen.typehandlers.ctypeparser.TypeTraits object at 0x7fca1c980ac8>))
DEBUG:pybindgen.typehandlers:TypeMatcher.lookup('uint32_t')
DEBUG:pybindgen.typehandlers:try to lookup type handler for 'uint32_t' => success ((<class 'pybindgen.typehandlers.inttype.UnsignedIntParam'>, None, <pybindgen.typehandlers.ctypeparser.TypeTraits object at 0x7fca1c980c18>))
DEBUG:pybindgen.typehandlers:TypeMatcher.lookup('uint32_t const')
DEBUG:pybindgen.typehandlers:try to lookup type handler for 'uint32_t const' => success ((<class 'pybindgen.typehandlers.inttype.UnsignedIntReturn'>, None, <pybindgen.typehandlers.ctypeparser.TypeTraits object at 0x7fca1c980f28>))
DEBUG:pybindgen.typehandlers:TypeMatcher.lookup('uint32_t const')
DEBUG:pybindgen.typehandlers:try to lookup type handler for 'uint32_t const' => success ((<class 'pybindgen.typehandlers.inttype.UnsignedIntReturn'>, None, <pybindgen.typehandlers.ctypeparser.TypeTraits object at 0x7fca1c986320>))
DEBUG:pybindgen.typehandlers:TypeMatcher.lookup('ns3::Ipv4Route const &')
DEBUG:pybindgen.typehandlers:try to lookup type handler for 'ns3::Ipv4Route const &' => success ((<class 'pybindgen.cppclass.CppClass.__init__.<locals>.ThisClassRefParameter'>, None, <pybindgen.typehandlers.ctypeparser.TypeTraits object at 0x7fca1c986748>))
DEBUG:pybindgen.typehandlers:TypeMatcher.lookup('ns3::Ipv4Address')
DEBUG:pybindgen.typehandlers:try to lookup type handler for 'ns3::Ipv4Address' => success ((<class 'pybindgen.cppclass.CppClass.__init__.<locals>.ThisClassReturn'>, None, <pybindgen.typehandlers.ctypeparser.TypeTraits object at 0x7fca1c986d68>))
DEBUG:pybindgen.typehandlers:TypeMatcher.lookup('ns3::Ipv4Address')
DEBUG:pybindgen.typehandlers:try to lookup type handler for 'ns3::Ipv4Address' => success ((<class 'pybindgen.cppclass.CppClass.__init__.<locals>.ThisClassReturn'>, None, <pybindgen.typehandlers.ctypeparser.TypeTraits object at 0x7fca1c98c128>))
DEBUG:pybindgen.typehandlers:TypeMatcher.lookup('ns3::Ptr< ns3::NetDevice >')
DEBUG:pybindgen.typehandlers:try to lookup type handler for 'ns3::Ptr< ns3::NetDevice >' => failure
DEBUG:pybindgen.typehandlers:try to lookup type handler for 'ns3::NetDevice *' => success ((<class 'pybindgen.cppclass.MemoryPolicy.register_ptr_parameter_and_return.<locals>.ThisClassPtrReturn'>, <ns3modulegen_core_customizations.SmartPointerTransformation object at 0x7fca1d6d7048>, <pybindgen.typehandlers.ctypeparser.TypeTraits object at 0x7fca1c98c6d8>))
DEBUG:pybindgen.typehandlers:TypeMatcher.lookup('ns3::Ipv4Address')
DEBUG:pybindgen.typehandlers:try to lookup type handler for 'ns3::Ipv4Address' => success ((<class 'pybindgen.cppclass.CppClass.__init__.<locals>.ThisClassReturn'>, None, <pybindgen.typehandlers.ctypeparser.TypeTraits object at 0x7fca1c98c940>))
DEBUG:pybindgen.typehandlers:TypeMatcher.lookup('void')
DEBUG:pybindgen.typehandlers:try to lookup type handler for 'void' => success ((<class 'pybindgen.typehandlers.voidtype.VoidReturn'>, None, <pybindgen.typehandlers.ctypeparser.TypeTraits object at 0x7fca1c98ccc0>))
DEBUG:pybindgen.typehandlers:TypeMatcher.lookup('ns3::Ipv4Address')
DEBUG:pybindgen.typehandlers:try to lookup type handler for 'ns3::Ipv4Address' => success ((<class 'pybindgen.cppclass.CppClass.__init__.<locals>.ThisClassParameter'>, None, <pybindgen.typehandlers.ctypeparser.TypeTraits object at 0x7fca1c98ce10>))
DEBUG:pybindgen.typehandlers:TypeMatcher.lookup('void')
DEBUG:pybindgen.typehandlers:try to lookup type handler for 'void' => success ((<class 'pybindgen.typehandlers.voidtype.VoidReturn'>, None, <pybindgen.typehandlers.ctypeparser.TypeTraits object at 0x7fca1c996198>))
DEBUG:pybindgen.typehandlers:TypeMatcher.lookup('ns3::Ipv4Address')
DEBUG:pybindgen.typehandlers:try to lookup type handler for 'ns3::Ipv4Address' => success ((<class 'pybindgen.cppclass.CppClass.__init__.<locals>.ThisClassParameter'>, None, <pybindgen.typehandlers.ctypeparser.TypeTraits object at 0x7fca1c9962e8>))
DEBUG:pybindgen.typehandlers:TypeMatcher.lookup('void')
DEBUG:pybindgen.typehandlers:try to lookup type handler for 'void' => success ((<class 'pybindgen.typehandlers.voidtype.VoidReturn'>, None, <pybindgen.typehandlers.ctypeparser.TypeTraits object at 0x7fca1c996630>))
DEBUG:pybindgen.typehandlers:TypeMatcher.lookup('ns3::Ptr< ns3::NetDevice >')
DEBUG:pybindgen.typehandlers:try to lookup type handler for 'ns3::Ptr< ns3::NetDevice >' => failure
DEBUG:pybindgen.typehandlers:try to lookup type handler for 'ns3::NetDevice *' => success ((<class 'pybindgen.cppclass.MemoryPolicy.register_ptr_parameter_and_return.<locals>.ThisClassPtrParameter'>, <ns3modulegen_core_customizations.SmartPointerTransformation object at 0x7fca1d6d7048>, <pybindgen.typehandlers.ctypeparser.TypeTraits object at 0x7fca1c9969b0>))
DEBUG:pybindgen.typehandlers:TypeMatcher.lookup('void')
DEBUG:pybindgen.typehandlers:try to lookup type handler for 'void' => success ((<class 'pybindgen.typehandlers.voidtype.VoidReturn'>, None, <pybindgen.typehandlers.ctypeparser.TypeTraits object at 0x7fca1c996be0>))
DEBUG:pybindgen.typehandlers:TypeMatcher.lookup('ns3::Ipv4Address')
DEBUG:pybindgen.typehandlers:try to lookup type handler for 'ns3::Ipv4Address' => success ((<class 'pybindgen.cppclass.CppClass.__init__.<locals>.ThisClassParameter'>, None, <pybindgen.typehandlers.ctypeparser.TypeTraits object at 0x7fca1c996d30>))
DEBUG:pybindgen.typehandlers:TypeMatcher.lookup('ns3::Ipv4RoutingProtocol const &')
DEBUG:pybindgen.typehandlers:try to lookup type handler for 'ns3::Ipv4RoutingProtocol const &' => success ((<class 'pybindgen.cppclass.CppClass.__init__.<locals>.ThisClassRefParameter'>, None, <pybindgen.typehandlers.ctypeparser.TypeTraits object at 0x7fca1c99c358>))
DEBUG:pybindgen.typehandlers:TypeMatcher.lookup('ns3::TypeId')
DEBUG:pybindgen.typehandlers:try to lookup type handler for 'ns3::TypeId' => success ((<class 'pybindgen.cppclass.CppClass.__init__.<locals>.ThisClassReturn'>, None, <pybindgen.typehandlers.ctypeparser.TypeTraits object at 0x7fca1c99c710>))
DEBUG:pybindgen.typehandlers:TypeMatcher.lookup('void')
DEBUG:pybindgen.typehandlers:try to lookup type handler for 'void' => success ((<class 'pybindgen.typehandlers.voidtype.VoidReturn'>, None, <pybindgen.typehandlers.ctypeparser.TypeTraits object at 0x7fca1c99ca90>))
DEBUG:pybindgen.typehandlers:TypeMatcher.lookup('uint32_t')
DEBUG:pybindgen.typehandlers:try to lookup type handler for 'uint32_t' => success ((<class 'pybindgen.typehandlers.inttype.UnsignedIntParam'>, None, <pybindgen.typehandlers.ctypeparser.TypeTraits object at 0x7fca1c99cbe0>))
DEBUG:pybindgen.typehandlers:TypeMatcher.lookup('ns3::Ipv4InterfaceAddress')
DEBUG:pybindgen.typehandlers:try to lookup type handler for 'ns3::Ipv4InterfaceAddress' => success ((<class 'pybindgen.cppclass.CppClass.__init__.<locals>.ThisClassParameter'>, None, <pybindgen.typehandlers.ctypeparser.TypeTraits object at 0x7fca1c99cc88>))
DEBUG:pybindgen.typehandlers:TypeMatcher.lookup('void')
DEBUG:pybindgen.typehandlers:try to lookup type handler for 'void' => success ((<class 'pybindgen.typehandlers.voidtype.VoidReturn'>, None, <pybindgen.typehandlers.ctypeparser.TypeTraits object at 0x7fca1c925278>))
DEBUG:pybindgen.typehandlers:TypeMatcher.lookup('uint32_t')
DEBUG:pybindgen.typehandlers:try to lookup type handler for 'uint32_t' => success ((<class 'pybindgen.typehandlers.inttype.UnsignedIntParam'>, None, <pybindgen.typehandlers.ctypeparser.TypeTraits object at 0x7fca1c9253c8>))
DEBUG:pybindgen.typehandlers:TypeMatcher.lookup('void')
DEBUG:pybindgen.typehandlers:try to lookup type handler for 'void' => success ((<class 'pybindgen.typehandlers.voidtype.VoidReturn'>, None, <pybindgen.typehandlers.ctypeparser.TypeTraits object at 0x7fca1c925908>))
DEBUG:pybindgen.typehandlers:TypeMatcher.lookup('uint32_t')
DEBUG:pybindgen.typehandlers:try to lookup type handler for 'uint32_t' => success ((<class 'pybindgen.typehandlers.inttype.UnsignedIntParam'>, None, <pybindgen.typehandlers.ctypeparser.TypeTraits object at 0x7fca1c925a58>))
DEBUG:pybindgen.typehandlers:TypeMatcher.lookup('void')
DEBUG:pybindgen.typehandlers:try to lookup type handler for 'void' => success ((<class 'pybindgen.typehandlers.voidtype.VoidReturn'>, None, <pybindgen.typehandlers.ctypeparser.TypeTraits object at 0x7fca1c925f98>))
DEBUG:pybindgen.typehandlers:TypeMatcher.lookup('uint32_t')
DEBUG:pybindgen.typehandlers:try to lookup type handler for 'uint32_t' => success ((<class 'pybindgen.typehandlers.inttype.UnsignedIntParam'>, None, <pybindgen.typehandlers.ctypeparser.TypeTraits object at 0x7fca1c92d128>))
DEBUG:pybindgen.typehandlers:TypeMatcher.lookup('ns3::Ipv4InterfaceAddress')
DEBUG:pybindgen.typehandlers:try to lookup type handler for 'ns3::Ipv4InterfaceAddress' => success ((<class 'pybindgen.cppclass.CppClass.__init__.<locals>.ThisClassParameter'>, None, <pybindgen.typehandlers.ctypeparser.TypeTraits object at 0x7fca1c92d1d0>))
DEBUG:pybindgen.typehandlers:TypeMatcher.lookup('void')
DEBUG:pybindgen.typehandlers:try to lookup type handler for 'void' => success ((<class 'pybindgen.typehandlers.voidtype.VoidReturn'>, None, <pybindgen.typehandlers.ctypeparser.TypeTraits object at 0x7fca1c92d748>))
DEBUG:pybindgen.typehandlers:TypeMatcher.lookup('ns3::Ptr< ns3::OutputStreamWrapper >')
DEBUG:pybindgen.typehandlers:try to lookup type handler for 'ns3::Ptr< ns3::OutputStreamWrapper >' => failure
DEBUG:pybindgen.typehandlers:try to lookup type handler for 'ns3::OutputStreamWrapper *' => success ((<class 'pybindgen.cppclass.MemoryPolicy.register_ptr_parameter_and_return.<locals>.ThisClassPtrParameter'>, <ns3modulegen_core_customizations.SmartPointerTransformation object at 0x7fca1d6d7048>, <pybindgen.typehandlers.ctypeparser.TypeTraits object at 0x7fca1c92dac8>))
DEBUG:pybindgen.typehandlers:TypeMatcher.lookup('ns3::Time::Unit')
DEBUG:pybindgen.typehandlers:try to lookup type handler for 'ns3::Time::Unit' => success ((<class 'pybindgen.enum.Enum.set_module.<locals>.ThisEnumParameter'>, None, <pybindgen.typehandlers.ctypeparser.TypeTraits object at 0x7fca1c92dac8>))
DEBUG:pybindgen.typehandlers:TypeMatcher.lookup('bool')
DEBUG:pybindgen.typehandlers:try to lookup type handler for 'bool' => success ((<class 'pybindgen.typehandlers.booltype.BoolReturn'>, None, <pybindgen.typehandlers.ctypeparser.TypeTraits object at 0x7fca1c935048>))
DEBUG:pybindgen.typehandlers:TypeMatcher.lookup('ns3::Ptr< ns3::Packet const >')
DEBUG:pybindgen.typehandlers:try to lookup type handler for 'ns3::Ptr< ns3::Packet const >' => failure
DEBUG:pybindgen.typehandlers:try to lookup type handler for 'ns3::Packet *' => success ((<class 'pybindgen.cppclass.MemoryPolicy.register_ptr_parameter_and_return.<locals>.ThisClassPtrParameter'>, <ns3modulegen_core_customizations.SmartPointerTransformation object at 0x7fca1d6d7048>, <pybindgen.typehandlers.ctypeparser.TypeTraits object at 0x7fca1c935400>))
DEBUG:pybindgen.typehandlers:TypeMatcher.lookup('ns3::Ipv4Header const &')
DEBUG:pybindgen.typehandlers:try to lookup type handler for 'ns3::Ipv4Header const &' => success ((<class 'pybindgen.cppclass.CppClass.__init__.<locals>.ThisClassRefParameter'>, None, <pybindgen.typehandlers.ctypeparser.TypeTraits object at 0x7fca1c935400>))
DEBUG:pybindgen.typehandlers:TypeMatcher.lookup('ns3::Ptr< ns3::NetDevice const >')
DEBUG:pybindgen.typehandlers:try to lookup type handler for 'ns3::Ptr< ns3::NetDevice const >' => failure
DEBUG:pybindgen.typehandlers:try to lookup type handler for 'ns3::NetDevice *' => success ((<class 'pybindgen.cppclass.MemoryPolicy.register_ptr_parameter_and_return.<locals>.ThisClassPtrParameter'>, <ns3modulegen_core_customizations.SmartPointerTransformation object at 0x7fca1d6d7048>, <pybindgen.typehandlers.ctypeparser.TypeTraits object at 0x7fca1c9357f0>))
DEBUG:pybindgen.typehandlers:TypeMatcher.lookup('ns3::Callback< void, ns3::Ptr< ns3::Ipv4Route >, ns3::Ptr< ns3::Packet const >, ns3::Ipv4Header const &, ns3::empty, ns3::empty, ns3::empty, ns3::empty, ns3::empty, ns3::empty >')
DEBUG:pybindgen.typehandlers:try to lookup type handler for 'ns3::Callback< void, ns3::Ptr< ns3::Ipv4Route >, ns3::Ptr< ns3::Packet const >, ns3::Ipv4Header const &, ns3::empty, ns3::empty, ns3::empty, ns3::empty, ns3::empty, ns3::empty >' => success ((<class 'ns3modulegen_core_customizations.register_callback_classes.<locals>.PythonCallbackParameter'>, None, <pybindgen.typehandlers.ctypeparser.TypeTraits object at 0x7fca1c9357f0>))
DEBUG:pybindgen.typehandlers:TypeMatcher.lookup('ns3::Callback< void, ns3::Ptr< ns3::Ipv4MulticastRoute >, ns3::Ptr< ns3::Packet const >, ns3::Ipv4Header const &, ns3::empty, ns3::empty, ns3::empty, ns3::empty, ns3::empty, ns3::empty >')
DEBUG:pybindgen.typehandlers:try to lookup type handler for 'ns3::Callback< void, ns3::Ptr< ns3::Ipv4MulticastRoute >, ns3::Ptr< ns3::Packet const >, ns3::Ipv4Header const &, ns3::empty, ns3::empty, ns3::empty, ns3::empty, ns3::empty, ns3::empty >' => failure
'ns3::Callback< void, ns3::Ptr< ns3::Ipv4MulticastRoute >, ns3::Ptr< ns3::Packet const >, ns3::Ipv4Header const &, ns3::empty, ns3::empty, ns3::empty, ns3::empty, ns3::empty, ns3::empty >' did not match
/home/imran/ns-allinone-3.36.1/ns-3.36.1/src/dsdv/bindings/modulegen__gcc_LP64.py:6256: Warning: exception TypeLookupError(['ns3::Callback< void, ns3::Ptr< ns3::Ipv4MulticastRoute >, ns3::Ptr< ns3::Packet const >, ns3::Ipv4Header const &, ns3::empty, ns3::empty, ns3::empty, ns3::empty, ns3::empty, ns3::empty >'],) in wrapper public: virtual retval? ???::RouteInput (params?) = 0;
  is_pure_virtual=True, is_virtual=True)
DEBUG:pybindgen.typehandlers:TypeMatcher.lookup('ns3::Ptr< ns3::Ipv4Route >')
DEBUG:pybindgen.typehandlers:try to lookup type handler for 'ns3::Ptr< ns3::Ipv4Route >' => failure
DEBUG:pybindgen.typehandlers:try to lookup type handler for 'ns3::Ipv4Route *' => success ((<class 'pybindgen.cppclass.MemoryPolicy.register_ptr_parameter_and_return.<locals>.ThisClassPtrReturn'>, <ns3modulegen_core_customizations.SmartPointerTransformation object at 0x7fca1d6d7048>, <pybindgen.typehandlers.ctypeparser.TypeTraits object at 0x7fca1c944630>))
DEBUG:pybindgen.typehandlers:TypeMatcher.lookup('ns3::Ptr< ns3::Packet >')
DEBUG:pybindgen.typehandlers:try to lookup type handler for 'ns3::Ptr< ns3::Packet >' => failure
DEBUG:pybindgen.typehandlers:try to lookup type handler for 'ns3::Packet *' => success ((<class 'pybindgen.cppclass.MemoryPolicy.register_ptr_parameter_and_return.<locals>.ThisClassPtrParameter'>, <ns3modulegen_core_customizations.SmartPointerTransformation object at 0x7fca1d6d7048>, <pybindgen.typehandlers.ctypeparser.TypeTraits object at 0x7fca1c944860>))
DEBUG:pybindgen.typehandlers:TypeMatcher.lookup('ns3::Ipv4Header const &')
DEBUG:pybindgen.typehandlers:try to lookup type handler for 'ns3::Ipv4Header const &' => success ((<class 'pybindgen.cppclass.CppClass.__init__.<locals>.ThisClassRefParameter'>, None, <pybindgen.typehandlers.ctypeparser.TypeTraits object at 0x7fca1c944860>))
DEBUG:pybindgen.typehandlers:TypeMatcher.lookup('ns3::Ptr< ns3::NetDevice >')
DEBUG:pybindgen.typehandlers:try to lookup type handler for 'ns3::Ptr< ns3::NetDevice >' => failure
DEBUG:pybindgen.typehandlers:try to lookup type handler for 'ns3::NetDevice *' => success ((<class 'pybindgen.cppclass.MemoryPolicy.register_ptr_parameter_and_return.<locals>.ThisClassPtrParameter'>, <ns3modulegen_core_customizations.SmartPointerTransformation object at 0x7fca1d6d7048>, <pybindgen.typehandlers.ctypeparser.TypeTraits object at 0x7fca1c944be0>))
DEBUG:pybindgen.typehandlers:TypeMatcher.lookup('ns3::Socket::SocketErrno &')
DEBUG:pybindgen.typehandlers:try to lookup type handler for 'ns3::Socket::SocketErrno &' => success ((<class 'pybindgen.enum.Enum.set_module.<locals>.ThisEnumRefParameter'>, None, <pybindgen.typehandlers.ctypeparser.TypeTraits object at 0x7fca1c944be0>))
DEBUG:pybindgen.typehandlers:TypeMatcher.lookup('void')
DEBUG:pybindgen.typehandlers:try to lookup type handler for 'void' => success ((<class 'pybindgen.typehandlers.voidtype.VoidReturn'>, None, <pybindgen.typehandlers.ctypeparser.TypeTraits object at 0x7fca1c944f28>))
DEBUG:pybindgen.typehandlers:TypeMatcher.lookup('ns3::Ptr< ns3::Ipv4 >')
DEBUG:pybindgen.typehandlers:try to lookup type handler for 'ns3::Ptr< ns3::Ipv4 >' => failure
DEBUG:pybindgen.typehandlers:try to lookup type handler for 'ns3::Ipv4 *' => success ((<class 'pybindgen.cppclass.MemoryPolicy.register_ptr_parameter_and_return.<locals>.ThisClassPtrParameter'>, <ns3modulegen_core_customizations.SmartPointerTransformation object at 0x7fca1d6d7048>, <pybindgen.typehandlers.ctypeparser.TypeTraits object at 0x7fca1c94a2e8>))
DEBUG:pybindgen.typehandlers:TypeMatcher.lookup('ns3::Ipv6AddressChecker const &')
DEBUG:pybindgen.typehandlers:try to lookup type handler for 'ns3::Ipv6AddressChecker const &' => success ((<class 'pybindgen.cppclass.CppClass.__init__.<locals>.ThisClassRefParameter'>, None, <pybindgen.typehandlers.ctypeparser.TypeTraits object at 0x7fca1c94a7b8>))
DEBUG:pybindgen.typehandlers:TypeMatcher.lookup('ns3::Ipv6Address const &')
DEBUG:pybindgen.typehandlers:try to lookup type handler for 'ns3::Ipv6Address const &' => success ((<class 'pybindgen.cppclass.CppClass.__init__.<locals>.ThisClassRefParameter'>, None, <pybindgen.typehandlers.ctypeparser.TypeTraits object at 0x7fca1c94ae10>))
DEBUG:pybindgen.typehandlers:TypeMatcher.lookup('ns3::Ipv6AddressValue const &')
DEBUG:pybindgen.typehandlers:try to lookup type handler for 'ns3::Ipv6AddressValue const &' => success ((<class 'pybindgen.cppclass.CppClass.__init__.<locals>.ThisClassRefParameter'>, None, <pybindgen.typehandlers.ctypeparser.TypeTraits object at 0x7fca1c951240>))
DEBUG:pybindgen.typehandlers:TypeMatcher.lookup('ns3::Ptr< ns3::AttributeValue >')
DEBUG:pybindgen.typehandlers:try to lookup type handler for 'ns3::Ptr< ns3::AttributeValue >' => failure
DEBUG:pybindgen.typehandlers:try to lookup type handler for 'ns3::AttributeValue *' => success ((<class 'pybindgen.cppclass.MemoryPolicy.register_ptr_parameter_and_return.<locals>.ThisClassPtrReturn'>, <ns3modulegen_core_customizations.SmartPointerTransformation object at 0x7fca1d6d7048>, <pybindgen.typehandlers.ctypeparser.TypeTraits object at 0x7fca1c951828>))
DEBUG:pybindgen.typehandlers:TypeMatcher.lookup('bool')
DEBUG:pybindgen.typehandlers:try to lookup type handler for 'bool' => success ((<class 'pybindgen.typehandlers.booltype.BoolReturn'>, None, <pybindgen.typehandlers.ctypeparser.TypeTraits object at 0x7fca1c951a90>))
DEBUG:pybindgen.typehandlers:TypeMatcher.lookup('std::string')
DEBUG:pybindgen.typehandlers:try to lookup type handler for 'std::string' => success ((<class 'pybindgen.typehandlers.stringtype.StdStringParam'>, None, <pybindgen.typehandlers.ctypeparser.TypeTraits object at 0x7fca1c951be0>))
DEBUG:pybindgen.typehandlers:TypeMatcher.lookup('ns3::Ptr< ns3::AttributeChecker const >')
DEBUG:pybindgen.typehandlers:try to lookup type handler for 'ns3::Ptr< ns3::AttributeChecker const >' => failure
DEBUG:pybindgen.typehandlers:try to lookup type handler for 'ns3::AttributeChecker *' => success ((<class 'pybindgen.cppclass.MemoryPolicy.register_ptr_parameter_and_return.<locals>.ThisClassPtrParameter'>, <ns3modulegen_core_customizations.SmartPointerTransformation object at 0x7fca1d6d7048>, <pybindgen.typehandlers.ctypeparser.TypeTraits object at 0x7fca1c951f28>))
DEBUG:pybindgen.typehandlers:TypeMatcher.lookup('ns3::Ipv6Address')
DEBUG:pybindgen.typehandlers:try to lookup type handler for 'ns3::Ipv6Address' => success ((<class 'pybindgen.cppclass.CppClass.__init__.<locals>.ThisClassReturn'>, None, <pybindgen.typehandlers.ctypeparser.TypeTraits object at 0x7fca1c9591d0>))
DEBUG:pybindgen.typehandlers:TypeMatcher.lookup('std::string')
DEBUG:pybindgen.typehandlers:try to lookup type handler for 'std::string' => success ((<class 'pybindgen.typehandlers.stringtype.StdStringReturn'>, None, <pybindgen.typehandlers.ctypeparser.TypeTraits object at 0x7fca1c959550>))
DEBUG:pybindgen.typehandlers:TypeMatcher.lookup('ns3::Ptr< ns3::AttributeChecker const >')
DEBUG:pybindgen.typehandlers:try to lookup type handler for 'ns3::Ptr< ns3::AttributeChecker const >' => failure
DEBUG:pybindgen.typehandlers:try to lookup type handler for 'ns3::AttributeChecker *' => success ((<class 'pybindgen.cppclass.MemoryPolicy.register_ptr_parameter_and_return.<locals>.ThisClassPtrParameter'>, <ns3modulegen_core_customizations.SmartPointerTransformation object at 0x7fca1d6d7048>, <pybindgen.typehandlers.ctypeparser.TypeTraits object at 0x7fca1c9598d0>))
DEBUG:pybindgen.typehandlers:TypeMatcher.lookup('void')
DEBUG:pybindgen.typehandlers:try to lookup type handler for 'void' => success ((<class 'pybindgen.typehandlers.voidtype.VoidReturn'>, None, <pybindgen.typehandlers.ctypeparser.TypeTraits object at 0x7fca1c959b38>))
DEBUG:pybindgen.typehandlers:TypeMatcher.lookup('ns3::Ipv6Address const &')
DEBUG:pybindgen.typehandlers:try to lookup type handler for 'ns3::Ipv6Address const &' => success ((<class 'pybindgen.cppclass.CppClass.__init__.<locals>.ThisClassRefParameter'>, None, <pybindgen.typehandlers.ctypeparser.TypeTraits object at 0x7fca1c959c88>))
DEBUG:pybindgen.typehandlers:TypeMatcher.lookup('ns3::Ipv6PrefixChecker const &')
DEBUG:pybindgen.typehandlers:try to lookup type handler for 'ns3::Ipv6PrefixChecker const &' => success ((<class 'pybindgen.cppclass.CppClass.__init__.<locals>.ThisClassRefParameter'>, None, <pybindgen.typehandlers.ctypeparser.TypeTraits object at 0x7fca1c95f358>))
DEBUG:pybindgen.typehandlers:TypeMatcher.lookup('ns3::Ipv6Prefix const &')
DEBUG:pybindgen.typehandlers:try to lookup type handler for 'ns3::Ipv6Prefix const &' => success ((<class 'pybindgen.cppclass.CppClass.__init__.<locals>.ThisClassRefParameter'>, None, <pybindgen.typehandlers.ctypeparser.TypeTraits object at 0x7fca1c95f9b0>))
DEBUG:pybindgen.typehandlers:TypeMatcher.lookup('ns3::Ipv6PrefixValue const &')
DEBUG:pybindgen.typehandlers:try to lookup type handler for 'ns3::Ipv6PrefixValue const &' => success ((<class 'pybindgen.cppclass.CppClass.__init__.<locals>.ThisClassRefParameter'>, None, <pybindgen.typehandlers.ctypeparser.TypeTraits object at 0x7fca1c95fda0>))
DEBUG:pybindgen.typehandlers:TypeMatcher.lookup('ns3::Ptr< ns3::AttributeValue >')
DEBUG:pybindgen.typehandlers:try to lookup type handler for 'ns3::Ptr< ns3::AttributeValue >' => failure
DEBUG:pybindgen.typehandlers:try to lookup type handler for 'ns3::AttributeValue *' => success ((<class 'pybindgen.cppclass.MemoryPolicy.register_ptr_parameter_and_return.<locals>.ThisClassPtrReturn'>, <ns3modulegen_core_customizations.SmartPointerTransformation object at 0x7fca1d6d7048>, <pybindgen.typehandlers.ctypeparser.TypeTraits object at 0x7fca1c8a73c8>))
DEBUG:pybindgen.typehandlers:TypeMatcher.lookup('bool')
DEBUG:pybindgen.typehandlers:try to lookup type handler for 'bool' => success ((<class 'pybindgen.typehandlers.booltype.BoolReturn'>, None, <pybindgen.typehandlers.ctypeparser.TypeTraits object at 0x7fca1c8a7630>))
DEBUG:pybindgen.typehandlers:TypeMatcher.lookup('std::string')
DEBUG:pybindgen.typehandlers:try to lookup type handler for 'std::string' => success ((<class 'pybindgen.typehandlers.stringtype.StdStringParam'>, None, <pybindgen.typehandlers.ctypeparser.TypeTraits object at 0x7fca1c8a7780>))
DEBUG:pybindgen.typehandlers:TypeMatcher.lookup('ns3::Ptr< ns3::AttributeChecker const >')
DEBUG:pybindgen.typehandlers:try to lookup type handler for 'ns3::Ptr< ns3::AttributeChecker const >' => failure
DEBUG:pybindgen.typehandlers:try to lookup type handler for 'ns3::AttributeChecker *' => success ((<class 'pybindgen.cppclass.MemoryPolicy.register_ptr_parameter_and_return.<locals>.ThisClassPtrParameter'>, <ns3modulegen_core_customizations.SmartPointerTransformation object at 0x7fca1d6d7048>, <pybindgen.typehandlers.ctypeparser.TypeTraits object at 0x7fca1c8a7ac8>))
DEBUG:pybindgen.typehandlers:TypeMatcher.lookup('ns3::Ipv6Prefix')
DEBUG:pybindgen.typehandlers:try to lookup type handler for 'ns3::Ipv6Prefix' => success ((<class 'pybindgen.cppclass.CppClass.__init__.<locals>.ThisClassReturn'>, None, <pybindgen.typehandlers.ctypeparser.TypeTraits object at 0x7fca1c8a7d30>))
DEBUG:pybindgen.typehandlers:TypeMatcher.lookup('std::string')
DEBUG:pybindgen.typehandlers:try to lookup type handler for 'std::string' => success ((<class 'pybindgen.typehandlers.stringtype.StdStringReturn'>, None, <pybindgen.typehandlers.ctypeparser.TypeTraits object at 0x7fca1c8ae0f0>))
DEBUG:pybindgen.typehandlers:TypeMatcher.lookup('ns3::Ptr< ns3::AttributeChecker const >')
DEBUG:pybindgen.typehandlers:try to lookup type handler for 'ns3::Ptr< ns3::AttributeChecker const >' => failure
DEBUG:pybindgen.typehandlers:try to lookup type handler for 'ns3::AttributeChecker *' => success ((<class 'pybindgen.cppclass.MemoryPolicy.register_ptr_parameter_and_return.<locals>.ThisClassPtrParameter'>, <ns3modulegen_core_customizations.SmartPointerTransformation object at 0x7fca1d6d7048>, <pybindgen.typehandlers.ctypeparser.TypeTraits object at 0x7fca1c8ae470>))
DEBUG:pybindgen.typehandlers:TypeMatcher.lookup('void')
DEBUG:pybindgen.typehandlers:try to lookup type handler for 'void' => success ((<class 'pybindgen.typehandlers.voidtype.VoidReturn'>, None, <pybindgen.typehandlers.ctypeparser.TypeTraits object at 0x7fca1c8ae6d8>))
DEBUG:pybindgen.typehandlers:TypeMatcher.lookup('ns3::Ipv6Prefix const &')
DEBUG:pybindgen.typehandlers:try to lookup type handler for 'ns3::Ipv6Prefix const &' => success ((<class 'pybindgen.cppclass.CppClass.__init__.<locals>.ThisClassRefParameter'>, None, <pybindgen.typehandlers.ctypeparser.TypeTraits object at 0x7fca1c8ae828>))
DEBUG:pybindgen.typehandlers:TypeMatcher.lookup('ns3::TypeId')
DEBUG:pybindgen.typehandlers:try to lookup type handler for 'ns3::TypeId' => success ((<class 'pybindgen.cppclass.CppClass.__init__.<locals>.ThisClassReturn'>, None, <pybindgen.typehandlers.ctypeparser.TypeTraits object at 0x7fca1c8aec18>))
DEBUG:pybindgen.typehandlers:TypeMatcher.lookup('double')
DEBUG:pybindgen.typehandlers:try to lookup type handler for 'double' => success ((<class 'pybindgen.typehandlers.doubletype.DoubleReturn'>, None, <pybindgen.typehandlers.ctypeparser.TypeTraits object at 0x7fca1c8b5240>))
DEBUG:pybindgen.typehandlers:TypeMatcher.lookup('double')
DEBUG:pybindgen.typehandlers:try to lookup type handler for 'double' => success ((<class 'pybindgen.typehandlers.doubletype.DoubleReturn'>, None, <pybindgen.typehandlers.ctypeparser.TypeTraits object at 0x7fca1c8b55f8>))
DEBUG:pybindgen.typehandlers:TypeMatcher.lookup('double')
DEBUG:pybindgen.typehandlers:try to lookup type handler for 'double' => success ((<class 'pybindgen.typehandlers.doubletype.DoubleReturn'>, None, <pybindgen.typehandlers.ctypeparser.TypeTraits object at 0x7fca1c8b59b0>))
DEBUG:pybindgen.typehandlers:TypeMatcher.lookup('double')
DEBUG:pybindgen.typehandlers:try to lookup type handler for 'double' => success ((<class 'pybindgen.typehandlers.doubletype.DoubleParam'>, None, <pybindgen.typehandlers.ctypeparser.TypeTraits object at 0x7fca1c8b5b00>))
DEBUG:pybindgen.typehandlers:TypeMatcher.lookup('double')
DEBUG:pybindgen.typehandlers:try to lookup type handler for 'double' => success ((<class 'pybindgen.typehandlers.doubletype.DoubleParam'>, None, <pybindgen.typehandlers.ctypeparser.TypeTraits object at 0x7fca1c8b5be0>))
DEBUG:pybindgen.typehandlers:TypeMatcher.lookup('uint32_t')
DEBUG:pybindgen.typehandlers:try to lookup type handler for 'uint32_t' => success ((<class 'pybindgen.typehandlers.inttype.UnsignedIntReturn'>, None, <pybindgen.typehandlers.ctypeparser.TypeTraits object at 0x7fca1c8b5f98>))
DEBUG:pybindgen.typehandlers:TypeMatcher.lookup('uint32_t')
DEBUG:pybindgen.typehandlers:try to lookup type handler for 'uint32_t' => success ((<class 'pybindgen.typehandlers.inttype.UnsignedIntParam'>, None, <pybindgen.typehandlers.ctypeparser.TypeTraits object at 0x7fca1c8bd0f0>))
DEBUG:pybindgen.typehandlers:TypeMatcher.lookup('uint32_t')
DEBUG:pybindgen.typehandlers:try to lookup type handler for 'uint32_t' => success ((<class 'pybindgen.typehandlers.inttype.UnsignedIntParam'>, None, <pybindgen.typehandlers.ctypeparser.TypeTraits object at 0x7fca1c8bd198>))
DEBUG:pybindgen.typehandlers:TypeMatcher.lookup('double')
DEBUG:pybindgen.typehandlers:try to lookup type handler for 'double' => success ((<class 'pybindgen.typehandlers.doubletype.DoubleReturn'>, None, <pybindgen.typehandlers.ctypeparser.TypeTraits object at 0x7fca1c8bd518>))
DEBUG:pybindgen.typehandlers:TypeMatcher.lookup('uint32_t')
DEBUG:pybindgen.typehandlers:try to lookup type handler for 'uint32_t' => success ((<class 'pybindgen.typehandlers.inttype.UnsignedIntReturn'>, None, <pybindgen.typehandlers.ctypeparser.TypeTraits object at 0x7fca1c8bdac8>))
DEBUG:pybindgen.typehandlers:TypeMatcher.lookup('ns3::Mac48AddressChecker const &')
DEBUG:pybindgen.typehandlers:try to lookup type handler for 'ns3::Mac48AddressChecker const &' => success ((<class 'pybindgen.cppclass.CppClass.__init__.<locals>.ThisClassRefParameter'>, None, <pybindgen.typehandlers.ctypeparser.TypeTraits object at 0x7fca1c93b0f0>))
DEBUG:pybindgen.typehandlers:TypeMatcher.lookup('ns3::Mac48Address const &')
DEBUG:pybindgen.typehandlers:try to lookup type handler for 'ns3::Mac48Address const &' => success ((<class 'pybindgen.cppclass.CppClass.__init__.<locals>.ThisClassRefParameter'>, None, <pybindgen.typehandlers.ctypeparser.TypeTraits object at 0x7fca1c93b780>))
DEBUG:pybindgen.typehandlers:TypeMatcher.lookup('ns3::Mac48AddressValue const &')
DEBUG:pybindgen.typehandlers:try to lookup type handler for 'ns3::Mac48AddressValue const &' => success ((<class 'pybindgen.cppclass.CppClass.__init__.<locals>.ThisClassRefParameter'>, None, <pybindgen.typehandlers.ctypeparser.TypeTraits object at 0x7fca1c9256d8>))
DEBUG:pybindgen.typehandlers:TypeMatcher.lookup('ns3::Ptr< ns3::AttributeValue >')
DEBUG:pybindgen.typehandlers:try to lookup type handler for 'ns3::Ptr< ns3::AttributeValue >' => failure
DEBUG:pybindgen.typehandlers:try to lookup type handler for 'ns3::AttributeValue *' => success ((<class 'pybindgen.cppclass.MemoryPolicy.register_ptr_parameter_and_return.<locals>.ThisClassPtrReturn'>, <ns3modulegen_core_customizations.SmartPointerTransformation object at 0x7fca1d6d7048>, <pybindgen.typehandlers.ctypeparser.TypeTraits object at 0x7fca1c92d5f8>))
DEBUG:pybindgen.typehandlers:TypeMatcher.lookup('bool')
DEBUG:pybindgen.typehandlers:try to lookup type handler for 'bool' => success ((<class 'pybindgen.typehandlers.booltype.BoolReturn'>, None, <pybindgen.typehandlers.ctypeparser.TypeTraits object at 0x7fca1c8c6208>))
DEBUG:pybindgen.typehandlers:TypeMatcher.lookup('std::string')
DEBUG:pybindgen.typehandlers:try to lookup type handler for 'std::string' => success ((<class 'pybindgen.typehandlers.stringtype.StdStringParam'>, None, <pybindgen.typehandlers.ctypeparser.TypeTraits object at 0x7fca1c8c6358>))
DEBUG:pybindgen.typehandlers:TypeMatcher.lookup('ns3::Ptr< ns3::AttributeChecker const >')
DEBUG:pybindgen.typehandlers:try to lookup type handler for 'ns3::Ptr< ns3::AttributeChecker const >' => failure
DEBUG:pybindgen.typehandlers:try to lookup type handler for 'ns3::AttributeChecker *' => success ((<class 'pybindgen.cppclass.MemoryPolicy.register_ptr_parameter_and_return.<locals>.ThisClassPtrParameter'>, <ns3modulegen_core_customizations.SmartPointerTransformation object at 0x7fca1d6d7048>, <pybindgen.typehandlers.ctypeparser.TypeTraits object at 0x7fca1c8c66a0>))
DEBUG:pybindgen.typehandlers:TypeMatcher.lookup('ns3::Mac48Address')
DEBUG:pybindgen.typehandlers:try to lookup type handler for 'ns3::Mac48Address' => success ((<class 'pybindgen.cppclass.CppClass.__init__.<locals>.ThisClassReturn'>, None, <pybindgen.typehandlers.ctypeparser.TypeTraits object at 0x7fca1c8c6908>))
DEBUG:pybindgen.typehandlers:TypeMatcher.lookup('std::string')
DEBUG:pybindgen.typehandlers:try to lookup type handler for 'std::string' => success ((<class 'pybindgen.typehandlers.stringtype.StdStringReturn'>, None, <pybindgen.typehandlers.ctypeparser.TypeTraits object at 0x7fca1c8c6c88>))
DEBUG:pybindgen.typehandlers:TypeMatcher.lookup('ns3::Ptr< ns3::AttributeChecker const >')
DEBUG:pybindgen.typehandlers:try to lookup type handler for 'ns3::Ptr< ns3::AttributeChecker const >' => failure
DEBUG:pybindgen.typehandlers:try to lookup type handler for 'ns3::AttributeChecker *' => success ((<class 'pybindgen.cppclass.MemoryPolicy.register_ptr_parameter_and_return.<locals>.ThisClassPtrParameter'>, <ns3modulegen_core_customizations.SmartPointerTransformation object at 0x7fca1d6d7048>, <pybindgen.typehandlers.ctypeparser.TypeTraits object at 0x7fca1c8cc048>))
DEBUG:pybindgen.typehandlers:TypeMatcher.lookup('void')
DEBUG:pybindgen.typehandlers:try to lookup type handler for 'void' => success ((<class 'pybindgen.typehandlers.voidtype.VoidReturn'>, None, <pybindgen.typehandlers.ctypeparser.TypeTraits object at 0x7fca1c8cc2b0>))
DEBUG:pybindgen.typehandlers:TypeMatcher.lookup('ns3::Mac48Address const &')
DEBUG:pybindgen.typehandlers:try to lookup type handler for 'ns3::Mac48Address const &' => success ((<class 'pybindgen.cppclass.CppClass.__init__.<locals>.ThisClassRefParameter'>, None, <pybindgen.typehandlers.ctypeparser.TypeTraits object at 0x7fca1c8cc400>))
DEBUG:pybindgen.typehandlers:TypeMatcher.lookup('ns3::NetDevice const &')
DEBUG:pybindgen.typehandlers:try to lookup type handler for 'ns3::NetDevice const &' => success ((<class 'pybindgen.cppclass.CppClass.__init__.<locals>.ThisClassRefParameter'>, None, <pybindgen.typehandlers.ctypeparser.TypeTraits object at 0x7fca1c8cca90>))
DEBUG:pybindgen.typehandlers:TypeMatcher.lookup('void')
DEBUG:pybindgen.typehandlers:try to lookup type handler for 'void' => success ((<class 'pybindgen.typehandlers.voidtype.VoidReturn'>, None, <pybindgen.typehandlers.ctypeparser.TypeTraits object at 0x7fca1c8cce48>))
DEBUG:pybindgen.typehandlers:TypeMatcher.lookup('ns3::Callback< void, ns3::empty, ns3::empty, ns3::empty, ns3::empty, ns3::empty, ns3::empty, ns3::empty, ns3::empty, ns3::empty >')
DEBUG:pybindgen.typehandlers:try to lookup type handler for 'ns3::Callback< void, ns3::empty, ns3::empty, ns3::empty, ns3::empty, ns3::empty, ns3::empty, ns3::empty, ns3::empty, ns3::empty >' => failure
'ns3::Callback< void, ns3::empty, ns3::empty, ns3::empty, ns3::empty, ns3::empty, ns3::empty, ns3::empty, ns3::empty, ns3::empty >' did not match
/home/imran/ns-allinone-3.36.1/ns-3.36.1/src/dsdv/bindings/modulegen__gcc_LP64.py:6436: Warning: exception TypeLookupError(['ns3::Callback< void, ns3::empty, ns3::empty, ns3::empty, ns3::empty, ns3::empty, ns3::empty, ns3::empty, ns3::empty, ns3::empty >'],) in wrapper public: virtual retval? ???::AddLinkChangeCallback (params?) = 0;
  is_pure_virtual=True, is_virtual=True)
DEBUG:pybindgen.typehandlers:TypeMatcher.lookup('ns3::Address')
DEBUG:pybindgen.typehandlers:try to lookup type handler for 'ns3::Address' => success ((<class 'pybindgen.cppclass.CppClass.__init__.<locals>.ThisClassReturn'>, None, <pybindgen.typehandlers.ctypeparser.TypeTraits object at 0x7fca1c8d3eb8>))
DEBUG:pybindgen.typehandlers:TypeMatcher.lookup('ns3::Address')
DEBUG:pybindgen.typehandlers:try to lookup type handler for 'ns3::Address' => success ((<class 'pybindgen.cppclass.CppClass.__init__.<locals>.ThisClassReturn'>, None, <pybindgen.typehandlers.ctypeparser.TypeTraits object at 0x7fca1c8d9278>))
DEBUG:pybindgen.typehandlers:TypeMatcher.lookup('ns3::Ptr< ns3::Channel >')
DEBUG:pybindgen.typehandlers:try to lookup type handler for 'ns3::Ptr< ns3::Channel >' => failure
DEBUG:pybindgen.typehandlers:try to lookup type handler for 'ns3::Channel *' => failure ('')
/home/imran/ns-allinone-3.36.1/ns-3.36.1/src/dsdv/bindings/modulegen__gcc_LP64.py:6451: Warning: exception TypeLookupError(['ns3::Ptr< ns3::Channel >', 'ns3::Channel *'],) in wrapper public: virtual retval? ???::GetChannel (params?) const = 0;
  is_const=True, is_pure_virtual=True, is_virtual=True)
DEBUG:pybindgen.typehandlers:TypeMatcher.lookup('uint32_t')
DEBUG:pybindgen.typehandlers:try to lookup type handler for 'uint32_t' => success ((<class 'pybindgen.typehandlers.inttype.UnsignedIntReturn'>, None, <pybindgen.typehandlers.ctypeparser.TypeTraits object at 0x7fca1c8d9cf8>))
DEBUG:pybindgen.typehandlers:TypeMatcher.lookup('uint16_t')
DEBUG:pybindgen.typehandlers:try to lookup type handler for 'uint16_t' => success ((<class 'pybindgen.typehandlers.inttype.UInt16Return'>, None, <pybindgen.typehandlers.ctypeparser.TypeTraits object at 0x7fca1c8630f0>))
DEBUG:pybindgen.typehandlers:TypeMatcher.lookup('ns3::Address')
DEBUG:pybindgen.typehandlers:try to lookup type handler for 'ns3::Address' => success ((<class 'pybindgen.cppclass.CppClass.__init__.<locals>.ThisClassReturn'>, None, <pybindgen.typehandlers.ctypeparser.TypeTraits object at 0x7fca1c863470>))
DEBUG:pybindgen.typehandlers:TypeMatcher.lookup('ns3::Ipv4Address')
DEBUG:pybindgen.typehandlers:try to lookup type handler for 'ns3::Ipv4Address' => success ((<class 'pybindgen.cppclass.CppClass.__init__.<locals>.ThisClassParameter'>, None, <pybindgen.typehandlers.ctypeparser.TypeTraits object at 0x7fca1c863588>))
DEBUG:pybindgen.typehandlers:TypeMatcher.lookup('ns3::Address')
DEBUG:pybindgen.typehandlers:try to lookup type handler for 'ns3::Address' => success ((<class 'pybindgen.cppclass.CppClass.__init__.<locals>.ThisClassReturn'>, None, <pybindgen.typehandlers.ctypeparser.TypeTraits object at 0x7fca1c8d9860>))
DEBUG:pybindgen.typehandlers:TypeMatcher.lookup('ns3::Ipv6Address')
DEBUG:pybindgen.typehandlers:try to lookup type handler for 'ns3::Ipv6Address' => success ((<class 'pybindgen.cppclass.CppClass.__init__.<locals>.ThisClassParameter'>, None, <pybindgen.typehandlers.ctypeparser.TypeTraits object at 0x7fca1c8d96a0>))
DEBUG:pybindgen.typehandlers:TypeMatcher.lookup('ns3::Ptr< ns3::Node >')
DEBUG:pybindgen.typehandlers:try to lookup type handler for 'ns3::Ptr< ns3::Node >' => failure
DEBUG:pybindgen.typehandlers:try to lookup type handler for 'ns3::Node *' => success ((<class 'pybindgen.cppclass.MemoryPolicy.register_ptr_parameter_and_return.<locals>.ThisClassPtrReturn'>, <ns3modulegen_core_customizations.SmartPointerTransformation object at 0x7fca1d6d7048>, <pybindgen.typehandlers.ctypeparser.TypeTraits object at 0x7fca1c863c88>))
DEBUG:pybindgen.typehandlers:TypeMatcher.lookup('ns3::TypeId')
DEBUG:pybindgen.typehandlers:try to lookup type handler for 'ns3::TypeId' => success ((<class 'pybindgen.cppclass.CppClass.__init__.<locals>.ThisClassReturn'>, None, <pybindgen.typehandlers.ctypeparser.TypeTraits object at 0x7fca1c863ef0>))
DEBUG:pybindgen.typehandlers:TypeMatcher.lookup('bool')
DEBUG:pybindgen.typehandlers:try to lookup type handler for 'bool' => success ((<class 'pybindgen.typehandlers.booltype.BoolReturn'>, None, <pybindgen.typehandlers.ctypeparser.TypeTraits object at 0x7fca1c86a2b0>))
DEBUG:pybindgen.typehandlers:TypeMatcher.lookup('bool')
DEBUG:pybindgen.typehandlers:try to lookup type handler for 'bool' => success ((<class 'pybindgen.typehandlers.booltype.BoolReturn'>, None, <pybindgen.typehandlers.ctypeparser.TypeTraits object at 0x7fca1c86a668>))
DEBUG:pybindgen.typehandlers:TypeMatcher.lookup('bool')
DEBUG:pybindgen.typehandlers:try to lookup type handler for 'bool' => success ((<class 'pybindgen.typehandlers.booltype.BoolReturn'>, None, <pybindgen.typehandlers.ctypeparser.TypeTraits object at 0x7fca1c86aa20>))
DEBUG:pybindgen.typehandlers:TypeMatcher.lookup('bool')
DEBUG:pybindgen.typehandlers:try to lookup type handler for 'bool' => success ((<class 'pybindgen.typehandlers.booltype.BoolReturn'>, None, <pybindgen.typehandlers.ctypeparser.TypeTraits object at 0x7fca1c86add8>))
DEBUG:pybindgen.typehandlers:TypeMatcher.lookup('bool')
DEBUG:pybindgen.typehandlers:try to lookup type handler for 'bool' => success ((<class 'pybindgen.typehandlers.booltype.BoolReturn'>, None, <pybindgen.typehandlers.ctypeparser.TypeTraits object at 0x7fca1c8711d0>))
DEBUG:pybindgen.typehandlers:TypeMatcher.lookup('bool')
DEBUG:pybindgen.typehandlers:try to lookup type handler for 'bool' => success ((<class 'pybindgen.typehandlers.booltype.BoolReturn'>, None, <pybindgen.typehandlers.ctypeparser.TypeTraits object at 0x7fca1c871588>))
DEBUG:pybindgen.typehandlers:TypeMatcher.lookup('bool')
DEBUG:pybindgen.typehandlers:try to lookup type handler for 'bool' => success ((<class 'pybindgen.typehandlers.booltype.BoolReturn'>, None, <pybindgen.typehandlers.ctypeparser.TypeTraits object at 0x7fca1c871940>))
DEBUG:pybindgen.typehandlers:TypeMatcher.lookup('ns3::Ptr< ns3::Packet >')
DEBUG:pybindgen.typehandlers:try to lookup type handler for 'ns3::Ptr< ns3::Packet >' => failure
DEBUG:pybindgen.typehandlers:try to lookup type handler for 'ns3::Packet *' => success ((<class 'pybindgen.cppclass.MemoryPolicy.register_ptr_parameter_and_return.<locals>.ThisClassPtrParameter'>, <ns3modulegen_core_customizations.SmartPointerTransformation object at 0x7fca1d6d7048>, <pybindgen.typehandlers.ctypeparser.TypeTraits object at 0x7fca1c871cc0>))
DEBUG:pybindgen.typehandlers:TypeMatcher.lookup('ns3::Address const &')
DEBUG:pybindgen.typehandlers:try to lookup type handler for 'ns3::Address const &' => success ((<class 'pybindgen.cppclass.CppClass.__init__.<locals>.ThisClassRefParameter'>, None, <pybindgen.typehandlers.ctypeparser.TypeTraits object at 0x7fca1c871cc0>))
DEBUG:pybindgen.typehandlers:TypeMatcher.lookup('uint16_t')
DEBUG:pybindgen.typehandlers:try to lookup type handler for 'uint16_t' => success ((<class 'pybindgen.typehandlers.inttype.UInt16Param'>, None, <pybindgen.typehandlers.ctypeparser.TypeTraits object at 0x7fca1c871e48>))
DEBUG:pybindgen.typehandlers:TypeMatcher.lookup('bool')
DEBUG:pybindgen.typehandlers:try to lookup type handler for 'bool' => success ((<class 'pybindgen.typehandlers.booltype.BoolReturn'>, None, <pybindgen.typehandlers.ctypeparser.TypeTraits object at 0x7fca1c879198>))
DEBUG:pybindgen.typehandlers:TypeMatcher.lookup('ns3::Ptr< ns3::Packet >')
DEBUG:pybindgen.typehandlers:try to lookup type handler for 'ns3::Ptr< ns3::Packet >' => failure
DEBUG:pybindgen.typehandlers:try to lookup type handler for 'ns3::Packet *' => success ((<class 'pybindgen.cppclass.MemoryPolicy.register_ptr_parameter_and_return.<locals>.ThisClassPtrParameter'>, <ns3modulegen_core_customizations.SmartPointerTransformation object at 0x7fca1d6d7048>, <pybindgen.typehandlers.ctypeparser.TypeTraits object at 0x7fca1c879518>))
DEBUG:pybindgen.typehandlers:TypeMatcher.lookup('ns3::Address const &')
DEBUG:pybindgen.typehandlers:try to lookup type handler for 'ns3::Address const &' => success ((<class 'pybindgen.cppclass.CppClass.__init__.<locals>.ThisClassRefParameter'>, None, <pybindgen.typehandlers.ctypeparser.TypeTraits object at 0x7fca1c879518>))
DEBUG:pybindgen.typehandlers:TypeMatcher.lookup('ns3::Address const &')
DEBUG:pybindgen.typehandlers:try to lookup type handler for 'ns3::Address const &' => success ((<class 'pybindgen.cppclass.CppClass.__init__.<locals>.ThisClassRefParameter'>, None, <pybindgen.typehandlers.ctypeparser.TypeTraits object at 0x7fca1c8796a0>))
DEBUG:pybindgen.typehandlers:TypeMatcher.lookup('uint16_t')
DEBUG:pybindgen.typehandlers:try to lookup type handler for 'uint16_t' => success ((<class 'pybindgen.typehandlers.inttype.UInt16Param'>, None, <pybindgen.typehandlers.ctypeparser.TypeTraits object at 0x7fca1c879828>))
DEBUG:pybindgen.typehandlers:TypeMatcher.lookup('void')
DEBUG:pybindgen.typehandlers:try to lookup type handler for 'void' => success ((<class 'pybindgen.typehandlers.voidtype.VoidReturn'>, None, <pybindgen.typehandlers.ctypeparser.TypeTraits object at 0x7fca1c879b38>))
DEBUG:pybindgen.typehandlers:TypeMatcher.lookup('ns3::Address')
DEBUG:pybindgen.typehandlers:try to lookup type handler for 'ns3::Address' => success ((<class 'pybindgen.cppclass.CppClass.__init__.<locals>.ThisClassParameter'>, None, <pybindgen.typehandlers.ctypeparser.TypeTraits object at 0x7fca1c879c88>))
DEBUG:pybindgen.typehandlers:TypeMatcher.lookup('void')
DEBUG:pybindgen.typehandlers:try to lookup type handler for 'void' => success ((<class 'pybindgen.typehandlers.voidtype.VoidReturn'>, None, <pybindgen.typehandlers.ctypeparser.TypeTraits object at 0x7fca1c879fd0>))
DEBUG:pybindgen.typehandlers:TypeMatcher.lookup('uint32_t const')
DEBUG:pybindgen.typehandlers:try to lookup type handler for 'uint32_t const' => success ((<class 'pybindgen.typehandlers.inttype.UnsignedIntParam'>, None, <pybindgen.typehandlers.ctypeparser.TypeTraits object at 0x7fca1c880160>))
DEBUG:pybindgen.typehandlers:TypeMatcher.lookup('bool')
DEBUG:pybindgen.typehandlers:try to lookup type handler for 'bool' => success ((<class 'pybindgen.typehandlers.booltype.BoolReturn'>, None, <pybindgen.typehandlers.ctypeparser.TypeTraits object at 0x7fca1c880518>))
DEBUG:pybindgen.typehandlers:TypeMatcher.lookup('uint16_t const')
DEBUG:pybindgen.typehandlers:try to lookup type handler for 'uint16_t const' => success ((<class 'pybindgen.typehandlers.inttype.UInt16Param'>, None, <pybindgen.typehandlers.ctypeparser.TypeTraits object at 0x7fca1c880668>))
DEBUG:pybindgen.typehandlers:TypeMatcher.lookup('void')
DEBUG:pybindgen.typehandlers:try to lookup type handler for 'void' => success ((<class 'pybindgen.typehandlers.voidtype.VoidReturn'>, None, <pybindgen.typehandlers.ctypeparser.TypeTraits object at 0x7fca1c880a20>))
DEBUG:pybindgen.typehandlers:TypeMatcher.lookup('ns3::Ptr< ns3::Node >')
DEBUG:pybindgen.typehandlers:try to lookup type handler for 'ns3::Ptr< ns3::Node >' => failure
DEBUG:pybindgen.typehandlers:try to lookup type handler for 'ns3::Node *' => success ((<class 'pybindgen.cppclass.MemoryPolicy.register_ptr_parameter_and_return.<locals>.ThisClassPtrParameter'>, <ns3modulegen_core_customizations.SmartPointerTransformation object at 0x7fca1d6d7048>, <pybindgen.typehandlers.ctypeparser.TypeTraits object at 0x7fca1c880da0>))
DEBUG:pybindgen.typehandlers:TypeMatcher.lookup('void')
DEBUG:pybindgen.typehandlers:try to lookup type handler for 'void' => success ((<class 'pybindgen.typehandlers.voidtype.VoidReturn'>, None, <pybindgen.typehandlers.ctypeparser.TypeTraits object at 0x7fca1c880fd0>))
DEBUG:pybindgen.typehandlers:TypeMatcher.lookup('ns3::Callback< bool, ns3::Ptr< ns3::NetDevice >, ns3::Ptr< ns3::Packet const >, unsigned short, ns3::Address const &, ns3::Address const &, ns3::NetDevice::PacketType, ns3::empty, ns3::empty, ns3::empty >')
DEBUG:pybindgen.typehandlers:try to lookup type handler for 'ns3::Callback< bool, ns3::Ptr< ns3::NetDevice >, ns3::Ptr< ns3::Packet const >, unsigned short, ns3::Address const &, ns3::Address const &, ns3::NetDevice::PacketType, ns3::empty, ns3::empty, ns3::empty >' => failure
'ns3::Callback< bool, ns3::Ptr< ns3::NetDevice >, ns3::Ptr< ns3::Packet const >, unsigned short, ns3::Address const &, ns3::Address const &, ns3::NetDevice::PacketType, ns3::empty, ns3::empty, ns3::empty >' did not match
/home/imran/ns-allinone-3.36.1/ns-3.36.1/src/dsdv/bindings/modulegen__gcc_LP64.py:6546: Warning: exception TypeLookupError(['ns3::Callback< bool, ns3::Ptr< ns3::NetDevice >, ns3::Ptr< ns3::Packet const >, unsigned short, ns3::Address const &, ns3::Address const &, ns3::NetDevice::PacketType, ns3::empty, ns3::empty, ns3::empty >'],) in wrapper public: virtual retval? ???::SetPromiscReceiveCallback (params?) = 0;
  is_pure_virtual=True, is_virtual=True)
DEBUG:pybindgen.typehandlers:TypeMatcher.lookup('void')
DEBUG:pybindgen.typehandlers:try to lookup type handler for 'void' => success ((<class 'pybindgen.typehandlers.voidtype.VoidReturn'>, None, <pybindgen.typehandlers.ctypeparser.TypeTraits object at 0x7fca1c88c748>))
DEBUG:pybindgen.typehandlers:TypeMatcher.lookup('ns3::Callback< bool, ns3::Ptr< ns3::NetDevice >, ns3::Ptr< ns3::Packet const >, unsigned short, ns3::Address const &, ns3::empty, ns3::empty, ns3::empty, ns3::empty, ns3::empty >')
DEBUG:pybindgen.typehandlers:try to lookup type handler for 'ns3::Callback< bool, ns3::Ptr< ns3::NetDevice >, ns3::Ptr< ns3::Packet const >, unsigned short, ns3::Address const &, ns3::empty, ns3::empty, ns3::empty, ns3::empty, ns3::empty >' => failure
'ns3::Callback< bool, ns3::Ptr< ns3::NetDevice >, ns3::Ptr< ns3::Packet const >, unsigned short, ns3::Address const &, ns3::empty, ns3::empty, ns3::empty, ns3::empty, ns3::empty >' did not match
/home/imran/ns-allinone-3.36.1/ns-3.36.1/src/dsdv/bindings/modulegen__gcc_LP64.py:6551: Warning: exception TypeLookupError(['ns3::Callback< bool, ns3::Ptr< ns3::NetDevice >, ns3::Ptr< ns3::Packet const >, unsigned short, ns3::Address const &, ns3::empty, ns3::empty, ns3::empty, ns3::empty, ns3::empty >'],) in wrapper public: virtual retval? ???::SetReceiveCallback (params?) = 0;
  is_pure_virtual=True, is_virtual=True)
DEBUG:pybindgen.typehandlers:TypeMatcher.lookup('bool')
DEBUG:pybindgen.typehandlers:try to lookup type handler for 'bool' => success ((<class 'pybindgen.typehandlers.booltype.BoolReturn'>, None, <pybindgen.typehandlers.ctypeparser.TypeTraits object at 0x7fca1c891d30>))
DEBUG:pybindgen.typehandlers:TypeMatcher.lookup('ns3::NixVector const &')
DEBUG:pybindgen.typehandlers:try to lookup type handler for 'ns3::NixVector const &' => success ((<class 'pybindgen.cppclass.CppClass.__init__.<locals>.ThisClassRefParameter'>, None, <pybindgen.typehandlers.ctypeparser.TypeTraits object at 0x7fca1c8983c8>))
DEBUG:pybindgen.typehandlers:TypeMatcher.lookup('void')
DEBUG:pybindgen.typehandlers:try to lookup type handler for 'void' => success ((<class 'pybindgen.typehandlers.voidtype.VoidReturn'>, None, <pybindgen.typehandlers.ctypeparser.TypeTraits object at 0x7fca1c898780>))
DEBUG:pybindgen.typehandlers:TypeMatcher.lookup('uint32_t')
DEBUG:pybindgen.typehandlers:try to lookup type handler for 'uint32_t' => success ((<class 'pybindgen.typehandlers.inttype.UnsignedIntParam'>, None, <pybindgen.typehandlers.ctypeparser.TypeTraits object at 0x7fca1c8988d0>))
DEBUG:pybindgen.typehandlers:TypeMatcher.lookup('uint32_t')
DEBUG:pybindgen.typehandlers:try to lookup type handler for 'uint32_t' => success ((<class 'pybindgen.typehandlers.inttype.UnsignedIntParam'>, None, <pybindgen.typehandlers.ctypeparser.TypeTraits object at 0x7fca1c898978>))
DEBUG:pybindgen.typehandlers:TypeMatcher.lookup('uint32_t')
DEBUG:pybindgen.typehandlers:try to lookup type handler for 'uint32_t' => success ((<class 'pybindgen.typehandlers.inttype.UnsignedIntReturn'>, None, <pybindgen.typehandlers.ctypeparser.TypeTraits object at 0x7fca1c88c978>))
DEBUG:pybindgen.typehandlers:TypeMatcher.lookup('uint32_t')
DEBUG:pybindgen.typehandlers:try to lookup type handler for 'uint32_t' => success ((<class 'pybindgen.typehandlers.inttype.UnsignedIntParam'>, None, <pybindgen.typehandlers.ctypeparser.TypeTraits object at 0x7fca1c88ca58>))
DEBUG:pybindgen.typehandlers:TypeMatcher.lookup('ns3::Ptr< ns3::NixVector >')
DEBUG:pybindgen.typehandlers:try to lookup type handler for 'ns3::Ptr< ns3::NixVector >' => failure
DEBUG:pybindgen.typehandlers:try to lookup type handler for 'ns3::NixVector *' => success ((<class 'pybindgen.cppclass.MemoryPolicy.register_ptr_parameter_and_return.<locals>.ThisClassPtrReturn'>, <ns3modulegen_core_customizations.SmartPointerTransformation object at 0x7fca1d6d7048>, <pybindgen.typehandlers.ctypeparser.TypeTraits object at 0x7fca1c88cfd0>))
DEBUG:pybindgen.typehandlers:TypeMatcher.lookup('uint32_t')
DEBUG:pybindgen.typehandlers:try to lookup type handler for 'uint32_t' => success ((<class 'pybindgen.typehandlers.inttype.UnsignedIntReturn'>, None, <pybindgen.typehandlers.ctypeparser.TypeTraits object at 0x7fca1c898c50>))
DEBUG:pybindgen.typehandlers:TypeMatcher.lookup('uint32_t const *')
DEBUG:pybindgen.typehandlers:try to lookup type handler for 'uint32_t const *' => success ((<class 'pybindgen.typehandlers.inttype.UnsignedIntPtrParam'>, None, <pybindgen.typehandlers.ctypeparser.TypeTraits object at 0x7fca1c898d68>))
DEBUG:pybindgen.typehandlers:TypeMatcher.lookup('uint32_t')
DEBUG:pybindgen.typehandlers:try to lookup type handler for 'uint32_t' => success ((<class 'pybindgen.typehandlers.inttype.UnsignedIntParam'>, None, <pybindgen.typehandlers.ctypeparser.TypeTraits object at 0x7fca1c898f28>))
DEBUG:pybindgen.typehandlers:TypeMatcher.lookup('uint32_t')
DEBUG:pybindgen.typehandlers:try to lookup type handler for 'uint32_t' => success ((<class 'pybindgen.typehandlers.inttype.UnsignedIntReturn'>, None, <pybindgen.typehandlers.ctypeparser.TypeTraits object at 0x7fca1c821278>))
DEBUG:pybindgen.typehandlers:TypeMatcher.lookup('uint32_t')
DEBUG:pybindgen.typehandlers:try to lookup type handler for 'uint32_t' => success ((<class 'pybindgen.typehandlers.inttype.UnsignedIntParam'>, None, <pybindgen.typehandlers.ctypeparser.TypeTraits object at 0x7fca1c821390>))
DEBUG:pybindgen.typehandlers:TypeMatcher.lookup('uint32_t')
DEBUG:pybindgen.typehandlers:try to lookup type handler for 'uint32_t' => success ((<class 'pybindgen.typehandlers.inttype.UnsignedIntReturn'>, None, <pybindgen.typehandlers.ctypeparser.TypeTraits object at 0x7fca1c8216d8>))
DEBUG:pybindgen.typehandlers:TypeMatcher.lookup('uint32_t')
DEBUG:pybindgen.typehandlers:try to lookup type handler for 'uint32_t' => success ((<class 'pybindgen.typehandlers.inttype.UnsignedIntReturn'>, None, <pybindgen.typehandlers.ctypeparser.TypeTraits object at 0x7fca1c821a58>))
DEBUG:pybindgen.typehandlers:TypeMatcher.lookup('uint32_t')
DEBUG:pybindgen.typehandlers:try to lookup type handler for 'uint32_t' => success ((<class 'pybindgen.typehandlers.inttype.UnsignedIntReturn'>, None, <pybindgen.typehandlers.ctypeparser.TypeTraits object at 0x7fca1c821dd8>))
DEBUG:pybindgen.typehandlers:TypeMatcher.lookup('uint32_t')
DEBUG:pybindgen.typehandlers:try to lookup type handler for 'uint32_t' => success ((<class 'pybindgen.typehandlers.inttype.UnsignedIntReturn'>, None, <pybindgen.typehandlers.ctypeparser.TypeTraits object at 0x7fca1c829198>))
DEBUG:pybindgen.typehandlers:TypeMatcher.lookup('uint32_t *')
DEBUG:pybindgen.typehandlers:try to lookup type handler for 'uint32_t *' => success ((<class 'pybindgen.typehandlers.inttype.UnsignedIntPtrParam'>, None, <pybindgen.typehandlers.ctypeparser.TypeTraits object at 0x7fca1c8292b0>))
DEBUG:pybindgen.typehandlers:TypeMatcher.lookup('uint32_t')
DEBUG:pybindgen.typehandlers:try to lookup type handler for 'uint32_t' => success ((<class 'pybindgen.typehandlers.inttype.UnsignedIntParam'>, None, <pybindgen.typehandlers.ctypeparser.TypeTraits object at 0x7fca1c8293c8>))
DEBUG:pybindgen.typehandlers:TypeMatcher.lookup('void')
DEBUG:pybindgen.typehandlers:try to lookup type handler for 'void' => success ((<class 'pybindgen.typehandlers.voidtype.VoidReturn'>, None, <pybindgen.typehandlers.ctypeparser.TypeTraits object at 0x7fca1c829710>))
DEBUG:pybindgen.typehandlers:TypeMatcher.lookup('uint32_t')
DEBUG:pybindgen.typehandlers:try to lookup type handler for 'uint32_t' => success ((<class 'pybindgen.typehandlers.inttype.UnsignedIntParam'>, None, <pybindgen.typehandlers.ctypeparser.TypeTraits object at 0x7fca1c829860>))
DEBUG:pybindgen.typehandlers:TypeMatcher.lookup('ns3::Node const &')
DEBUG:pybindgen.typehandlers:try to lookup type handler for 'ns3::Node const &' => success ((<class 'pybindgen.cppclass.CppClass.__init__.<locals>.ThisClassRefParameter'>, None, <pybindgen.typehandlers.ctypeparser.TypeTraits object at 0x7fca1c829be0>))
DEBUG:pybindgen.typehandlers:TypeMatcher.lookup('uint32_t')
DEBUG:pybindgen.typehandlers:try to lookup type handler for 'uint32_t' => success ((<class 'pybindgen.typehandlers.inttype.UnsignedIntParam'>, None, <pybindgen.typehandlers.ctypeparser.TypeTraits object at 0x7fca1c830278>))
DEBUG:pybindgen.typehandlers:TypeMatcher.lookup('uint32_t')
DEBUG:pybindgen.typehandlers:try to lookup type handler for 'uint32_t' => success ((<class 'pybindgen.typehandlers.inttype.UnsignedIntReturn'>, None, <pybindgen.typehandlers.ctypeparser.TypeTraits object at 0x7fca1c830588>))
DEBUG:pybindgen.typehandlers:TypeMatcher.lookup('ns3::Ptr< ns3::Application >')
DEBUG:pybindgen.typehandlers:try to lookup type handler for 'ns3::Ptr< ns3::Application >' => failure
DEBUG:pybindgen.typehandlers:try to lookup type handler for 'ns3::Application *' => failure ('')
/home/imran/ns-allinone-3.36.1/ns-3.36.1/src/dsdv/bindings/modulegen__gcc_LP64.py:6623: Warning: exception TypeLookupError(['ns3::Ptr< ns3::Application >', 'ns3::Application *'],) in wrapper public: retval? ???::AddApplication (params?);
  [param('ns3::Ptr< ns3::Application >', 'application')])
DEBUG:pybindgen.typehandlers:TypeMatcher.lookup('uint32_t')
DEBUG:pybindgen.typehandlers:try to lookup type handler for 'uint32_t' => success ((<class 'pybindgen.typehandlers.inttype.UnsignedIntReturn'>, None, <pybindgen.typehandlers.ctypeparser.TypeTraits object at 0x7fca1c830978>))
DEBUG:pybindgen.typehandlers:TypeMatcher.lookup('ns3::Ptr< ns3::NetDevice >')
DEBUG:pybindgen.typehandlers:try to lookup type handler for 'ns3::Ptr< ns3::NetDevice >' => failure
DEBUG:pybindgen.typehandlers:try to lookup type handler for 'ns3::NetDevice *' => success ((<class 'pybindgen.cppclass.MemoryPolicy.register_ptr_parameter_and_return.<locals>.ThisClassPtrParameter'>, <ns3modulegen_core_customizations.SmartPointerTransformation object at 0x7fca1d6d7048>, <pybindgen.typehandlers.ctypeparser.TypeTraits object at 0x7fca1c830c88>))
DEBUG:pybindgen.typehandlers:TypeMatcher.lookup('bool')
DEBUG:pybindgen.typehandlers:try to lookup type handler for 'bool' => success ((<class 'pybindgen.typehandlers.booltype.BoolReturn'>, None, <pybindgen.typehandlers.ctypeparser.TypeTraits object at 0x7fca1c830eb8>))
DEBUG:pybindgen.typehandlers:TypeMatcher.lookup('ns3::Ptr< ns3::Application >')
DEBUG:pybindgen.typehandlers:try to lookup type handler for 'ns3::Ptr< ns3::Application >' => failure
DEBUG:pybindgen.typehandlers:try to lookup type handler for 'ns3::Application *' => failure ('')
/home/imran/ns-allinone-3.36.1/ns-3.36.1/src/dsdv/bindings/modulegen__gcc_LP64.py:6637: Warning: exception TypeLookupError(['ns3::Ptr< ns3::Application >', 'ns3::Application *'],) in wrapper public: retval? ???::GetApplication (params?) const;
  is_const=True)
DEBUG:pybindgen.typehandlers:TypeMatcher.lookup('ns3::Ptr< ns3::NetDevice >')
DEBUG:pybindgen.typehandlers:try to lookup type handler for 'ns3::Ptr< ns3::NetDevice >' => failure
DEBUG:pybindgen.typehandlers:try to lookup type handler for 'ns3::NetDevice *' => success ((<class 'pybindgen.cppclass.MemoryPolicy.register_ptr_parameter_and_return.<locals>.ThisClassPtrReturn'>, <ns3modulegen_core_customizations.SmartPointerTransformation object at 0x7fca1d6d7048>, <pybindgen.typehandlers.ctypeparser.TypeTraits object at 0x7fca1c838780>))
DEBUG:pybindgen.typehandlers:TypeMatcher.lookup('uint32_t')
DEBUG:pybindgen.typehandlers:try to lookup type handler for 'uint32_t' => success ((<class 'pybindgen.typehandlers.inttype.UnsignedIntParam'>, None, <pybindgen.typehandlers.ctypeparser.TypeTraits object at 0x7fca1c8386d8>))
DEBUG:pybindgen.typehandlers:TypeMatcher.lookup('uint32_t')
DEBUG:pybindgen.typehandlers:try to lookup type handler for 'uint32_t' => success ((<class 'pybindgen.typehandlers.inttype.UnsignedIntReturn'>, None, <pybindgen.typehandlers.ctypeparser.TypeTraits object at 0x7fca1c838ac8>))
DEBUG:pybindgen.typehandlers:TypeMatcher.lookup('ns3::Time')
DEBUG:pybindgen.typehandlers:try to lookup type handler for 'ns3::Time' => success ((<class 'pybindgen.cppclass.CppClass.__init__.<locals>.ThisClassReturn'>, None, <pybindgen.typehandlers.ctypeparser.TypeTraits object at 0x7fca1c838e48>))
DEBUG:pybindgen.typehandlers:TypeMatcher.lookup('uint32_t')
DEBUG:pybindgen.typehandlers:try to lookup type handler for 'uint32_t' => success ((<class 'pybindgen.typehandlers.inttype.UnsignedIntReturn'>, None, <pybindgen.typehandlers.ctypeparser.TypeTraits object at 0x7fca1c841208>))
DEBUG:pybindgen.typehandlers:TypeMatcher.lookup('uint32_t')
DEBUG:pybindgen.typehandlers:try to lookup type handler for 'uint32_t' => success ((<class 'pybindgen.typehandlers.inttype.UnsignedIntReturn'>, None, <pybindgen.typehandlers.ctypeparser.TypeTraits object at 0x7fca1c830908>))
DEBUG:pybindgen.typehandlers:TypeMatcher.lookup('uint32_t')
DEBUG:pybindgen.typehandlers:try to lookup type handler for 'uint32_t' => success ((<class 'pybindgen.typehandlers.inttype.UnsignedIntReturn'>, None, <pybindgen.typehandlers.ctypeparser.TypeTraits object at 0x7fca1c8412b0>))
DEBUG:pybindgen.typehandlers:TypeMatcher.lookup('ns3::TypeId')
DEBUG:pybindgen.typehandlers:try to lookup type handler for 'ns3::TypeId' => success ((<class 'pybindgen.cppclass.CppClass.__init__.<locals>.ThisClassReturn'>, None, <pybindgen.typehandlers.ctypeparser.TypeTraits object at 0x7fca1c841630>))
DEBUG:pybindgen.typehandlers:TypeMatcher.lookup('void')
DEBUG:pybindgen.typehandlers:try to lookup type handler for 'void' => success ((<class 'pybindgen.typehandlers.voidtype.VoidReturn'>, None, <pybindgen.typehandlers.ctypeparser.TypeTraits object at 0x7fca1c8419b0>))
DEBUG:pybindgen.typehandlers:TypeMatcher.lookup('ns3::Callback< void, ns3::Ptr< ns3::NetDevice >, ns3::empty, ns3::empty, ns3::empty, ns3::empty, ns3::empty, ns3::empty, ns3::empty, ns3::empty >')
DEBUG:pybindgen.typehandlers:try to lookup type handler for 'ns3::Callback< void, ns3::Ptr< ns3::NetDevice >, ns3::empty, ns3::empty, ns3::empty, ns3::empty, ns3::empty, ns3::empty, ns3::empty, ns3::empty >' => success ((<class 'ns3modulegen_core_customizations.register_callback_classes.<locals>.PythonCallbackParameter'>, None, <pybindgen.typehandlers.ctypeparser.TypeTraits object at 0x7fca1c841b00>))
DEBUG:pybindgen.typehandlers:TypeMatcher.lookup('void')
DEBUG:pybindgen.typehandlers:try to lookup type handler for 'void' => success ((<class 'pybindgen.typehandlers.voidtype.VoidReturn'>, None, <pybindgen.typehandlers.ctypeparser.TypeTraits object at 0x7fca1c847400>))
DEBUG:pybindgen.typehandlers:TypeMatcher.lookup('ns3::Callback< void, ns3::Ptr< ns3::NetDevice >, ns3::Ptr< ns3::Packet const >, unsigned short, ns3::Address const &, ns3::Address const &, ns3::NetDevice::PacketType, ns3::empty, ns3::empty, ns3::empty >')
DEBUG:pybindgen.typehandlers:try to lookup type handler for 'ns3::Callback< void, ns3::Ptr< ns3::NetDevice >, ns3::Ptr< ns3::Packet const >, unsigned short, ns3::Address const &, ns3::Address const &, ns3::NetDevice::PacketType, ns3::empty, ns3::empty, ns3::empty >' => success ((<class 'ns3modulegen_core_customizations.register_callback_classes.<locals>.PythonCallbackParameter'>, None, <pybindgen.typehandlers.ctypeparser.TypeTraits object at 0x7fca1c847550>))
DEBUG:pybindgen.typehandlers:TypeMatcher.lookup('uint16_t')
DEBUG:pybindgen.typehandlers:try to lookup type handler for 'uint16_t' => success ((<class 'pybindgen.typehandlers.inttype.UInt16Param'>, None, <pybindgen.typehandlers.ctypeparser.TypeTraits object at 0x7fca1c847eb8>))
DEBUG:pybindgen.typehandlers:TypeMatcher.lookup('ns3::Ptr< ns3::NetDevice >')
DEBUG:pybindgen.typehandlers:try to lookup type handler for 'ns3::Ptr< ns3::NetDevice >' => failure
DEBUG:pybindgen.typehandlers:try to lookup type handler for 'ns3::NetDevice *' => success ((<class 'pybindgen.cppclass.MemoryPolicy.register_ptr_parameter_and_return.<locals>.ThisClassPtrParameter'>, <ns3modulegen_core_customizations.SmartPointerTransformation object at 0x7fca1d6d7048>, <pybindgen.typehandlers.ctypeparser.TypeTraits object at 0x7fca1c84c1d0>))
DEBUG:pybindgen.typehandlers:TypeMatcher.lookup('bool')
DEBUG:pybindgen.typehandlers:try to lookup type handler for 'bool' => success ((<class 'pybindgen.typehandlers.booltype.BoolParam'>, None, <pybindgen.typehandlers.ctypeparser.TypeTraits object at 0x7fca1c84c1d0>))
DEBUG:pybindgen.typehandlers:TypeMatcher.lookup('void')
DEBUG:pybindgen.typehandlers:try to lookup type handler for 'void' => success ((<class 'pybindgen.typehandlers.voidtype.VoidReturn'>, None, <pybindgen.typehandlers.ctypeparser.TypeTraits object at 0x7fca1c84c518>))
DEBUG:pybindgen.typehandlers:TypeMatcher.lookup('ns3::Callback< void, ns3::Ptr< ns3::NetDevice >, ns3::empty, ns3::empty, ns3::empty, ns3::empty, ns3::empty, ns3::empty, ns3::empty, ns3::empty >')
DEBUG:pybindgen.typehandlers:try to lookup type handler for 'ns3::Callback< void, ns3::Ptr< ns3::NetDevice >, ns3::empty, ns3::empty, ns3::empty, ns3::empty, ns3::empty, ns3::empty, ns3::empty, ns3::empty >' => success ((<class 'ns3modulegen_core_customizations.register_callback_classes.<locals>.PythonCallbackParameter'>, None, <pybindgen.typehandlers.ctypeparser.TypeTraits object at 0x7fca1c84c668>))
DEBUG:pybindgen.typehandlers:TypeMatcher.lookup('void')
DEBUG:pybindgen.typehandlers:try to lookup type handler for 'void' => success ((<class 'pybindgen.typehandlers.voidtype.VoidReturn'>, None, <pybindgen.typehandlers.ctypeparser.TypeTraits object at 0x7fca1c84cf28>))
DEBUG:pybindgen.typehandlers:TypeMatcher.lookup('ns3::Callback< void, ns3::Ptr< ns3::NetDevice >, ns3::Ptr< ns3::Packet const >, unsigned short, ns3::Address const &, ns3::Address const &, ns3::NetDevice::PacketType, ns3::empty, ns3::empty, ns3::empty >')
DEBUG:pybindgen.typehandlers:try to lookup type handler for 'ns3::Callback< void, ns3::Ptr< ns3::NetDevice >, ns3::Ptr< ns3::Packet const >, unsigned short, ns3::Address const &, ns3::Address const &, ns3::NetDevice::PacketType, ns3::empty, ns3::empty, ns3::empty >' => success ((<class 'ns3modulegen_core_customizations.register_callback_classes.<locals>.PythonCallbackParameter'>, None, <pybindgen.typehandlers.ctypeparser.TypeTraits object at 0x7fca1c8510b8>))
DEBUG:pybindgen.typehandlers:TypeMatcher.lookup('void')
DEBUG:pybindgen.typehandlers:try to lookup type handler for 'void' => success ((<class 'pybindgen.typehandlers.voidtype.VoidReturn'>, None, <pybindgen.typehandlers.ctypeparser.TypeTraits object at 0x7fca1c851c50>))
DEBUG:pybindgen.typehandlers:TypeMatcher.lookup('void')
DEBUG:pybindgen.typehandlers:try to lookup type handler for 'void' => success ((<class 'pybindgen.typehandlers.voidtype.VoidReturn'>, None, <pybindgen.typehandlers.ctypeparser.TypeTraits object at 0x7fca1c85a4e0>))
DEBUG:pybindgen.typehandlers:TypeMatcher.lookup('double const')
DEBUG:pybindgen.typehandlers:try to lookup type handler for 'double const' => success ((<class 'pybindgen.typehandlers.doubletype.DoubleReturn'>, None, <pybindgen.typehandlers.ctypeparser.TypeTraits object at 0x7fca1c85acc0>))
DEBUG:pybindgen.typehandlers:TypeMatcher.lookup('ns3::TypeId')
DEBUG:pybindgen.typehandlers:try to lookup type handler for 'ns3::TypeId' => success ((<class 'pybindgen.cppclass.CppClass.__init__.<locals>.ThisClassReturn'>, None, <pybindgen.typehandlers.ctypeparser.TypeTraits object at 0x7fca1c7a0128>))
DEBUG:pybindgen.typehandlers:TypeMatcher.lookup('double')
DEBUG:pybindgen.typehandlers:try to lookup type handler for 'double' => success ((<class 'pybindgen.typehandlers.doubletype.DoubleReturn'>, None, <pybindgen.typehandlers.ctypeparser.TypeTraits object at 0x7fca1c7a0710>))
DEBUG:pybindgen.typehandlers:TypeMatcher.lookup('double')
DEBUG:pybindgen.typehandlers:try to lookup type handler for 'double' => success ((<class 'pybindgen.typehandlers.doubletype.DoubleReturn'>, None, <pybindgen.typehandlers.ctypeparser.TypeTraits object at 0x7fca1c7a0ac8>))
DEBUG:pybindgen.typehandlers:TypeMatcher.lookup('double')
DEBUG:pybindgen.typehandlers:try to lookup type handler for 'double' => success ((<class 'pybindgen.typehandlers.doubletype.DoubleReturn'>, None, <pybindgen.typehandlers.ctypeparser.TypeTraits object at 0x7fca1c7a0e80>))
DEBUG:pybindgen.typehandlers:TypeMatcher.lookup('double')
DEBUG:pybindgen.typehandlers:try to lookup type handler for 'double' => success ((<class 'pybindgen.typehandlers.doubletype.DoubleReturn'>, None, <pybindgen.typehandlers.ctypeparser.TypeTraits object at 0x7fca1c7a9278>))
DEBUG:pybindgen.typehandlers:TypeMatcher.lookup('double')
DEBUG:pybindgen.typehandlers:try to lookup type handler for 'double' => success ((<class 'pybindgen.typehandlers.doubletype.DoubleParam'>, None, <pybindgen.typehandlers.ctypeparser.TypeTraits object at 0x7fca1c7a93c8>))
DEBUG:pybindgen.typehandlers:TypeMatcher.lookup('double')
DEBUG:pybindgen.typehandlers:try to lookup type handler for 'double' => success ((<class 'pybindgen.typehandlers.doubletype.DoubleParam'>, None, <pybindgen.typehandlers.ctypeparser.TypeTraits object at 0x7fca1c7a94a8>))
DEBUG:pybindgen.typehandlers:TypeMatcher.lookup('double')
DEBUG:pybindgen.typehandlers:try to lookup type handler for 'double' => success ((<class 'pybindgen.typehandlers.doubletype.DoubleParam'>, None, <pybindgen.typehandlers.ctypeparser.TypeTraits object at 0x7fca1c7a95c0>))
DEBUG:pybindgen.typehandlers:TypeMatcher.lookup('uint32_t')
DEBUG:pybindgen.typehandlers:try to lookup type handler for 'uint32_t' => success ((<class 'pybindgen.typehandlers.inttype.UnsignedIntReturn'>, None, <pybindgen.typehandlers.ctypeparser.TypeTraits object at 0x7fca1c7a9978>))
DEBUG:pybindgen.typehandlers:TypeMatcher.lookup('uint32_t')
DEBUG:pybindgen.typehandlers:try to lookup type handler for 'uint32_t' => success ((<class 'pybindgen.typehandlers.inttype.UnsignedIntParam'>, None, <pybindgen.typehandlers.ctypeparser.TypeTraits object at 0x7fca1c7a9a90>))
DEBUG:pybindgen.typehandlers:TypeMatcher.lookup('uint32_t')
DEBUG:pybindgen.typehandlers:try to lookup type handler for 'uint32_t' => success ((<class 'pybindgen.typehandlers.inttype.UnsignedIntParam'>, None, <pybindgen.typehandlers.ctypeparser.TypeTraits object at 0x7fca1c7a9b38>))
DEBUG:pybindgen.typehandlers:TypeMatcher.lookup('uint32_t')
DEBUG:pybindgen.typehandlers:try to lookup type handler for 'uint32_t' => success ((<class 'pybindgen.typehandlers.inttype.UnsignedIntParam'>, None, <pybindgen.typehandlers.ctypeparser.TypeTraits object at 0x7fca1c7a9c18>))
DEBUG:pybindgen.typehandlers:TypeMatcher.lookup('double')
DEBUG:pybindgen.typehandlers:try to lookup type handler for 'double' => success ((<class 'pybindgen.typehandlers.doubletype.DoubleReturn'>, None, <pybindgen.typehandlers.ctypeparser.TypeTraits object at 0x7fca1c7a9f98>))
DEBUG:pybindgen.typehandlers:TypeMatcher.lookup('uint32_t')
DEBUG:pybindgen.typehandlers:try to lookup type handler for 'uint32_t' => success ((<class 'pybindgen.typehandlers.inttype.UnsignedIntReturn'>, None, <pybindgen.typehandlers.ctypeparser.TypeTraits object at 0x7fca1c7b2588>))
DEBUG:pybindgen.typehandlers:TypeMatcher.lookup('ns3::ObjectFactoryChecker const &')
DEBUG:pybindgen.typehandlers:try to lookup type handler for 'ns3::ObjectFactoryChecker const &' => success ((<class 'pybindgen.cppclass.CppClass.__init__.<locals>.ThisClassRefParameter'>, None, <pybindgen.typehandlers.ctypeparser.TypeTraits object at 0x7fca1c7b2d68>))
DEBUG:pybindgen.typehandlers:TypeMatcher.lookup('ns3::ObjectFactory const &')
DEBUG:pybindgen.typehandlers:try to lookup type handler for 'ns3::ObjectFactory const &' => success ((<class 'pybindgen.cppclass.CppClass.__init__.<locals>.ThisClassRefParameter'>, None, <pybindgen.typehandlers.ctypeparser.TypeTraits object at 0x7fca1c7b8400>))
DEBUG:pybindgen.typehandlers:TypeMatcher.lookup('ns3::ObjectFactoryValue const &')
DEBUG:pybindgen.typehandlers:try to lookup type handler for 'ns3::ObjectFactoryValue const &' => success ((<class 'pybindgen.cppclass.CppClass.__init__.<locals>.ThisClassRefParameter'>, None, <pybindgen.typehandlers.ctypeparser.TypeTraits object at 0x7fca1c7b87f0>))
DEBUG:pybindgen.typehandlers:TypeMatcher.lookup('ns3::Ptr< ns3::AttributeValue >')
DEBUG:pybindgen.typehandlers:try to lookup type handler for 'ns3::Ptr< ns3::AttributeValue >' => failure
DEBUG:pybindgen.typehandlers:try to lookup type handler for 'ns3::AttributeValue *' => success ((<class 'pybindgen.cppclass.MemoryPolicy.register_ptr_parameter_and_return.<locals>.ThisClassPtrReturn'>, <ns3modulegen_core_customizations.SmartPointerTransformation object at 0x7fca1d6d7048>, <pybindgen.typehandlers.ctypeparser.TypeTraits object at 0x7fca1c7b8dd8>))
DEBUG:pybindgen.typehandlers:TypeMatcher.lookup('bool')
DEBUG:pybindgen.typehandlers:try to lookup type handler for 'bool' => success ((<class 'pybindgen.typehandlers.booltype.BoolReturn'>, None, <pybindgen.typehandlers.ctypeparser.TypeTraits object at 0x7fca1c7c1080>))
DEBUG:pybindgen.typehandlers:TypeMatcher.lookup('std::string')
DEBUG:pybindgen.typehandlers:try to lookup type handler for 'std::string' => success ((<class 'pybindgen.typehandlers.stringtype.StdStringParam'>, None, <pybindgen.typehandlers.ctypeparser.TypeTraits object at 0x7fca1c7c11d0>))
DEBUG:pybindgen.typehandlers:TypeMatcher.lookup('ns3::Ptr< ns3::AttributeChecker const >')
DEBUG:pybindgen.typehandlers:try to lookup type handler for 'ns3::Ptr< ns3::AttributeChecker const >' => failure
DEBUG:pybindgen.typehandlers:try to lookup type handler for 'ns3::AttributeChecker *' => success ((<class 'pybindgen.cppclass.MemoryPolicy.register_ptr_parameter_and_return.<locals>.ThisClassPtrParameter'>, <ns3modulegen_core_customizations.SmartPointerTransformation object at 0x7fca1d6d7048>, <pybindgen.typehandlers.ctypeparser.TypeTraits object at 0x7fca1c7c1518>))
DEBUG:pybindgen.typehandlers:TypeMatcher.lookup('ns3::ObjectFactory')
DEBUG:pybindgen.typehandlers:try to lookup type handler for 'ns3::ObjectFactory' => success ((<class 'pybindgen.cppclass.CppClass.__init__.<locals>.ThisClassReturn'>, None, <pybindgen.typehandlers.ctypeparser.TypeTraits object at 0x7fca1c7c1780>))
DEBUG:pybindgen.typehandlers:TypeMatcher.lookup('std::string')
DEBUG:pybindgen.typehandlers:try to lookup type handler for 'std::string' => success ((<class 'pybindgen.typehandlers.stringtype.StdStringReturn'>, None, <pybindgen.typehandlers.ctypeparser.TypeTraits object at 0x7fca1c7c1b00>))
DEBUG:pybindgen.typehandlers:TypeMatcher.lookup('ns3::Ptr< ns3::AttributeChecker const >')
DEBUG:pybindgen.typehandlers:try to lookup type handler for 'ns3::Ptr< ns3::AttributeChecker const >' => failure
DEBUG:pybindgen.typehandlers:try to lookup type handler for 'ns3::AttributeChecker *' => success ((<class 'pybindgen.cppclass.MemoryPolicy.register_ptr_parameter_and_return.<locals>.ThisClassPtrParameter'>, <ns3modulegen_core_customizations.SmartPointerTransformation object at 0x7fca1d6d7048>, <pybindgen.typehandlers.ctypeparser.TypeTraits object at 0x7fca1c7c1e80>))
DEBUG:pybindgen.typehandlers:TypeMatcher.lookup('void')
DEBUG:pybindgen.typehandlers:try to lookup type handler for 'void' => success ((<class 'pybindgen.typehandlers.voidtype.VoidReturn'>, None, <pybindgen.typehandlers.ctypeparser.TypeTraits object at 0x7fca1c7c9128>))
DEBUG:pybindgen.typehandlers:TypeMatcher.lookup('ns3::ObjectFactory const &')
DEBUG:pybindgen.typehandlers:try to lookup type handler for 'ns3::ObjectFactory const &' => success ((<class 'pybindgen.cppclass.CppClass.__init__.<locals>.ThisClassRefParameter'>, None, <pybindgen.typehandlers.ctypeparser.TypeTraits object at 0x7fca1c7c9278>))
DEBUG:pybindgen.typehandlers:TypeMatcher.lookup('ns3::OutputStreamWrapper const &')
DEBUG:pybindgen.typehandlers:try to lookup type handler for 'ns3::OutputStreamWrapper const &' => success ((<class 'pybindgen.cppclass.CppClass.__init__.<locals>.ThisClassRefParameter'>, None, <pybindgen.typehandlers.ctypeparser.TypeTraits object at 0x7fca1c7c96a0>))
DEBUG:pybindgen.typehandlers:TypeMatcher.lookup('std::string')
DEBUG:pybindgen.typehandlers:try to lookup type handler for 'std::string' => success ((<class 'pybindgen.typehandlers.stringtype.StdStringParam'>, None, <pybindgen.typehandlers.ctypeparser.TypeTraits object at 0x7fca1c7c9a90>))
DEBUG:pybindgen.typehandlers:TypeMatcher.lookup('std::ios_base::openmode')
DEBUG:pybindgen.typehandlers:try to lookup type handler for 'std::ios_base::openmode' => success ((<class 'ns3modulegen_core_customizations.IosOpenmodeParam'>, None, <pybindgen.typehandlers.ctypeparser.TypeTraits object at 0x7fca1c7c9b38>))
DEBUG:pybindgen.typehandlers:TypeMatcher.lookup('std::ostream *')
DEBUG:pybindgen.typehandlers:try to lookup type handler for 'std::ostream *' => failure
'std::ostream *' did not match
/home/imran/ns-allinone-3.36.1/ns-3.36.1/src/dsdv/bindings/modulegen__gcc_LP64.py:6792: Warning: exception TypeLookupError(['std::ostream *'],) in wrapper <pybindgen.cppmethod.CppConstructor object at 0x7fca1c7c9e48>
  cls.add_constructor([param('std::ostream *', 'os')])
DEBUG:pybindgen.typehandlers:TypeMatcher.lookup('std::ostream *')
DEBUG:pybindgen.typehandlers:try to lookup type handler for 'std::ostream *' => failure
'std::ostream *' did not match
/home/imran/ns-allinone-3.36.1/ns-3.36.1/src/dsdv/bindings/modulegen__gcc_LP64.py:6796: Warning: exception TypeLookupError(['std::ostream *'],) in wrapper public: retval? ???::GetStream (params?);
  [])
DEBUG:pybindgen.typehandlers:TypeMatcher.lookup('ns3::Packet const &')
DEBUG:pybindgen.typehandlers:try to lookup type handler for 'ns3::Packet const &' => success ((<class 'pybindgen.cppclass.CppClass.__init__.<locals>.ThisClassRefParameter'>, None, <pybindgen.typehandlers.ctypeparser.TypeTraits object at 0x7fca1c7d0390>))
DEBUG:pybindgen.typehandlers:TypeMatcher.lookup('uint32_t')
DEBUG:pybindgen.typehandlers:try to lookup type handler for 'uint32_t' => success ((<class 'pybindgen.typehandlers.inttype.UnsignedIntParam'>, None, <pybindgen.typehandlers.ctypeparser.TypeTraits object at 0x7fca1c7d0780>))
DEBUG:pybindgen.typehandlers:TypeMatcher.lookup('uint8_t const *')
DEBUG:pybindgen.typehandlers:try to lookup type handler for 'uint8_t const *' => success ((<class 'pybindgen.typehandlers.inttype.UInt8PtrParam'>, None, <pybindgen.typehandlers.ctypeparser.TypeTraits object at 0x7fca1c7d0ac8>))
/home/imran/ns-allinone-3.36.1/ns-3.36.1/src/dsdv/bindings/modulegen__gcc_LP64.py:6808: Warning: exception TypeConfigurationError('direction not given',) in wrapper <pybindgen.cppmethod.CppConstructor object at 0x7fca1c7d0a58>
  cls.add_constructor([param('uint8_t const *', 'buffer'), param('uint32_t', 'size'), param('bool', 'magic')])
DEBUG:pybindgen.typehandlers:TypeMatcher.lookup('uint8_t const *')
DEBUG:pybindgen.typehandlers:try to lookup type handler for 'uint8_t const *' => success ((<class 'pybindgen.typehandlers.inttype.UInt8PtrParam'>, None, <pybindgen.typehandlers.ctypeparser.TypeTraits object at 0x7fca1c7d0cc0>))
/home/imran/ns-allinone-3.36.1/ns-3.36.1/src/dsdv/bindings/modulegen__gcc_LP64.py:6810: Warning: exception TypeConfigurationError('direction not given',) in wrapper <pybindgen.cppmethod.CppConstructor object at 0x7fca1c7d0c88>
  cls.add_constructor([param('uint8_t const *', 'buffer'), param('uint32_t', 'size')])
DEBUG:pybindgen.typehandlers:TypeMatcher.lookup('void')
DEBUG:pybindgen.typehandlers:try to lookup type handler for 'void' => success ((<class 'pybindgen.typehandlers.voidtype.VoidReturn'>, None, <pybindgen.typehandlers.ctypeparser.TypeTraits object at 0x7fca1c7d0e48>))
DEBUG:pybindgen.typehandlers:TypeMatcher.lookup('ns3::Ptr< ns3::Packet const >')
DEBUG:pybindgen.typehandlers:try to lookup type handler for 'ns3::Ptr< ns3::Packet const >' => failure
DEBUG:pybindgen.typehandlers:try to lookup type handler for 'ns3::Packet *' => success ((<class 'pybindgen.cppclass.MemoryPolicy.register_ptr_parameter_and_return.<locals>.ThisClassPtrParameter'>, <ns3modulegen_core_customizations.SmartPointerTransformation object at 0x7fca1d6d7048>, <pybindgen.typehandlers.ctypeparser.TypeTraits object at 0x7fca1c7d8320>))
DEBUG:pybindgen.typehandlers:TypeMatcher.lookup('void')
DEBUG:pybindgen.typehandlers:try to lookup type handler for 'void' => success ((<class 'pybindgen.typehandlers.voidtype.VoidReturn'>, None, <pybindgen.typehandlers.ctypeparser.TypeTraits object at 0x7fca1c7d8588>))
DEBUG:pybindgen.typehandlers:TypeMatcher.lookup('ns3::Tag const &')
DEBUG:pybindgen.typehandlers:try to lookup type handler for 'ns3::Tag const &' => success ((<class 'pybindgen.cppclass.CppClass.__init__.<locals>.ThisClassRefParameter'>, None, <pybindgen.typehandlers.ctypeparser.TypeTraits object at 0x7fca1c7d86d8>))
DEBUG:pybindgen.typehandlers:TypeMatcher.lookup('void')
DEBUG:pybindgen.typehandlers:try to lookup type handler for 'void' => success ((<class 'pybindgen.typehandlers.voidtype.VoidReturn'>, None, <pybindgen.typehandlers.ctypeparser.TypeTraits object at 0x7fca1c7d8ac8>))
DEBUG:pybindgen.typehandlers:TypeMatcher.lookup('ns3::Tag const &')
DEBUG:pybindgen.typehandlers:try to lookup type handler for 'ns3::Tag const &' => success ((<class 'pybindgen.cppclass.CppClass.__init__.<locals>.ThisClassRefParameter'>, None, <pybindgen.typehandlers.ctypeparser.TypeTraits object at 0x7fca1c7d8c18>))
DEBUG:pybindgen.typehandlers:TypeMatcher.lookup('uint32_t')
DEBUG:pybindgen.typehandlers:try to lookup type handler for 'uint32_t' => success ((<class 'pybindgen.typehandlers.inttype.UnsignedIntParam'>, None, <pybindgen.typehandlers.ctypeparser.TypeTraits object at 0x7fca1c7d8dd8>))
DEBUG:pybindgen.typehandlers:TypeMatcher.lookup('uint32_t')
DEBUG:pybindgen.typehandlers:try to lookup type handler for 'uint32_t' => success ((<class 'pybindgen.typehandlers.inttype.UnsignedIntParam'>, None, <pybindgen.typehandlers.ctypeparser.TypeTraits object at 0x7fca1c7d8e48>))
DEBUG:pybindgen.typehandlers:TypeMatcher.lookup('void')
DEBUG:pybindgen.typehandlers:try to lookup type handler for 'void' => success ((<class 'pybindgen.typehandlers.voidtype.VoidReturn'>, None, <pybindgen.typehandlers.ctypeparser.TypeTraits object at 0x7fca1c7d0b70>))
DEBUG:pybindgen.typehandlers:TypeMatcher.lookup('ns3::Header const &')
DEBUG:pybindgen.typehandlers:try to lookup type handler for 'ns3::Header const &' => success ((<class 'pybindgen.cppclass.CppClass.__init__.<locals>.ThisClassRefParameter'>, None, <pybindgen.typehandlers.ctypeparser.TypeTraits object at 0x7fca1c7d0048>))
DEBUG:pybindgen.typehandlers:TypeMatcher.lookup('void')
DEBUG:pybindgen.typehandlers:try to lookup type handler for 'void' => success ((<class 'pybindgen.typehandlers.voidtype.VoidReturn'>, None, <pybindgen.typehandlers.ctypeparser.TypeTraits object at 0x7fca1c885198>))
DEBUG:pybindgen.typehandlers:TypeMatcher.lookup('ns3::Tag const &')
DEBUG:pybindgen.typehandlers:try to lookup type handler for 'ns3::Tag const &' => success ((<class 'pybindgen.cppclass.CppClass.__init__.<locals>.ThisClassRefParameter'>, None, <pybindgen.typehandlers.ctypeparser.TypeTraits object at 0x7fca1c885320>))
DEBUG:pybindgen.typehandlers:TypeMatcher.lookup('void')
DEBUG:pybindgen.typehandlers:try to lookup type handler for 'void' => success ((<class 'pybindgen.typehandlers.voidtype.VoidReturn'>, None, <pybindgen.typehandlers.ctypeparser.TypeTraits object at 0x7fca1c885710>))
DEBUG:pybindgen.typehandlers:TypeMatcher.lookup('uint32_t')
DEBUG:pybindgen.typehandlers:try to lookup type handler for 'uint32_t' => success ((<class 'pybindgen.typehandlers.inttype.UnsignedIntParam'>, None, <pybindgen.typehandlers.ctypeparser.TypeTraits object at 0x7fca1c885860>))
DEBUG:pybindgen.typehandlers:TypeMatcher.lookup('void')
DEBUG:pybindgen.typehandlers:try to lookup type handler for 'void' => success ((<class 'pybindgen.typehandlers.voidtype.VoidReturn'>, None, <pybindgen.typehandlers.ctypeparser.TypeTraits object at 0x7fca1c8cce48>))
DEBUG:pybindgen.typehandlers:TypeMatcher.lookup('ns3::Trailer const &')
DEBUG:pybindgen.typehandlers:try to lookup type handler for 'ns3::Trailer const &' => success ((<class 'pybindgen.cppclass.CppClass.__init__.<locals>.ThisClassRefParameter'>, None, <pybindgen.typehandlers.ctypeparser.TypeTraits object at 0x7fca1c8d3128>))
DEBUG:pybindgen.typehandlers:TypeMatcher.lookup('ns3::PacketMetadata::ItemIterator')
DEBUG:pybindgen.typehandlers:try to lookup type handler for 'ns3::PacketMetadata::ItemIterator' => success ((<class 'pybindgen.cppclass.CppClass.__init__.<locals>.ThisClassReturn'>, None, <pybindgen.typehandlers.ctypeparser.TypeTraits object at 0x7fca1c8d3e48>))
DEBUG:pybindgen.typehandlers:TypeMatcher.lookup('ns3::Ptr< ns3::Packet >')
DEBUG:pybindgen.typehandlers:try to lookup type handler for 'ns3::Ptr< ns3::Packet >' => failure
DEBUG:pybindgen.typehandlers:try to lookup type handler for 'ns3::Packet *' => success ((<class 'pybindgen.cppclass.MemoryPolicy.register_ptr_parameter_and_return.<locals>.ThisClassPtrReturn'>, <ns3modulegen_core_customizations.SmartPointerTransformation object at 0x7fca1d6d7048>, <pybindgen.typehandlers.ctypeparser.TypeTraits object at 0x7fca1c7df470>))
DEBUG:pybindgen.typehandlers:TypeMatcher.lookup('uint32_t')
DEBUG:pybindgen.typehandlers:try to lookup type handler for 'uint32_t' => success ((<class 'pybindgen.typehandlers.inttype.UnsignedIntReturn'>, None, <pybindgen.typehandlers.ctypeparser.TypeTraits object at 0x7fca1c7df6d8>))
DEBUG:pybindgen.typehandlers:TypeMatcher.lookup('uint8_t *')
DEBUG:pybindgen.typehandlers:try to lookup type handler for 'uint8_t *' => success ((<class 'pybindgen.typehandlers.inttype.UInt8PtrParam'>, None, <pybindgen.typehandlers.ctypeparser.TypeTraits object at 0x7fca1c7df7f0>))
/home/imran/ns-allinone-3.36.1/ns-3.36.1/src/dsdv/bindings/modulegen__gcc_LP64.py:6856: Warning: exception TypeConfigurationError('direction not given',) in wrapper public: retval? ???::CopyData (params?) const;
  is_const=True)
DEBUG:pybindgen.typehandlers:TypeMatcher.lookup('void')
DEBUG:pybindgen.typehandlers:try to lookup type handler for 'void' => success ((<class 'pybindgen.typehandlers.voidtype.VoidReturn'>, None, <pybindgen.typehandlers.ctypeparser.TypeTraits object at 0x7fca1c7df8d0>))
DEBUG:pybindgen.typehandlers:TypeMatcher.lookup('std::ostream *')
DEBUG:pybindgen.typehandlers:try to lookup type handler for 'std::ostream *' => failure
'std::ostream *' did not match
/home/imran/ns-allinone-3.36.1/ns-3.36.1/src/dsdv/bindings/modulegen__gcc_LP64.py:6861: Warning: exception TypeLookupError(['std::ostream *'],) in wrapper public: retval? ???::CopyData (params?) const;
  is_const=True)
DEBUG:pybindgen.typehandlers:TypeMatcher.lookup('ns3::Ptr< ns3::Packet >')
DEBUG:pybindgen.typehandlers:try to lookup type handler for 'ns3::Ptr< ns3::Packet >' => failure
DEBUG:pybindgen.typehandlers:try to lookup type handler for 'ns3::Packet *' => success ((<class 'pybindgen.cppclass.MemoryPolicy.register_ptr_parameter_and_return.<locals>.ThisClassPtrReturn'>, <ns3modulegen_core_customizations.SmartPointerTransformation object at 0x7fca1d6d7048>, <pybindgen.typehandlers.ctypeparser.TypeTraits object at 0x7fca1c7dfda0>))
DEBUG:pybindgen.typehandlers:TypeMatcher.lookup('uint32_t')
DEBUG:pybindgen.typehandlers:try to lookup type handler for 'uint32_t' => success ((<class 'pybindgen.typehandlers.inttype.UnsignedIntParam'>, None, <pybindgen.typehandlers.ctypeparser.TypeTraits object at 0x7fca1c7dfcf8>))
DEBUG:pybindgen.typehandlers:TypeMatcher.lookup('uint32_t')
DEBUG:pybindgen.typehandlers:try to lookup type handler for 'uint32_t' => success ((<class 'pybindgen.typehandlers.inttype.UnsignedIntParam'>, None, <pybindgen.typehandlers.ctypeparser.TypeTraits object at 0x7fca1c7dfd68>))
DEBUG:pybindgen.typehandlers:TypeMatcher.lookup('void')
DEBUG:pybindgen.typehandlers:try to lookup type handler for 'void' => success ((<class 'pybindgen.typehandlers.voidtype.VoidReturn'>, None, <pybindgen.typehandlers.ctypeparser.TypeTraits object at 0x7fca1c764208>))
DEBUG:pybindgen.typehandlers:TypeMatcher.lookup('void')
DEBUG:pybindgen.typehandlers:try to lookup type handler for 'void' => success ((<class 'pybindgen.typehandlers.voidtype.VoidReturn'>, None, <pybindgen.typehandlers.ctypeparser.TypeTraits object at 0x7fca1c7645c0>))
DEBUG:pybindgen.typehandlers:TypeMatcher.lookup('bool')
DEBUG:pybindgen.typehandlers:try to lookup type handler for 'bool' => success ((<class 'pybindgen.typehandlers.booltype.BoolReturn'>, None, <pybindgen.typehandlers.ctypeparser.TypeTraits object at 0x7fca1c7dfac8>))
DEBUG:pybindgen.typehandlers:TypeMatcher.lookup('ns3::Tag &')
DEBUG:pybindgen.typehandlers:try to lookup type handler for 'ns3::Tag &' => success ((<class 'pybindgen.cppclass.CppClass.__init__.<locals>.ThisClassRefParameter'>, None, <pybindgen.typehandlers.ctypeparser.TypeTraits object at 0x7fca1c7df8d0>))
DEBUG:pybindgen.typehandlers:TypeMatcher.lookup('ns3::ByteTagIterator')
DEBUG:pybindgen.typehandlers:try to lookup type handler for 'ns3::ByteTagIterator' => success ((<class 'pybindgen.cppclass.CppClass.__init__.<locals>.ThisClassReturn'>, None, <pybindgen.typehandlers.ctypeparser.TypeTraits object at 0x7fca1c7649b0>))
DEBUG:pybindgen.typehandlers:TypeMatcher.lookup('ns3::Ptr< ns3::NixVector >')
DEBUG:pybindgen.typehandlers:try to lookup type handler for 'ns3::Ptr< ns3::NixVector >' => failure
DEBUG:pybindgen.typehandlers:try to lookup type handler for 'ns3::NixVector *' => success ((<class 'pybindgen.cppclass.MemoryPolicy.register_ptr_parameter_and_return.<locals>.ThisClassPtrReturn'>, <ns3modulegen_core_customizations.SmartPointerTransformation object at 0x7fca1d6d7048>, <pybindgen.typehandlers.ctypeparser.TypeTraits object at 0x7fca1c764f60>))
DEBUG:pybindgen.typehandlers:TypeMatcher.lookup('ns3::PacketTagIterator')
DEBUG:pybindgen.typehandlers:try to lookup type handler for 'ns3::PacketTagIterator' => success ((<class 'pybindgen.cppclass.CppClass.__init__.<locals>.ThisClassReturn'>, None, <pybindgen.typehandlers.ctypeparser.TypeTraits object at 0x7fca1c76a208>))
DEBUG:pybindgen.typehandlers:TypeMatcher.lookup('uint32_t')
DEBUG:pybindgen.typehandlers:try to lookup type handler for 'uint32_t' => success ((<class 'pybindgen.typehandlers.inttype.UnsignedIntReturn'>, None, <pybindgen.typehandlers.ctypeparser.TypeTraits object at 0x7fca1c76a588>))
DEBUG:pybindgen.typehandlers:TypeMatcher.lookup('uint32_t')
DEBUG:pybindgen.typehandlers:try to lookup type handler for 'uint32_t' => success ((<class 'pybindgen.typehandlers.inttype.UnsignedIntReturn'>, None, <pybindgen.typehandlers.ctypeparser.TypeTraits object at 0x7fca1c76a908>))
DEBUG:pybindgen.typehandlers:TypeMatcher.lookup('uint64_t')
DEBUG:pybindgen.typehandlers:try to lookup type handler for 'uint64_t' => success ((<class 'pybindgen.typehandlers.inttype.UnsignedLongLongReturn'>, None, <pybindgen.typehandlers.ctypeparser.TypeTraits object at 0x7fca1c76ac88>))
DEBUG:pybindgen.typehandlers:TypeMatcher.lookup('uint32_t')
DEBUG:pybindgen.typehandlers:try to lookup type handler for 'uint32_t' => success ((<class 'pybindgen.typehandlers.inttype.UnsignedIntReturn'>, None, <pybindgen.typehandlers.ctypeparser.TypeTraits object at 0x7fca1c772048>))
DEBUG:pybindgen.typehandlers:TypeMatcher.lookup('ns3::Header &')
DEBUG:pybindgen.typehandlers:try to lookup type handler for 'ns3::Header &' => success ((<class 'pybindgen.cppclass.CppClass.__init__.<locals>.ThisClassRefParameter'>, None, <pybindgen.typehandlers.ctypeparser.TypeTraits object at 0x7fca1c772160>))
DEBUG:pybindgen.typehandlers:TypeMatcher.lookup('uint32_t')
DEBUG:pybindgen.typehandlers:try to lookup type handler for 'uint32_t' => success ((<class 'pybindgen.typehandlers.inttype.UnsignedIntReturn'>, None, <pybindgen.typehandlers.ctypeparser.TypeTraits object at 0x7fca1c7724e0>))
DEBUG:pybindgen.typehandlers:TypeMatcher.lookup('ns3::Header &')
DEBUG:pybindgen.typehandlers:try to lookup type handler for 'ns3::Header &' => success ((<class 'pybindgen.cppclass.CppClass.__init__.<locals>.ThisClassRefParameter'>, None, <pybindgen.typehandlers.ctypeparser.TypeTraits object at 0x7fca1c7725f8>))
DEBUG:pybindgen.typehandlers:TypeMatcher.lookup('uint32_t')
DEBUG:pybindgen.typehandlers:try to lookup type handler for 'uint32_t' => success ((<class 'pybindgen.typehandlers.inttype.UnsignedIntParam'>, None, <pybindgen.typehandlers.ctypeparser.TypeTraits object at 0x7fca1c772710>))
DEBUG:pybindgen.typehandlers:TypeMatcher.lookup('bool')
DEBUG:pybindgen.typehandlers:try to lookup type handler for 'bool' => success ((<class 'pybindgen.typehandlers.booltype.BoolReturn'>, None, <pybindgen.typehandlers.ctypeparser.TypeTraits object at 0x7fca1c772a20>))
DEBUG:pybindgen.typehandlers:TypeMatcher.lookup('ns3::Tag &')
DEBUG:pybindgen.typehandlers:try to lookup type handler for 'ns3::Tag &' => success ((<class 'pybindgen.cppclass.CppClass.__init__.<locals>.ThisClassRefParameter'>, None, <pybindgen.typehandlers.ctypeparser.TypeTraits object at 0x7fca1c772b70>))
DEBUG:pybindgen.typehandlers:TypeMatcher.lookup('uint32_t')
DEBUG:pybindgen.typehandlers:try to lookup type handler for 'uint32_t' => success ((<class 'pybindgen.typehandlers.inttype.UnsignedIntReturn'>, None, <pybindgen.typehandlers.ctypeparser.TypeTraits object at 0x7fca1c772ef0>))
DEBUG:pybindgen.typehandlers:TypeMatcher.lookup('ns3::Trailer &')
DEBUG:pybindgen.typehandlers:try to lookup type handler for 'ns3::Trailer &' => success ((<class 'pybindgen.cppclass.CppClass.__init__.<locals>.ThisClassRefParameter'>, None, <pybindgen.typehandlers.ctypeparser.TypeTraits object at 0x7fca1c77b048>))
DEBUG:pybindgen.typehandlers:TypeMatcher.lookup('void')
DEBUG:pybindgen.typehandlers:try to lookup type handler for 'void' => success ((<class 'pybindgen.typehandlers.voidtype.VoidReturn'>, None, <pybindgen.typehandlers.ctypeparser.TypeTraits object at 0x7fca1c77b3c8>))
DEBUG:pybindgen.typehandlers:TypeMatcher.lookup('std::ostream &')
DEBUG:pybindgen.typehandlers:try to lookup type handler for 'std::ostream &' => failure
'std::ostream &' did not match
/home/imran/ns-allinone-3.36.1/ns-3.36.1/src/dsdv/bindings/modulegen__gcc_LP64.py:6935: Warning: exception TypeLookupError(['std::ostream &'],) in wrapper public: retval? ???::Print (params?) const;
  is_const=True)
DEBUG:pybindgen.typehandlers:TypeMatcher.lookup('void')
DEBUG:pybindgen.typehandlers:try to lookup type handler for 'void' => success ((<class 'pybindgen.typehandlers.voidtype.VoidReturn'>, None, <pybindgen.typehandlers.ctypeparser.TypeTraits object at 0x7fca1c77b630>))
DEBUG:pybindgen.typehandlers:TypeMatcher.lookup('std::ostream &')
DEBUG:pybindgen.typehandlers:try to lookup type handler for 'std::ostream &' => failure
'std::ostream &' did not match
/home/imran/ns-allinone-3.36.1/ns-3.36.1/src/dsdv/bindings/modulegen__gcc_LP64.py:6940: Warning: exception TypeLookupError(['std::ostream &'],) in wrapper public: retval? ???::PrintByteTags (params?) const;
  is_const=True)
DEBUG:pybindgen.typehandlers:TypeMatcher.lookup('void')
DEBUG:pybindgen.typehandlers:try to lookup type handler for 'void' => success ((<class 'pybindgen.typehandlers.voidtype.VoidReturn'>, None, <pybindgen.typehandlers.ctypeparser.TypeTraits object at 0x7fca1c77b860>))
DEBUG:pybindgen.typehandlers:TypeMatcher.lookup('std::ostream &')
DEBUG:pybindgen.typehandlers:try to lookup type handler for 'std::ostream &' => failure
'std::ostream &' did not match
/home/imran/ns-allinone-3.36.1/ns-3.36.1/src/dsdv/bindings/modulegen__gcc_LP64.py:6945: Warning: exception TypeLookupError(['std::ostream &'],) in wrapper public: retval? ???::PrintPacketTags (params?) const;
  is_const=True)
DEBUG:pybindgen.typehandlers:TypeMatcher.lookup('void')
DEBUG:pybindgen.typehandlers:try to lookup type handler for 'void' => success ((<class 'pybindgen.typehandlers.voidtype.VoidReturn'>, None, <pybindgen.typehandlers.ctypeparser.TypeTraits object at 0x7fca1c77ba90>))
DEBUG:pybindgen.typehandlers:TypeMatcher.lookup('void')
DEBUG:pybindgen.typehandlers:try to lookup type handler for 'void' => success ((<class 'pybindgen.typehandlers.voidtype.VoidReturn'>, None, <pybindgen.typehandlers.ctypeparser.TypeTraits object at 0x7fca1c77be48>))
DEBUG:pybindgen.typehandlers:TypeMatcher.lookup('void')
DEBUG:pybindgen.typehandlers:try to lookup type handler for 'void' => success ((<class 'pybindgen.typehandlers.voidtype.VoidReturn'>, None, <pybindgen.typehandlers.ctypeparser.TypeTraits object at 0x7fca1c785278>))
DEBUG:pybindgen.typehandlers:TypeMatcher.lookup('uint32_t')
DEBUG:pybindgen.typehandlers:try to lookup type handler for 'uint32_t' => success ((<class 'pybindgen.typehandlers.inttype.UnsignedIntParam'>, None, <pybindgen.typehandlers.ctypeparser.TypeTraits object at 0x7fca1c7853c8>))
DEBUG:pybindgen.typehandlers:TypeMatcher.lookup('void')
DEBUG:pybindgen.typehandlers:try to lookup type handler for 'void' => success ((<class 'pybindgen.typehandlers.voidtype.VoidReturn'>, None, <pybindgen.typehandlers.ctypeparser.TypeTraits object at 0x7fca1c785710>))
DEBUG:pybindgen.typehandlers:TypeMatcher.lookup('uint32_t')
DEBUG:pybindgen.typehandlers:try to lookup type handler for 'uint32_t' => success ((<class 'pybindgen.typehandlers.inttype.UnsignedIntParam'>, None, <pybindgen.typehandlers.ctypeparser.TypeTraits object at 0x7fca1c785860>))
DEBUG:pybindgen.typehandlers:TypeMatcher.lookup('uint32_t')
DEBUG:pybindgen.typehandlers:try to lookup type handler for 'uint32_t' => success ((<class 'pybindgen.typehandlers.inttype.UnsignedIntReturn'>, None, <pybindgen.typehandlers.ctypeparser.TypeTraits object at 0x7fca1c785ba8>))
DEBUG:pybindgen.typehandlers:TypeMatcher.lookup('ns3::Header &')
DEBUG:pybindgen.typehandlers:try to lookup type handler for 'ns3::Header &' => success ((<class 'pybindgen.cppclass.CppClass.__init__.<locals>.ThisClassRefParameter'>, None, <pybindgen.typehandlers.ctypeparser.TypeTraits object at 0x7fca1c785cc0>))
DEBUG:pybindgen.typehandlers:TypeMatcher.lookup('uint32_t')
DEBUG:pybindgen.typehandlers:try to lookup type handler for 'uint32_t' => success ((<class 'pybindgen.typehandlers.inttype.UnsignedIntReturn'>, None, <pybindgen.typehandlers.ctypeparser.TypeTraits object at 0x7fca1c78c080>))
DEBUG:pybindgen.typehandlers:TypeMatcher.lookup('ns3::Header &')
DEBUG:pybindgen.typehandlers:try to lookup type handler for 'ns3::Header &' => success ((<class 'pybindgen.cppclass.CppClass.__init__.<locals>.ThisClassRefParameter'>, None, <pybindgen.typehandlers.ctypeparser.TypeTraits object at 0x7fca1c78c198>))
DEBUG:pybindgen.typehandlers:TypeMatcher.lookup('uint32_t')
DEBUG:pybindgen.typehandlers:try to lookup type handler for 'uint32_t' => success ((<class 'pybindgen.typehandlers.inttype.UnsignedIntParam'>, None, <pybindgen.typehandlers.ctypeparser.TypeTraits object at 0x7fca1c77b9b0>))
DEBUG:pybindgen.typehandlers:TypeMatcher.lookup('bool')
DEBUG:pybindgen.typehandlers:try to lookup type handler for 'bool' => success ((<class 'pybindgen.typehandlers.booltype.BoolReturn'>, None, <pybindgen.typehandlers.ctypeparser.TypeTraits object at 0x7fca1c77b5c0>))
DEBUG:pybindgen.typehandlers:TypeMatcher.lookup('ns3::Tag &')
DEBUG:pybindgen.typehandlers:try to lookup type handler for 'ns3::Tag &' => success ((<class 'pybindgen.cppclass.CppClass.__init__.<locals>.ThisClassRefParameter'>, None, <pybindgen.typehandlers.ctypeparser.TypeTraits object at 0x7fca1c77b390>))
DEBUG:pybindgen.typehandlers:TypeMatcher.lookup('uint32_t')
DEBUG:pybindgen.typehandlers:try to lookup type handler for 'uint32_t' => success ((<class 'pybindgen.typehandlers.inttype.UnsignedIntReturn'>, None, <pybindgen.typehandlers.ctypeparser.TypeTraits object at 0x7fca1c78c400>))
DEBUG:pybindgen.typehandlers:TypeMatcher.lookup('ns3::Trailer &')
DEBUG:pybindgen.typehandlers:try to lookup type handler for 'ns3::Trailer &' => success ((<class 'pybindgen.cppclass.CppClass.__init__.<locals>.ThisClassRefParameter'>, None, <pybindgen.typehandlers.ctypeparser.TypeTraits object at 0x7fca1c78c518>))
DEBUG:pybindgen.typehandlers:TypeMatcher.lookup('bool')
DEBUG:pybindgen.typehandlers:try to lookup type handler for 'bool' => success ((<class 'pybindgen.typehandlers.booltype.BoolReturn'>, None, <pybindgen.typehandlers.ctypeparser.TypeTraits object at 0x7fca1c78c898>))
DEBUG:pybindgen.typehandlers:TypeMatcher.lookup('ns3::Tag &')
DEBUG:pybindgen.typehandlers:try to lookup type handler for 'ns3::Tag &' => success ((<class 'pybindgen.cppclass.CppClass.__init__.<locals>.ThisClassRefParameter'>, None, <pybindgen.typehandlers.ctypeparser.TypeTraits object at 0x7fca1c78c9e8>))
DEBUG:pybindgen.typehandlers:TypeMatcher.lookup('uint32_t')
DEBUG:pybindgen.typehandlers:try to lookup type handler for 'uint32_t' => success ((<class 'pybindgen.typehandlers.inttype.UnsignedIntReturn'>, None, <pybindgen.typehandlers.ctypeparser.TypeTraits object at 0x7fca1c78cd68>))
DEBUG:pybindgen.typehandlers:TypeMatcher.lookup('uint8_t *')
DEBUG:pybindgen.typehandlers:try to lookup type handler for 'uint8_t *' => success ((<class 'pybindgen.typehandlers.inttype.UInt8PtrParam'>, None, <pybindgen.typehandlers.ctypeparser.TypeTraits object at 0x7fca1c78ce80>))
/home/imran/ns-allinone-3.36.1/ns-3.36.1/src/dsdv/bindings/modulegen__gcc_LP64.py:6986: Warning: exception TypeConfigurationError('direction not given',) in wrapper public: retval? ???::Serialize (params?) const;
  is_const=True)
DEBUG:pybindgen.typehandlers:TypeMatcher.lookup('void')
DEBUG:pybindgen.typehandlers:try to lookup type handler for 'void' => success ((<class 'pybindgen.typehandlers.voidtype.VoidReturn'>, None, <pybindgen.typehandlers.ctypeparser.TypeTraits object at 0x7fca1c78cf60>))
DEBUG:pybindgen.typehandlers:TypeMatcher.lookup('ns3::Ptr< ns3::NixVector >')
DEBUG:pybindgen.typehandlers:try to lookup type handler for 'ns3::Ptr< ns3::NixVector >' => failure
DEBUG:pybindgen.typehandlers:try to lookup type handler for 'ns3::NixVector *' => success ((<class 'pybindgen.cppclass.MemoryPolicy.register_ptr_parameter_and_return.<locals>.ThisClassPtrParameter'>, <ns3modulegen_core_customizations.SmartPointerTransformation object at 0x7fca1d6d7048>, <pybindgen.typehandlers.ctypeparser.TypeTraits object at 0x7fca1c793390>))
DEBUG:pybindgen.typehandlers:TypeMatcher.lookup('std::string')
DEBUG:pybindgen.typehandlers:try to lookup type handler for 'std::string' => success ((<class 'pybindgen.typehandlers.stringtype.StdStringReturn'>, None, <pybindgen.typehandlers.ctypeparser.TypeTraits object at 0x7fca1c7935c0>))
DEBUG:pybindgen.typehandlers:TypeMatcher.lookup('ns3::TypeId')
DEBUG:pybindgen.typehandlers:try to lookup type handler for 'ns3::TypeId' => success ((<class 'pybindgen.cppclass.CppClass.__init__.<locals>.ThisClassReturn'>, None, <pybindgen.typehandlers.ctypeparser.TypeTraits object at 0x7fca1c793940>))
DEBUG:pybindgen.typehandlers:TypeMatcher.lookup('double')
DEBUG:pybindgen.typehandlers:try to lookup type handler for 'double' => success ((<class 'pybindgen.typehandlers.doubletype.DoubleReturn'>, None, <pybindgen.typehandlers.ctypeparser.TypeTraits object at 0x7fca1c793f28>))
DEBUG:pybindgen.typehandlers:TypeMatcher.lookup('double')
DEBUG:pybindgen.typehandlers:try to lookup type handler for 'double' => success ((<class 'pybindgen.typehandlers.doubletype.DoubleReturn'>, None, <pybindgen.typehandlers.ctypeparser.TypeTraits object at 0x7fca1c79a320>))
DEBUG:pybindgen.typehandlers:TypeMatcher.lookup('double')
DEBUG:pybindgen.typehandlers:try to lookup type handler for 'double' => success ((<class 'pybindgen.typehandlers.doubletype.DoubleReturn'>, None, <pybindgen.typehandlers.ctypeparser.TypeTraits object at 0x7fca1c78ce80>))
DEBUG:pybindgen.typehandlers:TypeMatcher.lookup('double')
DEBUG:pybindgen.typehandlers:try to lookup type handler for 'double' => success ((<class 'pybindgen.typehandlers.doubletype.DoubleReturn'>, None, <pybindgen.typehandlers.ctypeparser.TypeTraits object at 0x7fca1c79a828>))
DEBUG:pybindgen.typehandlers:TypeMatcher.lookup('double')
DEBUG:pybindgen.typehandlers:try to lookup type handler for 'double' => success ((<class 'pybindgen.typehandlers.doubletype.DoubleParam'>, None, <pybindgen.typehandlers.ctypeparser.TypeTraits object at 0x7fca1c79a978>))
DEBUG:pybindgen.typehandlers:TypeMatcher.lookup('double')
DEBUG:pybindgen.typehandlers:try to lookup type handler for 'double' => success ((<class 'pybindgen.typehandlers.doubletype.DoubleParam'>, None, <pybindgen.typehandlers.ctypeparser.TypeTraits object at 0x7fca1c79aa58>))
DEBUG:pybindgen.typehandlers:TypeMatcher.lookup('double')
DEBUG:pybindgen.typehandlers:try to lookup type handler for 'double' => success ((<class 'pybindgen.typehandlers.doubletype.DoubleParam'>, None, <pybindgen.typehandlers.ctypeparser.TypeTraits object at 0x7fca1c79ab70>))
DEBUG:pybindgen.typehandlers:TypeMatcher.lookup('uint32_t')
DEBUG:pybindgen.typehandlers:try to lookup type handler for 'uint32_t' => success ((<class 'pybindgen.typehandlers.inttype.UnsignedIntReturn'>, None, <pybindgen.typehandlers.ctypeparser.TypeTraits object at 0x7fca1c79af28>))
DEBUG:pybindgen.typehandlers:TypeMatcher.lookup('uint32_t')
DEBUG:pybindgen.typehandlers:try to lookup type handler for 'uint32_t' => success ((<class 'pybindgen.typehandlers.inttype.UnsignedIntParam'>, None, <pybindgen.typehandlers.ctypeparser.TypeTraits object at 0x7fca1c79f080>))
DEBUG:pybindgen.typehandlers:TypeMatcher.lookup('uint32_t')
DEBUG:pybindgen.typehandlers:try to lookup type handler for 'uint32_t' => success ((<class 'pybindgen.typehandlers.inttype.UnsignedIntParam'>, None, <pybindgen.typehandlers.ctypeparser.TypeTraits object at 0x7fca1c79f128>))
DEBUG:pybindgen.typehandlers:TypeMatcher.lookup('uint32_t')
DEBUG:pybindgen.typehandlers:try to lookup type handler for 'uint32_t' => success ((<class 'pybindgen.typehandlers.inttype.UnsignedIntParam'>, None, <pybindgen.typehandlers.ctypeparser.TypeTraits object at 0x7fca1c79f208>))
DEBUG:pybindgen.typehandlers:TypeMatcher.lookup('double')
DEBUG:pybindgen.typehandlers:try to lookup type handler for 'double' => success ((<class 'pybindgen.typehandlers.doubletype.DoubleReturn'>, None, <pybindgen.typehandlers.ctypeparser.TypeTraits object at 0x7fca1c79f588>))
DEBUG:pybindgen.typehandlers:TypeMatcher.lookup('uint32_t')
DEBUG:pybindgen.typehandlers:try to lookup type handler for 'uint32_t' => success ((<class 'pybindgen.typehandlers.inttype.UnsignedIntReturn'>, None, <pybindgen.typehandlers.ctypeparser.TypeTraits object at 0x7fca1c79fb38>))
DEBUG:pybindgen.typehandlers:TypeMatcher.lookup('ns3::Time const &')
DEBUG:pybindgen.typehandlers:try to lookup type handler for 'ns3::Time const &' => success ((<class 'pybindgen.cppclass.CppClass.__init__.<locals>.ThisClassRefParameter'>, None, <pybindgen.typehandlers.ctypeparser.TypeTraits object at 0x7fca1c72a358>))
DEBUG:pybindgen.typehandlers:TypeMatcher.lookup('ns3::TimeValue const &')
DEBUG:pybindgen.typehandlers:try to lookup type handler for 'ns3::TimeValue const &' => success ((<class 'pybindgen.cppclass.CppClass.__init__.<locals>.ThisClassRefParameter'>, None, <pybindgen.typehandlers.ctypeparser.TypeTraits object at 0x7fca1c72a748>))
DEBUG:pybindgen.typehandlers:TypeMatcher.lookup('ns3::Ptr< ns3::AttributeValue >')
DEBUG:pybindgen.typehandlers:try to lookup type handler for 'ns3::Ptr< ns3::AttributeValue >' => failure
DEBUG:pybindgen.typehandlers:try to lookup type handler for 'ns3::AttributeValue *' => success ((<class 'pybindgen.cppclass.MemoryPolicy.register_ptr_parameter_and_return.<locals>.ThisClassPtrReturn'>, <ns3modulegen_core_customizations.SmartPointerTransformation object at 0x7fca1d6d7048>, <pybindgen.typehandlers.ctypeparser.TypeTraits object at 0x7fca1c72ad30>))
DEBUG:pybindgen.typehandlers:TypeMatcher.lookup('bool')
DEBUG:pybindgen.typehandlers:try to lookup type handler for 'bool' => success ((<class 'pybindgen.typehandlers.booltype.BoolReturn'>, None, <pybindgen.typehandlers.ctypeparser.TypeTraits object at 0x7fca1c72af98>))
DEBUG:pybindgen.typehandlers:TypeMatcher.lookup('std::string')
DEBUG:pybindgen.typehandlers:try to lookup type handler for 'std::string' => success ((<class 'pybindgen.typehandlers.stringtype.StdStringParam'>, None, <pybindgen.typehandlers.ctypeparser.TypeTraits object at 0x7fca1c732128>))
DEBUG:pybindgen.typehandlers:TypeMatcher.lookup('ns3::Ptr< ns3::AttributeChecker const >')
DEBUG:pybindgen.typehandlers:try to lookup type handler for 'ns3::Ptr< ns3::AttributeChecker const >' => failure
DEBUG:pybindgen.typehandlers:try to lookup type handler for 'ns3::AttributeChecker *' => success ((<class 'pybindgen.cppclass.MemoryPolicy.register_ptr_parameter_and_return.<locals>.ThisClassPtrParameter'>, <ns3modulegen_core_customizations.SmartPointerTransformation object at 0x7fca1d6d7048>, <pybindgen.typehandlers.ctypeparser.TypeTraits object at 0x7fca1c732470>))
DEBUG:pybindgen.typehandlers:TypeMatcher.lookup('ns3::Time')
DEBUG:pybindgen.typehandlers:try to lookup type handler for 'ns3::Time' => success ((<class 'pybindgen.cppclass.CppClass.__init__.<locals>.ThisClassReturn'>, None, <pybindgen.typehandlers.ctypeparser.TypeTraits object at 0x7fca1c7326d8>))
DEBUG:pybindgen.typehandlers:TypeMatcher.lookup('std::string')
DEBUG:pybindgen.typehandlers:try to lookup type handler for 'std::string' => success ((<class 'pybindgen.typehandlers.stringtype.StdStringReturn'>, None, <pybindgen.typehandlers.ctypeparser.TypeTraits object at 0x7fca1c732a58>))
DEBUG:pybindgen.typehandlers:TypeMatcher.lookup('ns3::Ptr< ns3::AttributeChecker const >')
DEBUG:pybindgen.typehandlers:try to lookup type handler for 'ns3::Ptr< ns3::AttributeChecker const >' => failure
DEBUG:pybindgen.typehandlers:try to lookup type handler for 'ns3::AttributeChecker *' => success ((<class 'pybindgen.cppclass.MemoryPolicy.register_ptr_parameter_and_return.<locals>.ThisClassPtrParameter'>, <ns3modulegen_core_customizations.SmartPointerTransformation object at 0x7fca1d6d7048>, <pybindgen.typehandlers.ctypeparser.TypeTraits object at 0x7fca1c732dd8>))
DEBUG:pybindgen.typehandlers:TypeMatcher.lookup('void')
DEBUG:pybindgen.typehandlers:try to lookup type handler for 'void' => success ((<class 'pybindgen.typehandlers.voidtype.VoidReturn'>, None, <pybindgen.typehandlers.ctypeparser.TypeTraits object at 0x7fca1c738080>))
DEBUG:pybindgen.typehandlers:TypeMatcher.lookup('ns3::Time const &')
DEBUG:pybindgen.typehandlers:try to lookup type handler for 'ns3::Time const &' => success ((<class 'pybindgen.cppclass.CppClass.__init__.<locals>.ThisClassRefParameter'>, None, <pybindgen.typehandlers.ctypeparser.TypeTraits object at 0x7fca1c7381d0>))
DEBUG:pybindgen.typehandlers:TypeMatcher.lookup('ns3::TypeIdChecker const &')
DEBUG:pybindgen.typehandlers:try to lookup type handler for 'ns3::TypeIdChecker const &' => success ((<class 'pybindgen.cppclass.CppClass.__init__.<locals>.ThisClassRefParameter'>, None, <pybindgen.typehandlers.ctypeparser.TypeTraits object at 0x7fca1c738860>))
DEBUG:pybindgen.typehandlers:TypeMatcher.lookup('ns3::TypeId const &')
DEBUG:pybindgen.typehandlers:try to lookup type handler for 'ns3::TypeId const &' => success ((<class 'pybindgen.cppclass.CppClass.__init__.<locals>.ThisClassRefParameter'>, None, <pybindgen.typehandlers.ctypeparser.TypeTraits object at 0x7fca1c738eb8>))
DEBUG:pybindgen.typehandlers:TypeMatcher.lookup('ns3::TypeIdValue const &')
DEBUG:pybindgen.typehandlers:try to lookup type handler for 'ns3::TypeIdValue const &' => success ((<class 'pybindgen.cppclass.CppClass.__init__.<locals>.ThisClassRefParameter'>, None, <pybindgen.typehandlers.ctypeparser.TypeTraits object at 0x7fca1c7402e8>))
DEBUG:pybindgen.typehandlers:TypeMatcher.lookup('ns3::Ptr< ns3::AttributeValue >')
DEBUG:pybindgen.typehandlers:try to lookup type handler for 'ns3::Ptr< ns3::AttributeValue >' => failure
DEBUG:pybindgen.typehandlers:try to lookup type handler for 'ns3::AttributeValue *' => success ((<class 'pybindgen.cppclass.MemoryPolicy.register_ptr_parameter_and_return.<locals>.ThisClassPtrReturn'>, <ns3modulegen_core_customizations.SmartPointerTransformation object at 0x7fca1d6d7048>, <pybindgen.typehandlers.ctypeparser.TypeTraits object at 0x7fca1c7408d0>))
DEBUG:pybindgen.typehandlers:TypeMatcher.lookup('bool')
DEBUG:pybindgen.typehandlers:try to lookup type handler for 'bool' => success ((<class 'pybindgen.typehandlers.booltype.BoolReturn'>, None, <pybindgen.typehandlers.ctypeparser.TypeTraits object at 0x7fca1c740b38>))
DEBUG:pybindgen.typehandlers:TypeMatcher.lookup('std::string')
DEBUG:pybindgen.typehandlers:try to lookup type handler for 'std::string' => success ((<class 'pybindgen.typehandlers.stringtype.StdStringParam'>, None, <pybindgen.typehandlers.ctypeparser.TypeTraits object at 0x7fca1c740c88>))
DEBUG:pybindgen.typehandlers:TypeMatcher.lookup('ns3::Ptr< ns3::AttributeChecker const >')
DEBUG:pybindgen.typehandlers:try to lookup type handler for 'ns3::Ptr< ns3::AttributeChecker const >' => failure
DEBUG:pybindgen.typehandlers:try to lookup type handler for 'ns3::AttributeChecker *' => success ((<class 'pybindgen.cppclass.MemoryPolicy.register_ptr_parameter_and_return.<locals>.ThisClassPtrParameter'>, <ns3modulegen_core_customizations.SmartPointerTransformation object at 0x7fca1d6d7048>, <pybindgen.typehandlers.ctypeparser.TypeTraits object at 0x7fca1c740f60>))
DEBUG:pybindgen.typehandlers:TypeMatcher.lookup('ns3::TypeId')
DEBUG:pybindgen.typehandlers:try to lookup type handler for 'ns3::TypeId' => success ((<class 'pybindgen.cppclass.CppClass.__init__.<locals>.ThisClassReturn'>, None, <pybindgen.typehandlers.ctypeparser.TypeTraits object at 0x7fca1c745278>))
DEBUG:pybindgen.typehandlers:TypeMatcher.lookup('std::string')
DEBUG:pybindgen.typehandlers:try to lookup type handler for 'std::string' => success ((<class 'pybindgen.typehandlers.stringtype.StdStringReturn'>, None, <pybindgen.typehandlers.ctypeparser.TypeTraits object at 0x7fca1c7455f8>))
DEBUG:pybindgen.typehandlers:TypeMatcher.lookup('ns3::Ptr< ns3::AttributeChecker const >')
DEBUG:pybindgen.typehandlers:try to lookup type handler for 'ns3::Ptr< ns3::AttributeChecker const >' => failure
DEBUG:pybindgen.typehandlers:try to lookup type handler for 'ns3::AttributeChecker *' => success ((<class 'pybindgen.cppclass.MemoryPolicy.register_ptr_parameter_and_return.<locals>.ThisClassPtrParameter'>, <ns3modulegen_core_customizations.SmartPointerTransformation object at 0x7fca1d6d7048>, <pybindgen.typehandlers.ctypeparser.TypeTraits object at 0x7fca1c745978>))
DEBUG:pybindgen.typehandlers:TypeMatcher.lookup('void')
DEBUG:pybindgen.typehandlers:try to lookup type handler for 'void' => success ((<class 'pybindgen.typehandlers.voidtype.VoidReturn'>, None, <pybindgen.typehandlers.ctypeparser.TypeTraits object at 0x7fca1c745be0>))
DEBUG:pybindgen.typehandlers:TypeMatcher.lookup('ns3::TypeId const &')
DEBUG:pybindgen.typehandlers:try to lookup type handler for 'ns3::TypeId const &' => success ((<class 'pybindgen.cppclass.CppClass.__init__.<locals>.ThisClassRefParameter'>, None, <pybindgen.typehandlers.ctypeparser.TypeTraits object at 0x7fca1c745d30>))
DEBUG:pybindgen.typehandlers:TypeMatcher.lookup('ns3::AddressChecker const &')
DEBUG:pybindgen.typehandlers:try to lookup type handler for 'ns3::AddressChecker const &' => success ((<class 'pybindgen.cppclass.CppClass.__init__.<locals>.ThisClassRefParameter'>, None, <pybindgen.typehandlers.ctypeparser.TypeTraits object at 0x7fca1c74d400>))
DEBUG:pybindgen.typehandlers:TypeMatcher.lookup('ns3::Address const &')
DEBUG:pybindgen.typehandlers:try to lookup type handler for 'ns3::Address const &' => success ((<class 'pybindgen.cppclass.CppClass.__init__.<locals>.ThisClassRefParameter'>, None, <pybindgen.typehandlers.ctypeparser.TypeTraits object at 0x7fca1c74da58>))
DEBUG:pybindgen.typehandlers:TypeMatcher.lookup('ns3::AddressValue const &')
DEBUG:pybindgen.typehandlers:try to lookup type handler for 'ns3::AddressValue const &' => success ((<class 'pybindgen.cppclass.CppClass.__init__.<locals>.ThisClassRefParameter'>, None, <pybindgen.typehandlers.ctypeparser.TypeTraits object at 0x7fca1c74de48>))
DEBUG:pybindgen.typehandlers:TypeMatcher.lookup('ns3::Ptr< ns3::AttributeValue >')
DEBUG:pybindgen.typehandlers:try to lookup type handler for 'ns3::Ptr< ns3::AttributeValue >' => failure
DEBUG:pybindgen.typehandlers:try to lookup type handler for 'ns3::AttributeValue *' => success ((<class 'pybindgen.cppclass.MemoryPolicy.register_ptr_parameter_and_return.<locals>.ThisClassPtrReturn'>, <ns3modulegen_core_customizations.SmartPointerTransformation object at 0x7fca1d6d7048>, <pybindgen.typehandlers.ctypeparser.TypeTraits object at 0x7fca1c757470>))
DEBUG:pybindgen.typehandlers:TypeMatcher.lookup('bool')
DEBUG:pybindgen.typehandlers:try to lookup type handler for 'bool' => success ((<class 'pybindgen.typehandlers.booltype.BoolReturn'>, None, <pybindgen.typehandlers.ctypeparser.TypeTraits object at 0x7fca1c7576d8>))
DEBUG:pybindgen.typehandlers:TypeMatcher.lookup('std::string')
DEBUG:pybindgen.typehandlers:try to lookup type handler for 'std::string' => success ((<class 'pybindgen.typehandlers.stringtype.StdStringParam'>, None, <pybindgen.typehandlers.ctypeparser.TypeTraits object at 0x7fca1c757828>))
DEBUG:pybindgen.typehandlers:TypeMatcher.lookup('ns3::Ptr< ns3::AttributeChecker const >')
DEBUG:pybindgen.typehandlers:try to lookup type handler for 'ns3::Ptr< ns3::AttributeChecker const >' => failure
DEBUG:pybindgen.typehandlers:try to lookup type handler for 'ns3::AttributeChecker *' => success ((<class 'pybindgen.cppclass.MemoryPolicy.register_ptr_parameter_and_return.<locals>.ThisClassPtrParameter'>, <ns3modulegen_core_customizations.SmartPointerTransformation object at 0x7fca1d6d7048>, <pybindgen.typehandlers.ctypeparser.TypeTraits object at 0x7fca1c757b70>))
DEBUG:pybindgen.typehandlers:TypeMatcher.lookup('ns3::Address')
DEBUG:pybindgen.typehandlers:try to lookup type handler for 'ns3::Address' => success ((<class 'pybindgen.cppclass.CppClass.__init__.<locals>.ThisClassReturn'>, None, <pybindgen.typehandlers.ctypeparser.TypeTraits object at 0x7fca1c757dd8>))
DEBUG:pybindgen.typehandlers:TypeMatcher.lookup('std::string')
DEBUG:pybindgen.typehandlers:try to lookup type handler for 'std::string' => success ((<class 'pybindgen.typehandlers.stringtype.StdStringReturn'>, None, <pybindgen.typehandlers.ctypeparser.TypeTraits object at 0x7fca1c6e0198>))
DEBUG:pybindgen.typehandlers:TypeMatcher.lookup('ns3::Ptr< ns3::AttributeChecker const >')
DEBUG:pybindgen.typehandlers:try to lookup type handler for 'ns3::Ptr< ns3::AttributeChecker const >' => failure
DEBUG:pybindgen.typehandlers:try to lookup type handler for 'ns3::AttributeChecker *' => success ((<class 'pybindgen.cppclass.MemoryPolicy.register_ptr_parameter_and_return.<locals>.ThisClassPtrParameter'>, <ns3modulegen_core_customizations.SmartPointerTransformation object at 0x7fca1d6d7048>, <pybindgen.typehandlers.ctypeparser.TypeTraits object at 0x7fca1c6e0518>))
DEBUG:pybindgen.typehandlers:TypeMatcher.lookup('void')
DEBUG:pybindgen.typehandlers:try to lookup type handler for 'void' => success ((<class 'pybindgen.typehandlers.voidtype.VoidReturn'>, None, <pybindgen.typehandlers.ctypeparser.TypeTraits object at 0x7fca1c6e0780>))
DEBUG:pybindgen.typehandlers:TypeMatcher.lookup('ns3::Address const &')
DEBUG:pybindgen.typehandlers:try to lookup type handler for 'ns3::Address const &' => success ((<class 'pybindgen.cppclass.CppClass.__init__.<locals>.ThisClassRefParameter'>, None, <pybindgen.typehandlers.ctypeparser.TypeTraits object at 0x7fca1c6e08d0>))
DEBUG:pybindgen.typehandlers:TypeMatcher.lookup('ns3::CallbackImpl< bool, ns3::Ptr< ns3::Socket >, ns3::Address const &, ns3::empty, ns3::empty, ns3::empty, ns3::empty, ns3::empty, ns3::empty, ns3::empty > const &')
DEBUG:pybindgen.typehandlers:try to lookup type handler for 'ns3::CallbackImpl< bool, ns3::Ptr< ns3::Socket >, ns3::Address const &, ns3::empty, ns3::empty, ns3::empty, ns3::empty, ns3::empty, ns3::empty, ns3::empty > const &' => success ((<class 'pybindgen.cppclass.CppClass.__init__.<locals>.ThisClassRefParameter'>, None, <pybindgen.typehandlers.ctypeparser.TypeTraits object at 0x7fca1c6e0f60>))
DEBUG:pybindgen.typehandlers:TypeMatcher.lookup('std::string')
DEBUG:pybindgen.typehandlers:try to lookup type handler for 'std::string' => success ((<class 'pybindgen.typehandlers.stringtype.StdStringReturn'>, None, <pybindgen.typehandlers.ctypeparser.TypeTraits object at 0x7fca1c6e6978>))
DEBUG:pybindgen.typehandlers:TypeMatcher.lookup('std::string')
DEBUG:pybindgen.typehandlers:try to lookup type handler for 'std::string' => success ((<class 'pybindgen.typehandlers.stringtype.StdStringReturn'>, None, <pybindgen.typehandlers.ctypeparser.TypeTraits object at 0x7fca1c6e6cf8>))
DEBUG:pybindgen.typehandlers:TypeMatcher.lookup('bool')
DEBUG:pybindgen.typehandlers:try to lookup type handler for 'bool' => success ((<class 'pybindgen.typehandlers.booltype.BoolReturn'>, None, <pybindgen.typehandlers.ctypeparser.TypeTraits object at 0x7fca1c6ec0b8>))
DEBUG:pybindgen.typehandlers:TypeMatcher.lookup('ns3::Ptr< ns3::Socket >')
DEBUG:pybindgen.typehandlers:try to lookup type handler for 'ns3::Ptr< ns3::Socket >' => failure
DEBUG:pybindgen.typehandlers:try to lookup type handler for 'ns3::Socket *' => success ((<class 'pybindgen.cppclass.MemoryPolicy.register_ptr_parameter_and_return.<locals>.ThisClassPtrParameter'>, <ns3modulegen_core_customizations.SmartPointerTransformation object at 0x7fca1d6d7048>, <pybindgen.typehandlers.ctypeparser.TypeTraits object at 0x7fca1c6ec438>))
DEBUG:pybindgen.typehandlers:TypeMatcher.lookup('ns3::Address const &')
DEBUG:pybindgen.typehandlers:try to lookup type handler for 'ns3::Address const &' => success ((<class 'pybindgen.cppclass.CppClass.__init__.<locals>.ThisClassRefParameter'>, None, <pybindgen.typehandlers.ctypeparser.TypeTraits object at 0x7fca1c6ec438>))
DEBUG:pybindgen.typehandlers:TypeMatcher.lookup('ns3::CallbackImpl< ns3::ObjectBase *, ns3::empty, ns3::empty, ns3::empty, ns3::empty, ns3::empty, ns3::empty, ns3::empty, ns3::empty, ns3::empty > const &')
DEBUG:pybindgen.typehandlers:try to lookup type handler for 'ns3::CallbackImpl< ns3::ObjectBase *, ns3::empty, ns3::empty, ns3::empty, ns3::empty, ns3::empty, ns3::empty, ns3::empty, ns3::empty, ns3::empty > const &' => success ((<class 'pybindgen.cppclass.CppClass.__init__.<locals>.ThisClassRefParameter'>, None, <pybindgen.typehandlers.ctypeparser.TypeTraits object at 0x7fca1c6eca90>))
DEBUG:pybindgen.typehandlers:TypeMatcher.lookup('std::string')
DEBUG:pybindgen.typehandlers:try to lookup type handler for 'std::string' => success ((<class 'pybindgen.typehandlers.stringtype.StdStringReturn'>, None, <pybindgen.typehandlers.ctypeparser.TypeTraits object at 0x7fca1c6f3358>))
DEBUG:pybindgen.typehandlers:TypeMatcher.lookup('std::string')
DEBUG:pybindgen.typehandlers:try to lookup type handler for 'std::string' => success ((<class 'pybindgen.typehandlers.stringtype.StdStringReturn'>, None, <pybindgen.typehandlers.ctypeparser.TypeTraits object at 0x7fca1c6f36d8>))
DEBUG:pybindgen.typehandlers:TypeMatcher.lookup('ns3::ObjectBase *')
DEBUG:pybindgen.typehandlers:try to lookup type handler for 'ns3::ObjectBase *' => success ((<class 'pybindgen.cppclass.CppClass.__init__.<locals>.ThisClassPtrReturn'>, None, <pybindgen.typehandlers.ctypeparser.TypeTraits object at 0x7fca1c6f3a58>))
DEBUG:pybindgen.typehandlers:TypeMatcher.lookup('ns3::CallbackImpl< void, ns3::Ipv4Header const &, ns3::Ptr< ns3::Packet const >, ns3::Ipv4L3Protocol::DropReason, ns3::Ptr< ns3::Ipv4 >, unsigned int, ns3::empty, ns3::empty, ns3::empty, ns3::empty > const &')
DEBUG:pybindgen.typehandlers:try to lookup type handler for 'ns3::CallbackImpl< void, ns3::Ipv4Header const &, ns3::Ptr< ns3::Packet const >, ns3::Ipv4L3Protocol::DropReason, ns3::Ptr< ns3::Ipv4 >, unsigned int, ns3::empty, ns3::empty, ns3::empty, ns3::empty > const &' => success ((<class 'pybindgen.cppclass.CppClass.__init__.<locals>.ThisClassRefParameter'>, None, <pybindgen.typehandlers.ctypeparser.TypeTraits object at 0x7fca1c6fc0f0>))
DEBUG:pybindgen.typehandlers:TypeMatcher.lookup('std::string')
DEBUG:pybindgen.typehandlers:try to lookup type handler for 'std::string' => success ((<class 'pybindgen.typehandlers.stringtype.StdStringReturn'>, None, <pybindgen.typehandlers.ctypeparser.TypeTraits object at 0x7fca1c6fcc50>))
DEBUG:pybindgen.typehandlers:TypeMatcher.lookup('std::string')
DEBUG:pybindgen.typehandlers:try to lookup type handler for 'std::string' => success ((<class 'pybindgen.typehandlers.stringtype.StdStringReturn'>, None, <pybindgen.typehandlers.ctypeparser.TypeTraits object at 0x7fca1c6fcfd0>))
DEBUG:pybindgen.typehandlers:TypeMatcher.lookup('void')
DEBUG:pybindgen.typehandlers:try to lookup type handler for 'void' => success ((<class 'pybindgen.typehandlers.voidtype.VoidReturn'>, None, <pybindgen.typehandlers.ctypeparser.TypeTraits object at 0x7fca1c703390>))
DEBUG:pybindgen.typehandlers:TypeMatcher.lookup('ns3::Ipv4Header const &')
DEBUG:pybindgen.typehandlers:try to lookup type handler for 'ns3::Ipv4Header const &' => success ((<class 'pybindgen.cppclass.CppClass.__init__.<locals>.ThisClassRefParameter'>, None, <pybindgen.typehandlers.ctypeparser.TypeTraits object at 0x7fca1c7034e0>))
DEBUG:pybindgen.typehandlers:TypeMatcher.lookup('ns3::Ptr< ns3::Packet const >')
DEBUG:pybindgen.typehandlers:try to lookup type handler for 'ns3::Ptr< ns3::Packet const >' => failure
DEBUG:pybindgen.typehandlers:try to lookup type handler for 'ns3::Packet *' => success ((<class 'pybindgen.cppclass.MemoryPolicy.register_ptr_parameter_and_return.<locals>.ThisClassPtrParameter'>, <ns3modulegen_core_customizations.SmartPointerTransformation object at 0x7fca1d6d7048>, <pybindgen.typehandlers.ctypeparser.TypeTraits object at 0x7fca1c7038d0>))
DEBUG:pybindgen.typehandlers:TypeMatcher.lookup('ns3::Ipv4L3Protocol::DropReason')
DEBUG:pybindgen.typehandlers:try to lookup type handler for 'ns3::Ipv4L3Protocol::DropReason' => success ((<class 'pybindgen.enum.Enum.set_module.<locals>.ThisEnumParameter'>, None, <pybindgen.typehandlers.ctypeparser.TypeTraits object at 0x7fca1c7038d0>))
DEBUG:pybindgen.typehandlers:TypeMatcher.lookup('ns3::Ptr< ns3::Ipv4 >')
DEBUG:pybindgen.typehandlers:try to lookup type handler for 'ns3::Ptr< ns3::Ipv4 >' => failure
DEBUG:pybindgen.typehandlers:try to lookup type handler for 'ns3::Ipv4 *' => success ((<class 'pybindgen.cppclass.MemoryPolicy.register_ptr_parameter_and_return.<locals>.ThisClassPtrParameter'>, <ns3modulegen_core_customizations.SmartPointerTransformation object at 0x7fca1d6d7048>, <pybindgen.typehandlers.ctypeparser.TypeTraits object at 0x7fca1c703be0>))
DEBUG:pybindgen.typehandlers:TypeMatcher.lookup('unsigned int')
DEBUG:pybindgen.typehandlers:try to lookup type handler for 'unsigned int' => success ((<class 'pybindgen.typehandlers.inttype.UnsignedIntParam'>, None, <pybindgen.typehandlers.ctypeparser.TypeTraits object at 0x7fca1c703be0>))
DEBUG:pybindgen.typehandlers:TypeMatcher.lookup('ns3::CallbackImpl< void, ns3::Ipv4Header const &, ns3::Ptr< ns3::Packet const >, unsigned int, ns3::empty, ns3::empty, ns3::empty, ns3::empty, ns3::empty, ns3::empty > const &')
DEBUG:pybindgen.typehandlers:try to lookup type handler for 'ns3::CallbackImpl< void, ns3::Ipv4Header const &, ns3::Ptr< ns3::Packet const >, unsigned int, ns3::empty, ns3::empty, ns3::empty, ns3::empty, ns3::empty, ns3::empty > const &' => success ((<class 'pybindgen.cppclass.CppClass.__init__.<locals>.ThisClassRefParameter'>, None, <pybindgen.typehandlers.ctypeparser.TypeTraits object at 0x7fca1c709240>))
DEBUG:pybindgen.typehandlers:TypeMatcher.lookup('std::string')
DEBUG:pybindgen.typehandlers:try to lookup type handler for 'std::string' => success ((<class 'pybindgen.typehandlers.stringtype.StdStringReturn'>, None, <pybindgen.typehandlers.ctypeparser.TypeTraits object at 0x7fca1c709cf8>))
DEBUG:pybindgen.typehandlers:TypeMatcher.lookup('std::string')
DEBUG:pybindgen.typehandlers:try to lookup type handler for 'std::string' => success ((<class 'pybindgen.typehandlers.stringtype.StdStringReturn'>, None, <pybindgen.typehandlers.ctypeparser.TypeTraits object at 0x7fca1c70e0b8>))
DEBUG:pybindgen.typehandlers:TypeMatcher.lookup('void')
DEBUG:pybindgen.typehandlers:try to lookup type handler for 'void' => success ((<class 'pybindgen.typehandlers.voidtype.VoidReturn'>, None, <pybindgen.typehandlers.ctypeparser.TypeTraits object at 0x7fca1c70e438>))
DEBUG:pybindgen.typehandlers:TypeMatcher.lookup('ns3::Ipv4Header const &')
DEBUG:pybindgen.typehandlers:try to lookup type handler for 'ns3::Ipv4Header const &' => success ((<class 'pybindgen.cppclass.CppClass.__init__.<locals>.ThisClassRefParameter'>, None, <pybindgen.typehandlers.ctypeparser.TypeTraits object at 0x7fca1c70e588>))
DEBUG:pybindgen.typehandlers:TypeMatcher.lookup('ns3::Ptr< ns3::Packet const >')
DEBUG:pybindgen.typehandlers:try to lookup type handler for 'ns3::Ptr< ns3::Packet const >' => failure
DEBUG:pybindgen.typehandlers:try to lookup type handler for 'ns3::Packet *' => success ((<class 'pybindgen.cppclass.MemoryPolicy.register_ptr_parameter_and_return.<locals>.ThisClassPtrParameter'>, <ns3modulegen_core_customizations.SmartPointerTransformation object at 0x7fca1d6d7048>, <pybindgen.typehandlers.ctypeparser.TypeTraits object at 0x7fca1c70e978>))
DEBUG:pybindgen.typehandlers:TypeMatcher.lookup('unsigned int')
DEBUG:pybindgen.typehandlers:try to lookup type handler for 'unsigned int' => success ((<class 'pybindgen.typehandlers.inttype.UnsignedIntParam'>, None, <pybindgen.typehandlers.ctypeparser.TypeTraits object at 0x7fca1c70e978>))
DEBUG:pybindgen.typehandlers:TypeMatcher.lookup('ns3::CallbackImpl< void, ns3::Ptr< ns3::Packet const >, ns3::Ipv4Header const &, ns3::Socket::SocketErrno, ns3::empty, ns3::empty, ns3::empty, ns3::empty, ns3::empty, ns3::empty > const &')
DEBUG:pybindgen.typehandlers:try to lookup type handler for 'ns3::CallbackImpl< void, ns3::Ptr< ns3::Packet const >, ns3::Ipv4Header const &, ns3::Socket::SocketErrno, ns3::empty, ns3::empty, ns3::empty, ns3::empty, ns3::empty, ns3::empty > const &' => success ((<class 'pybindgen.cppclass.CppClass.__init__.<locals>.ThisClassRefParameter'>, None, <pybindgen.typehandlers.ctypeparser.TypeTraits object at 0x7fca1c70efd0>))
DEBUG:pybindgen.typehandlers:TypeMatcher.lookup('std::string')
DEBUG:pybindgen.typehandlers:try to lookup type handler for 'std::string' => success ((<class 'pybindgen.typehandlers.stringtype.StdStringReturn'>, None, <pybindgen.typehandlers.ctypeparser.TypeTraits object at 0x7fca1c716a58>))
DEBUG:pybindgen.typehandlers:TypeMatcher.lookup('std::string')
DEBUG:pybindgen.typehandlers:try to lookup type handler for 'std::string' => success ((<class 'pybindgen.typehandlers.stringtype.StdStringReturn'>, None, <pybindgen.typehandlers.ctypeparser.TypeTraits object at 0x7fca1c716dd8>))
DEBUG:pybindgen.typehandlers:TypeMatcher.lookup('void')
DEBUG:pybindgen.typehandlers:try to lookup type handler for 'void' => success ((<class 'pybindgen.typehandlers.voidtype.VoidReturn'>, None, <pybindgen.typehandlers.ctypeparser.TypeTraits object at 0x7fca1c71c198>))
DEBUG:pybindgen.typehandlers:TypeMatcher.lookup('ns3::Ptr< ns3::Packet const >')
DEBUG:pybindgen.typehandlers:try to lookup type handler for 'ns3::Ptr< ns3::Packet const >' => failure
DEBUG:pybindgen.typehandlers:try to lookup type handler for 'ns3::Packet *' => success ((<class 'pybindgen.cppclass.MemoryPolicy.register_ptr_parameter_and_return.<locals>.ThisClassPtrParameter'>, <ns3modulegen_core_customizations.SmartPointerTransformation object at 0x7fca1d6d7048>, <pybindgen.typehandlers.ctypeparser.TypeTraits object at 0x7fca1c71c550>))
DEBUG:pybindgen.typehandlers:TypeMatcher.lookup('ns3::Ipv4Header const &')
DEBUG:pybindgen.typehandlers:try to lookup type handler for 'ns3::Ipv4Header const &' => success ((<class 'pybindgen.cppclass.CppClass.__init__.<locals>.ThisClassRefParameter'>, None, <pybindgen.typehandlers.ctypeparser.TypeTraits object at 0x7fca1c71c550>))
DEBUG:pybindgen.typehandlers:TypeMatcher.lookup('ns3::Socket::SocketErrno')
DEBUG:pybindgen.typehandlers:try to lookup type handler for 'ns3::Socket::SocketErrno' => success ((<class 'pybindgen.enum.Enum.set_module.<locals>.ThisEnumParameter'>, None, <pybindgen.typehandlers.ctypeparser.TypeTraits object at 0x7fca1c71c710>))
DEBUG:pybindgen.typehandlers:TypeMatcher.lookup('ns3::CallbackImpl< void, ns3::Ptr< ns3::Packet const >, ns3::Ptr< ns3::Ipv4 >, unsigned int, ns3::empty, ns3::empty, ns3::empty, ns3::empty, ns3::empty, ns3::empty > const &')
DEBUG:pybindgen.typehandlers:try to lookup type handler for 'ns3::CallbackImpl< void, ns3::Ptr< ns3::Packet const >, ns3::Ptr< ns3::Ipv4 >, unsigned int, ns3::empty, ns3::empty, ns3::empty, ns3::empty, ns3::empty, ns3::empty > const &' => success ((<class 'pybindgen.cppclass.CppClass.__init__.<locals>.ThisClassRefParameter'>, None, <pybindgen.typehandlers.ctypeparser.TypeTraits object at 0x7fca1c71ccc0>))
DEBUG:pybindgen.typehandlers:TypeMatcher.lookup('std::string')
DEBUG:pybindgen.typehandlers:try to lookup type handler for 'std::string' => success ((<class 'pybindgen.typehandlers.stringtype.StdStringReturn'>, None, <pybindgen.typehandlers.ctypeparser.TypeTraits object at 0x7fca1c6a17b8>))
DEBUG:pybindgen.typehandlers:TypeMatcher.lookup('std::string')
DEBUG:pybindgen.typehandlers:try to lookup type handler for 'std::string' => success ((<class 'pybindgen.typehandlers.stringtype.StdStringReturn'>, None, <pybindgen.typehandlers.ctypeparser.TypeTraits object at 0x7fca1c6a1b38>))
DEBUG:pybindgen.typehandlers:TypeMatcher.lookup('void')
DEBUG:pybindgen.typehandlers:try to lookup type handler for 'void' => success ((<class 'pybindgen.typehandlers.voidtype.VoidReturn'>, None, <pybindgen.typehandlers.ctypeparser.TypeTraits object at 0x7fca1c6a1eb8>))
DEBUG:pybindgen.typehandlers:TypeMatcher.lookup('ns3::Ptr< ns3::Packet const >')
DEBUG:pybindgen.typehandlers:try to lookup type handler for 'ns3::Ptr< ns3::Packet const >' => failure
DEBUG:pybindgen.typehandlers:try to lookup type handler for 'ns3::Packet *' => success ((<class 'pybindgen.cppclass.MemoryPolicy.register_ptr_parameter_and_return.<locals>.ThisClassPtrParameter'>, <ns3modulegen_core_customizations.SmartPointerTransformation object at 0x7fca1d6d7048>, <pybindgen.typehandlers.ctypeparser.TypeTraits object at 0x7fca1c6a82b0>))
DEBUG:pybindgen.typehandlers:TypeMatcher.lookup('ns3::Ptr< ns3::Ipv4 >')
DEBUG:pybindgen.typehandlers:try to lookup type handler for 'ns3::Ptr< ns3::Ipv4 >' => failure
DEBUG:pybindgen.typehandlers:try to lookup type handler for 'ns3::Ipv4 *' => success ((<class 'pybindgen.cppclass.MemoryPolicy.register_ptr_parameter_and_return.<locals>.ThisClassPtrParameter'>, <ns3modulegen_core_customizations.SmartPointerTransformation object at 0x7fca1d6d7048>, <pybindgen.typehandlers.ctypeparser.TypeTraits object at 0x7fca1c6a84e0>))
DEBUG:pybindgen.typehandlers:TypeMatcher.lookup('unsigned int')
DEBUG:pybindgen.typehandlers:try to lookup type handler for 'unsigned int' => success ((<class 'pybindgen.typehandlers.inttype.UnsignedIntParam'>, None, <pybindgen.typehandlers.ctypeparser.TypeTraits object at 0x7fca1c6a84e0>))
DEBUG:pybindgen.typehandlers:TypeMatcher.lookup('ns3::CallbackImpl< void, ns3::Ptr< ns3::Ipv4Route >, ns3::Ptr< ns3::Packet const >, ns3::Ipv4Header const &, ns3::empty, ns3::empty, ns3::empty, ns3::empty, ns3::empty, ns3::empty > const &')
DEBUG:pybindgen.typehandlers:try to lookup type handler for 'ns3::CallbackImpl< void, ns3::Ptr< ns3::Ipv4Route >, ns3::Ptr< ns3::Packet const >, ns3::Ipv4Header const &, ns3::empty, ns3::empty, ns3::empty, ns3::empty, ns3::empty, ns3::empty > const &' => success ((<class 'pybindgen.cppclass.CppClass.__init__.<locals>.ThisClassRefParameter'>, None, <pybindgen.typehandlers.ctypeparser.TypeTraits object at 0x7fca1c6a8b00>))
DEBUG:pybindgen.typehandlers:TypeMatcher.lookup('std::string')
DEBUG:pybindgen.typehandlers:try to lookup type handler for 'std::string' => success ((<class 'pybindgen.typehandlers.stringtype.StdStringReturn'>, None, <pybindgen.typehandlers.ctypeparser.TypeTraits object at 0x7fca1c6b4630>))
DEBUG:pybindgen.typehandlers:TypeMatcher.lookup('std::string')
DEBUG:pybindgen.typehandlers:try to lookup type handler for 'std::string' => success ((<class 'pybindgen.typehandlers.stringtype.StdStringReturn'>, None, <pybindgen.typehandlers.ctypeparser.TypeTraits object at 0x7fca1c6b49b0>))
DEBUG:pybindgen.typehandlers:TypeMatcher.lookup('void')
DEBUG:pybindgen.typehandlers:try to lookup type handler for 'void' => success ((<class 'pybindgen.typehandlers.voidtype.VoidReturn'>, None, <pybindgen.typehandlers.ctypeparser.TypeTraits object at 0x7fca1c6b4d30>))
DEBUG:pybindgen.typehandlers:TypeMatcher.lookup('ns3::Ptr< ns3::Ipv4Route >')
DEBUG:pybindgen.typehandlers:try to lookup type handler for 'ns3::Ptr< ns3::Ipv4Route >' => failure
DEBUG:pybindgen.typehandlers:try to lookup type handler for 'ns3::Ipv4Route *' => success ((<class 'pybindgen.cppclass.MemoryPolicy.register_ptr_parameter_and_return.<locals>.ThisClassPtrParameter'>, <ns3modulegen_core_customizations.SmartPointerTransformation object at 0x7fca1d6d7048>, <pybindgen.typehandlers.ctypeparser.TypeTraits object at 0x7fca1c6b90f0>))
DEBUG:pybindgen.typehandlers:TypeMatcher.lookup('ns3::Ptr< ns3::Packet const >')
DEBUG:pybindgen.typehandlers:try to lookup type handler for 'ns3::Ptr< ns3::Packet const >' => failure
DEBUG:pybindgen.typehandlers:try to lookup type handler for 'ns3::Packet *' => success ((<class 'pybindgen.cppclass.MemoryPolicy.register_ptr_parameter_and_return.<locals>.ThisClassPtrParameter'>, <ns3modulegen_core_customizations.SmartPointerTransformation object at 0x7fca1d6d7048>, <pybindgen.typehandlers.ctypeparser.TypeTraits object at 0x7fca1c6b9320>))
DEBUG:pybindgen.typehandlers:TypeMatcher.lookup('ns3::Ipv4Header const &')
DEBUG:pybindgen.typehandlers:try to lookup type handler for 'ns3::Ipv4Header const &' => success ((<class 'pybindgen.cppclass.CppClass.__init__.<locals>.ThisClassRefParameter'>, None, <pybindgen.typehandlers.ctypeparser.TypeTraits object at 0x7fca1c6b9320>))
DEBUG:pybindgen.typehandlers:TypeMatcher.lookup('ns3::CallbackImpl< void, ns3::Ptr< ns3::NetDevice >, ns3::Ptr< ns3::Packet const >, unsigned short, ns3::Address const &, ns3::Address const &, ns3::NetDevice::PacketType, ns3::empty, ns3::empty, ns3::empty > const &')
DEBUG:pybindgen.typehandlers:try to lookup type handler for 'ns3::CallbackImpl< void, ns3::Ptr< ns3::NetDevice >, ns3::Ptr< ns3::Packet const >, unsigned short, ns3::Address const &, ns3::Address const &, ns3::NetDevice::PacketType, ns3::empty, ns3::empty, ns3::empty > const &' => success ((<class 'pybindgen.cppclass.CppClass.__init__.<locals>.ThisClassRefParameter'>, None, <pybindgen.typehandlers.ctypeparser.TypeTraits object at 0x7fca1c6b99b0>))
DEBUG:pybindgen.typehandlers:TypeMatcher.lookup('std::string')
DEBUG:pybindgen.typehandlers:try to lookup type handler for 'std::string' => success ((<class 'pybindgen.typehandlers.stringtype.StdStringReturn'>, None, <pybindgen.typehandlers.ctypeparser.TypeTraits object at 0x7fca1c6bf5f8>))
DEBUG:pybindgen.typehandlers:TypeMatcher.lookup('std::string')
DEBUG:pybindgen.typehandlers:try to lookup type handler for 'std::string' => success ((<class 'pybindgen.typehandlers.stringtype.StdStringReturn'>, None, <pybindgen.typehandlers.ctypeparser.TypeTraits object at 0x7fca1c6bf978>))
DEBUG:pybindgen.typehandlers:TypeMatcher.lookup('void')
DEBUG:pybindgen.typehandlers:try to lookup type handler for 'void' => success ((<class 'pybindgen.typehandlers.voidtype.VoidReturn'>, None, <pybindgen.typehandlers.ctypeparser.TypeTraits object at 0x7fca1c6bfcf8>))
DEBUG:pybindgen.typehandlers:TypeMatcher.lookup('ns3::Ptr< ns3::NetDevice >')
DEBUG:pybindgen.typehandlers:try to lookup type handler for 'ns3::Ptr< ns3::NetDevice >' => failure
DEBUG:pybindgen.typehandlers:try to lookup type handler for 'ns3::NetDevice *' => success ((<class 'pybindgen.cppclass.MemoryPolicy.register_ptr_parameter_and_return.<locals>.ThisClassPtrParameter'>, <ns3modulegen_core_customizations.SmartPointerTransformation object at 0x7fca1d6d7048>, <pybindgen.typehandlers.ctypeparser.TypeTraits object at 0x7fca1c6c60b8>))
DEBUG:pybindgen.typehandlers:TypeMatcher.lookup('ns3::Ptr< ns3::Packet const >')
DEBUG:pybindgen.typehandlers:try to lookup type handler for 'ns3::Ptr< ns3::Packet const >' => failure
DEBUG:pybindgen.typehandlers:try to lookup type handler for 'ns3::Packet *' => success ((<class 'pybindgen.cppclass.MemoryPolicy.register_ptr_parameter_and_return.<locals>.ThisClassPtrParameter'>, <ns3modulegen_core_customizations.SmartPointerTransformation object at 0x7fca1d6d7048>, <pybindgen.typehandlers.ctypeparser.TypeTraits object at 0x7fca1c6c62e8>))
DEBUG:pybindgen.typehandlers:TypeMatcher.lookup('short unsigned int')
DEBUG:pybindgen.typehandlers:try to lookup type handler for 'short unsigned int' => failure
'short unsigned int' did not match
/home/imran/ns-allinone-3.36.1/ns-3.36.1/src/dsdv/bindings/modulegen__gcc_LP64.py:7328: Warning: exception TypeLookupError(['short unsigned int'],) in wrapper public: virtual retval? ???::operator() (params?) = 0;
  custom_name='__call__', is_pure_virtual=True, is_virtual=True)
DEBUG:pybindgen.typehandlers:TypeMatcher.lookup('ns3::CallbackImpl< void, ns3::Ptr< ns3::NetDevice >, ns3::empty, ns3::empty, ns3::empty, ns3::empty, ns3::empty, ns3::empty, ns3::empty, ns3::empty > const &')
DEBUG:pybindgen.typehandlers:try to lookup type handler for 'ns3::CallbackImpl< void, ns3::Ptr< ns3::NetDevice >, ns3::empty, ns3::empty, ns3::empty, ns3::empty, ns3::empty, ns3::empty, ns3::empty, ns3::empty > const &' => success ((<class 'pybindgen.cppclass.CppClass.__init__.<locals>.ThisClassRefParameter'>, None, <pybindgen.typehandlers.ctypeparser.TypeTraits object at 0x7fca1c6c6320>))
DEBUG:pybindgen.typehandlers:TypeMatcher.lookup('std::string')
DEBUG:pybindgen.typehandlers:try to lookup type handler for 'std::string' => success ((<class 'pybindgen.typehandlers.stringtype.StdStringReturn'>, None, <pybindgen.typehandlers.ctypeparser.TypeTraits object at 0x7fca1c6ce748>))
DEBUG:pybindgen.typehandlers:TypeMatcher.lookup('std::string')
DEBUG:pybindgen.typehandlers:try to lookup type handler for 'std::string' => success ((<class 'pybindgen.typehandlers.stringtype.StdStringReturn'>, None, <pybindgen.typehandlers.ctypeparser.TypeTraits object at 0x7fca1c6ceac8>))
DEBUG:pybindgen.typehandlers:TypeMatcher.lookup('void')
DEBUG:pybindgen.typehandlers:try to lookup type handler for 'void' => success ((<class 'pybindgen.typehandlers.voidtype.VoidReturn'>, None, <pybindgen.typehandlers.ctypeparser.TypeTraits object at 0x7fca1c6cee48>))
DEBUG:pybindgen.typehandlers:TypeMatcher.lookup('ns3::Ptr< ns3::NetDevice >')
DEBUG:pybindgen.typehandlers:try to lookup type handler for 'ns3::Ptr< ns3::NetDevice >' => failure
DEBUG:pybindgen.typehandlers:try to lookup type handler for 'ns3::NetDevice *' => success ((<class 'pybindgen.cppclass.MemoryPolicy.register_ptr_parameter_and_return.<locals>.ThisClassPtrParameter'>, <ns3modulegen_core_customizations.SmartPointerTransformation object at 0x7fca1d6d7048>, <pybindgen.typehandlers.ctypeparser.TypeTraits object at 0x7fca1c6d3208>))
DEBUG:pybindgen.typehandlers:TypeMatcher.lookup('ns3::CallbackImpl< void, ns3::Ptr< ns3::Socket >, ns3::Address const &, ns3::empty, ns3::empty, ns3::empty, ns3::empty, ns3::empty, ns3::empty, ns3::empty > const &')
DEBUG:pybindgen.typehandlers:try to lookup type handler for 'ns3::CallbackImpl< void, ns3::Ptr< ns3::Socket >, ns3::Address const &, ns3::empty, ns3::empty, ns3::empty, ns3::empty, ns3::empty, ns3::empty, ns3::empty > const &' => success ((<class 'pybindgen.cppclass.CppClass.__init__.<locals>.ThisClassRefParameter'>, None, <pybindgen.typehandlers.ctypeparser.TypeTraits object at 0x7fca1c6d36d8>))
DEBUG:pybindgen.typehandlers:TypeMatcher.lookup('std::string')
DEBUG:pybindgen.typehandlers:try to lookup type handler for 'std::string' => success ((<class 'pybindgen.typehandlers.stringtype.StdStringReturn'>, None, <pybindgen.typehandlers.ctypeparser.TypeTraits object at 0x7fca1c6da0f0>))
DEBUG:pybindgen.typehandlers:TypeMatcher.lookup('std::string')
DEBUG:pybindgen.typehandlers:try to lookup type handler for 'std::string' => success ((<class 'pybindgen.typehandlers.stringtype.StdStringReturn'>, None, <pybindgen.typehandlers.ctypeparser.TypeTraits object at 0x7fca1c6da470>))
DEBUG:pybindgen.typehandlers:TypeMatcher.lookup('void')
DEBUG:pybindgen.typehandlers:try to lookup type handler for 'void' => success ((<class 'pybindgen.typehandlers.voidtype.VoidReturn'>, None, <pybindgen.typehandlers.ctypeparser.TypeTraits object at 0x7fca1c6da7f0>))
DEBUG:pybindgen.typehandlers:TypeMatcher.lookup('ns3::Ptr< ns3::Socket >')
DEBUG:pybindgen.typehandlers:try to lookup type handler for 'ns3::Ptr< ns3::Socket >' => failure
DEBUG:pybindgen.typehandlers:try to lookup type handler for 'ns3::Socket *' => success ((<class 'pybindgen.cppclass.MemoryPolicy.register_ptr_parameter_and_return.<locals>.ThisClassPtrParameter'>, <ns3modulegen_core_customizations.SmartPointerTransformation object at 0x7fca1d6d7048>, <pybindgen.typehandlers.ctypeparser.TypeTraits object at 0x7fca1c6dab70>))
DEBUG:pybindgen.typehandlers:TypeMatcher.lookup('ns3::Address const &')
DEBUG:pybindgen.typehandlers:try to lookup type handler for 'ns3::Address const &' => success ((<class 'pybindgen.cppclass.CppClass.__init__.<locals>.ThisClassRefParameter'>, None, <pybindgen.typehandlers.ctypeparser.TypeTraits object at 0x7fca1c6dab70>))
DEBUG:pybindgen.typehandlers:TypeMatcher.lookup('ns3::CallbackImpl< void, ns3::Ptr< ns3::Socket >, ns3::empty, ns3::empty, ns3::empty, ns3::empty, ns3::empty, ns3::empty, ns3::empty, ns3::empty > const &')
DEBUG:pybindgen.typehandlers:try to lookup type handler for 'ns3::CallbackImpl< void, ns3::Ptr< ns3::Socket >, ns3::empty, ns3::empty, ns3::empty, ns3::empty, ns3::empty, ns3::empty, ns3::empty, ns3::empty > const &' => success ((<class 'pybindgen.cppclass.CppClass.__init__.<locals>.ThisClassRefParameter'>, None, <pybindgen.typehandlers.ctypeparser.TypeTraits object at 0x7fca1c661208>))
DEBUG:pybindgen.typehandlers:TypeMatcher.lookup('std::string')
DEBUG:pybindgen.typehandlers:try to lookup type handler for 'std::string' => success ((<class 'pybindgen.typehandlers.stringtype.StdStringReturn'>, None, <pybindgen.typehandlers.ctypeparser.TypeTraits object at 0x7fca1c661b38>))
DEBUG:pybindgen.typehandlers:TypeMatcher.lookup('std::string')
DEBUG:pybindgen.typehandlers:try to lookup type handler for 'std::string' => success ((<class 'pybindgen.typehandlers.stringtype.StdStringReturn'>, None, <pybindgen.typehandlers.ctypeparser.TypeTraits object at 0x7fca1c661eb8>))
DEBUG:pybindgen.typehandlers:TypeMatcher.lookup('void')
DEBUG:pybindgen.typehandlers:try to lookup type handler for 'void' => success ((<class 'pybindgen.typehandlers.voidtype.VoidReturn'>, None, <pybindgen.typehandlers.ctypeparser.TypeTraits object at 0x7fca1c667278>))
DEBUG:pybindgen.typehandlers:TypeMatcher.lookup('ns3::Ptr< ns3::Socket >')
DEBUG:pybindgen.typehandlers:try to lookup type handler for 'ns3::Ptr< ns3::Socket >' => failure
DEBUG:pybindgen.typehandlers:try to lookup type handler for 'ns3::Socket *' => success ((<class 'pybindgen.cppclass.MemoryPolicy.register_ptr_parameter_and_return.<locals>.ThisClassPtrParameter'>, <ns3modulegen_core_customizations.SmartPointerTransformation object at 0x7fca1d6d7048>, <pybindgen.typehandlers.ctypeparser.TypeTraits object at 0x7fca1c6675f8>))
DEBUG:pybindgen.typehandlers:TypeMatcher.lookup('ns3::CallbackImpl< void, ns3::Ptr< ns3::Socket >, unsigned int, ns3::empty, ns3::empty, ns3::empty, ns3::empty, ns3::empty, ns3::empty, ns3::empty > const &')
DEBUG:pybindgen.typehandlers:try to lookup type handler for 'ns3::CallbackImpl< void, ns3::Ptr< ns3::Socket >, unsigned int, ns3::empty, ns3::empty, ns3::empty, ns3::empty, ns3::empty, ns3::empty, ns3::empty > const &' => success ((<class 'pybindgen.cppclass.CppClass.__init__.<locals>.ThisClassRefParameter'>, None, <pybindgen.typehandlers.ctypeparser.TypeTraits object at 0x7fca1c667ac8>))
DEBUG:pybindgen.typehandlers:TypeMatcher.lookup('std::string')
DEBUG:pybindgen.typehandlers:try to lookup type handler for 'std::string' => success ((<class 'pybindgen.typehandlers.stringtype.StdStringReturn'>, None, <pybindgen.typehandlers.ctypeparser.TypeTraits object at 0x7fca1c66e4a8>))
DEBUG:pybindgen.typehandlers:TypeMatcher.lookup('std::string')
DEBUG:pybindgen.typehandlers:try to lookup type handler for 'std::string' => success ((<class 'pybindgen.typehandlers.stringtype.StdStringReturn'>, None, <pybindgen.typehandlers.ctypeparser.TypeTraits object at 0x7fca1c66e828>))
DEBUG:pybindgen.typehandlers:TypeMatcher.lookup('void')
DEBUG:pybindgen.typehandlers:try to lookup type handler for 'void' => success ((<class 'pybindgen.typehandlers.voidtype.VoidReturn'>, None, <pybindgen.typehandlers.ctypeparser.TypeTraits object at 0x7fca1c66eba8>))
DEBUG:pybindgen.typehandlers:TypeMatcher.lookup('ns3::Ptr< ns3::Socket >')
DEBUG:pybindgen.typehandlers:try to lookup type handler for 'ns3::Ptr< ns3::Socket >' => failure
DEBUG:pybindgen.typehandlers:try to lookup type handler for 'ns3::Socket *' => success ((<class 'pybindgen.cppclass.MemoryPolicy.register_ptr_parameter_and_return.<locals>.ThisClassPtrParameter'>, <ns3modulegen_core_customizations.SmartPointerTransformation object at 0x7fca1d6d7048>, <pybindgen.typehandlers.ctypeparser.TypeTraits object at 0x7fca1c66ef28>))
DEBUG:pybindgen.typehandlers:TypeMatcher.lookup('unsigned int')
DEBUG:pybindgen.typehandlers:try to lookup type handler for 'unsigned int' => success ((<class 'pybindgen.typehandlers.inttype.UnsignedIntParam'>, None, <pybindgen.typehandlers.ctypeparser.TypeTraits object at 0x7fca1c66ef28>))
DEBUG:pybindgen.typehandlers:TypeMatcher.lookup('ns3::Ipv4ListRouting const &')
DEBUG:pybindgen.typehandlers:try to lookup type handler for 'ns3::Ipv4ListRouting const &' => success ((<class 'pybindgen.cppclass.CppClass.__init__.<locals>.ThisClassRefParameter'>, None, <pybindgen.typehandlers.ctypeparser.TypeTraits object at 0x7fca1c679320>))
DEBUG:pybindgen.typehandlers:TypeMatcher.lookup('void')
DEBUG:pybindgen.typehandlers:try to lookup type handler for 'void' => success ((<class 'pybindgen.typehandlers.voidtype.VoidReturn'>, None, <pybindgen.typehandlers.ctypeparser.TypeTraits object at 0x7fca1c679940>))
DEBUG:pybindgen.typehandlers:TypeMatcher.lookup('ns3::Ptr< ns3::Ipv4RoutingProtocol >')
DEBUG:pybindgen.typehandlers:try to lookup type handler for 'ns3::Ptr< ns3::Ipv4RoutingProtocol >' => failure
DEBUG:pybindgen.typehandlers:try to lookup type handler for 'ns3::Ipv4RoutingProtocol *' => success ((<class 'pybindgen.cppclass.MemoryPolicy.register_ptr_parameter_and_return.<locals>.ThisClassPtrParameter'>, <ns3modulegen_core_customizations.SmartPointerTransformation object at 0x7fca1d6d7048>, <pybindgen.typehandlers.ctypeparser.TypeTraits object at 0x7fca1c679cc0>))
DEBUG:pybindgen.typehandlers:TypeMatcher.lookup('int16_t')
DEBUG:pybindgen.typehandlers:try to lookup type handler for 'int16_t' => success ((<class 'pybindgen.typehandlers.inttype.Int16Param'>, None, <pybindgen.typehandlers.ctypeparser.TypeTraits object at 0x7fca1c679cc0>))
DEBUG:pybindgen.typehandlers:TypeMatcher.lookup('uint32_t')
DEBUG:pybindgen.typehandlers:try to lookup type handler for 'uint32_t' => success ((<class 'pybindgen.typehandlers.inttype.UnsignedIntReturn'>, None, <pybindgen.typehandlers.ctypeparser.TypeTraits object at 0x7fca1c682048>))
DEBUG:pybindgen.typehandlers:TypeMatcher.lookup('ns3::Ptr< ns3::Ipv4RoutingProtocol >')
DEBUG:pybindgen.typehandlers:try to lookup type handler for 'ns3::Ptr< ns3::Ipv4RoutingProtocol >' => failure
DEBUG:pybindgen.typehandlers:try to lookup type handler for 'ns3::Ipv4RoutingProtocol *' => success ((<class 'pybindgen.cppclass.MemoryPolicy.register_ptr_parameter_and_return.<locals>.ThisClassPtrReturn'>, <ns3modulegen_core_customizations.SmartPointerTransformation object at 0x7fca1d6d7048>, <pybindgen.typehandlers.ctypeparser.TypeTraits object at 0x7fca1c6825f8>))
DEBUG:pybindgen.typehandlers:TypeMatcher.lookup('uint32_t')
DEBUG:pybindgen.typehandlers:try to lookup type handler for 'uint32_t' => success ((<class 'pybindgen.typehandlers.inttype.UnsignedIntParam'>, None, <pybindgen.typehandlers.ctypeparser.TypeTraits object at 0x7fca1c682550>))
DEBUG:pybindgen.typehandlers:TypeMatcher.lookup('int16_t &')
DEBUG:pybindgen.typehandlers:try to lookup type handler for 'int16_t &' => success ((<class 'pybindgen.typehandlers.inttype.Int16RefParam'>, None, <pybindgen.typehandlers.ctypeparser.TypeTraits object at 0x7fca1c6825c0>))
DEBUG:pybindgen.typehandlers:TypeMatcher.lookup('ns3::TypeId')
DEBUG:pybindgen.typehandlers:try to lookup type handler for 'ns3::TypeId' => success ((<class 'pybindgen.cppclass.CppClass.__init__.<locals>.ThisClassReturn'>, None, <pybindgen.typehandlers.ctypeparser.TypeTraits object at 0x7fca1c682a90>))
DEBUG:pybindgen.typehandlers:TypeMatcher.lookup('void')
DEBUG:pybindgen.typehandlers:try to lookup type handler for 'void' => success ((<class 'pybindgen.typehandlers.voidtype.VoidReturn'>, None, <pybindgen.typehandlers.ctypeparser.TypeTraits object at 0x7fca1c682e10>))
DEBUG:pybindgen.typehandlers:TypeMatcher.lookup('uint32_t')
DEBUG:pybindgen.typehandlers:try to lookup type handler for 'uint32_t' => success ((<class 'pybindgen.typehandlers.inttype.UnsignedIntParam'>, None, <pybindgen.typehandlers.ctypeparser.TypeTraits object at 0x7fca1c682f60>))
DEBUG:pybindgen.typehandlers:TypeMatcher.lookup('ns3::Ipv4InterfaceAddress')
DEBUG:pybindgen.typehandlers:try to lookup type handler for 'ns3::Ipv4InterfaceAddress' => success ((<class 'pybindgen.cppclass.CppClass.__init__.<locals>.ThisClassParameter'>, None, <pybindgen.typehandlers.ctypeparser.TypeTraits object at 0x7fca1c68a048>))
DEBUG:pybindgen.typehandlers:TypeMatcher.lookup('void')
DEBUG:pybindgen.typehandlers:try to lookup type handler for 'void' => success ((<class 'pybindgen.typehandlers.voidtype.VoidReturn'>, None, <pybindgen.typehandlers.ctypeparser.TypeTraits object at 0x7fca1c68a3c8>))
DEBUG:pybindgen.typehandlers:TypeMatcher.lookup('uint32_t')
DEBUG:pybindgen.typehandlers:try to lookup type handler for 'uint32_t' => success ((<class 'pybindgen.typehandlers.inttype.UnsignedIntParam'>, None, <pybindgen.typehandlers.ctypeparser.TypeTraits object at 0x7fca1c68a518>))
DEBUG:pybindgen.typehandlers:TypeMatcher.lookup('void')
DEBUG:pybindgen.typehandlers:try to lookup type handler for 'void' => success ((<class 'pybindgen.typehandlers.voidtype.VoidReturn'>, None, <pybindgen.typehandlers.ctypeparser.TypeTraits object at 0x7fca1c68a860>))
DEBUG:pybindgen.typehandlers:TypeMatcher.lookup('uint32_t')
DEBUG:pybindgen.typehandlers:try to lookup type handler for 'uint32_t' => success ((<class 'pybindgen.typehandlers.inttype.UnsignedIntParam'>, None, <pybindgen.typehandlers.ctypeparser.TypeTraits object at 0x7fca1c68a9b0>))
DEBUG:pybindgen.typehandlers:TypeMatcher.lookup('void')
DEBUG:pybindgen.typehandlers:try to lookup type handler for 'void' => success ((<class 'pybindgen.typehandlers.voidtype.VoidReturn'>, None, <pybindgen.typehandlers.ctypeparser.TypeTraits object at 0x7fca1c68acf8>))
DEBUG:pybindgen.typehandlers:TypeMatcher.lookup('uint32_t')
DEBUG:pybindgen.typehandlers:try to lookup type handler for 'uint32_t' => success ((<class 'pybindgen.typehandlers.inttype.UnsignedIntParam'>, None, <pybindgen.typehandlers.ctypeparser.TypeTraits object at 0x7fca1c68ae48>))
DEBUG:pybindgen.typehandlers:TypeMatcher.lookup('ns3::Ipv4InterfaceAddress')
DEBUG:pybindgen.typehandlers:try to lookup type handler for 'ns3::Ipv4InterfaceAddress' => success ((<class 'pybindgen.cppclass.CppClass.__init__.<locals>.ThisClassParameter'>, None, <pybindgen.typehandlers.ctypeparser.TypeTraits object at 0x7fca1c68aef0>))
DEBUG:pybindgen.typehandlers:TypeMatcher.lookup('void')
DEBUG:pybindgen.typehandlers:try to lookup type handler for 'void' => success ((<class 'pybindgen.typehandlers.voidtype.VoidReturn'>, None, <pybindgen.typehandlers.ctypeparser.TypeTraits object at 0x7fca1c6902b0>))
DEBUG:pybindgen.typehandlers:TypeMatcher.lookup('ns3::Ptr< ns3::OutputStreamWrapper >')
DEBUG:pybindgen.typehandlers:try to lookup type handler for 'ns3::Ptr< ns3::OutputStreamWrapper >' => failure
DEBUG:pybindgen.typehandlers:try to lookup type handler for 'ns3::OutputStreamWrapper *' => success ((<class 'pybindgen.cppclass.MemoryPolicy.register_ptr_parameter_and_return.<locals>.ThisClassPtrParameter'>, <ns3modulegen_core_customizations.SmartPointerTransformation object at 0x7fca1d6d7048>, <pybindgen.typehandlers.ctypeparser.TypeTraits object at 0x7fca1c690630>))
DEBUG:pybindgen.typehandlers:TypeMatcher.lookup('ns3::Time::Unit')
DEBUG:pybindgen.typehandlers:try to lookup type handler for 'ns3::Time::Unit' => success ((<class 'pybindgen.enum.Enum.set_module.<locals>.ThisEnumParameter'>, None, <pybindgen.typehandlers.ctypeparser.TypeTraits object at 0x7fca1c690630>))
DEBUG:pybindgen.typehandlers:TypeMatcher.lookup('bool')
DEBUG:pybindgen.typehandlers:try to lookup type handler for 'bool' => success ((<class 'pybindgen.typehandlers.booltype.BoolReturn'>, None, <pybindgen.typehandlers.ctypeparser.TypeTraits object at 0x7fca1c690978>))
DEBUG:pybindgen.typehandlers:TypeMatcher.lookup('ns3::Ptr< ns3::Packet const >')
DEBUG:pybindgen.typehandlers:try to lookup type handler for 'ns3::Ptr< ns3::Packet const >' => failure
DEBUG:pybindgen.typehandlers:try to lookup type handler for 'ns3::Packet *' => success ((<class 'pybindgen.cppclass.MemoryPolicy.register_ptr_parameter_and_return.<locals>.ThisClassPtrParameter'>, <ns3modulegen_core_customizations.SmartPointerTransformation object at 0x7fca1d6d7048>, <pybindgen.typehandlers.ctypeparser.TypeTraits object at 0x7fca1c690d30>))
DEBUG:pybindgen.typehandlers:TypeMatcher.lookup('ns3::Ipv4Header const &')
DEBUG:pybindgen.typehandlers:try to lookup type handler for 'ns3::Ipv4Header const &' => success ((<class 'pybindgen.cppclass.CppClass.__init__.<locals>.ThisClassRefParameter'>, None, <pybindgen.typehandlers.ctypeparser.TypeTraits object at 0x7fca1c690d30>))
DEBUG:pybindgen.typehandlers:TypeMatcher.lookup('ns3::Ptr< ns3::NetDevice const >')
DEBUG:pybindgen.typehandlers:try to lookup type handler for 'ns3::Ptr< ns3::NetDevice const >' => failure
DEBUG:pybindgen.typehandlers:try to lookup type handler for 'ns3::NetDevice *' => success ((<class 'pybindgen.cppclass.MemoryPolicy.register_ptr_parameter_and_return.<locals>.ThisClassPtrParameter'>, <ns3modulegen_core_customizations.SmartPointerTransformation object at 0x7fca1d6d7048>, <pybindgen.typehandlers.ctypeparser.TypeTraits object at 0x7fca1c695160>))
DEBUG:pybindgen.typehandlers:TypeMatcher.lookup('ns3::Callback< void, ns3::Ptr< ns3::Ipv4Route >, ns3::Ptr< ns3::Packet const >, ns3::Ipv4Header const &, ns3::empty, ns3::empty, ns3::empty, ns3::empty, ns3::empty, ns3::empty >')
DEBUG:pybindgen.typehandlers:try to lookup type handler for 'ns3::Callback< void, ns3::Ptr< ns3::Ipv4Route >, ns3::Ptr< ns3::Packet const >, ns3::Ipv4Header const &, ns3::empty, ns3::empty, ns3::empty, ns3::empty, ns3::empty, ns3::empty >' => success ((<class 'ns3modulegen_core_customizations.register_callback_classes.<locals>.PythonCallbackParameter'>, None, <pybindgen.typehandlers.ctypeparser.TypeTraits object at 0x7fca1c695160>))
DEBUG:pybindgen.typehandlers:TypeMatcher.lookup('ns3::Callback< void, ns3::Ptr< ns3::Ipv4MulticastRoute >, ns3::Ptr< ns3::Packet const >, ns3::Ipv4Header const &, ns3::empty, ns3::empty, ns3::empty, ns3::empty, ns3::empty, ns3::empty >')
DEBUG:pybindgen.typehandlers:try to lookup type handler for 'ns3::Callback< void, ns3::Ptr< ns3::Ipv4MulticastRoute >, ns3::Ptr< ns3::Packet const >, ns3::Ipv4Header const &, ns3::empty, ns3::empty, ns3::empty, ns3::empty, ns3::empty, ns3::empty >' => failure
'ns3::Callback< void, ns3::Ptr< ns3::Ipv4MulticastRoute >, ns3::Ptr< ns3::Packet const >, ns3::Ipv4Header const &, ns3::empty, ns3::empty, ns3::empty, ns3::empty, ns3::empty, ns3::empty >' did not match
/home/imran/ns-allinone-3.36.1/ns-3.36.1/src/dsdv/bindings/modulegen__gcc_LP64.py:7473: Warning: exception TypeLookupError(['ns3::Callback< void, ns3::Ptr< ns3::Ipv4MulticastRoute >, ns3::Ptr< ns3::Packet const >, ns3::Ipv4Header const &, ns3::empty, ns3::empty, ns3::empty, ns3::empty, ns3::empty, ns3::empty >'],) in wrapper public: virtual retval? ???::RouteInput (params?);
  is_virtual=True)
DEBUG:pybindgen.typehandlers:TypeMatcher.lookup('ns3::Ptr< ns3::Ipv4Route >')
DEBUG:pybindgen.typehandlers:try to lookup type handler for 'ns3::Ptr< ns3::Ipv4Route >' => failure
DEBUG:pybindgen.typehandlers:try to lookup type handler for 'ns3::Ipv4Route *' => success ((<class 'pybindgen.cppclass.MemoryPolicy.register_ptr_parameter_and_return.<locals>.ThisClassPtrReturn'>, <ns3modulegen_core_customizations.SmartPointerTransformation object at 0x7fca1d6d7048>, <pybindgen.typehandlers.ctypeparser.TypeTraits object at 0x7fca1c69ef60>))
DEBUG:pybindgen.typehandlers:TypeMatcher.lookup('ns3::Ptr< ns3::Packet >')
DEBUG:pybindgen.typehandlers:try to lookup type handler for 'ns3::Ptr< ns3::Packet >' => failure
DEBUG:pybindgen.typehandlers:try to lookup type handler for 'ns3::Packet *' => success ((<class 'pybindgen.cppclass.MemoryPolicy.register_ptr_parameter_and_return.<locals>.ThisClassPtrParameter'>, <ns3modulegen_core_customizations.SmartPointerTransformation object at 0x7fca1d6d7048>, <pybindgen.typehandlers.ctypeparser.TypeTraits object at 0x7fca1c6231d0>))
DEBUG:pybindgen.typehandlers:TypeMatcher.lookup('ns3::Ipv4Header const &')
DEBUG:pybindgen.typehandlers:try to lookup type handler for 'ns3::Ipv4Header const &' => success ((<class 'pybindgen.cppclass.CppClass.__init__.<locals>.ThisClassRefParameter'>, None, <pybindgen.typehandlers.ctypeparser.TypeTraits object at 0x7fca1c6231d0>))
DEBUG:pybindgen.typehandlers:TypeMatcher.lookup('ns3::Ptr< ns3::NetDevice >')
DEBUG:pybindgen.typehandlers:try to lookup type handler for 'ns3::Ptr< ns3::NetDevice >' => failure
DEBUG:pybindgen.typehandlers:try to lookup type handler for 'ns3::NetDevice *' => success ((<class 'pybindgen.cppclass.MemoryPolicy.register_ptr_parameter_and_return.<locals>.ThisClassPtrParameter'>, <ns3modulegen_core_customizations.SmartPointerTransformation object at 0x7fca1d6d7048>, <pybindgen.typehandlers.ctypeparser.TypeTraits object at 0x7fca1c623550>))
DEBUG:pybindgen.typehandlers:TypeMatcher.lookup('ns3::Socket::SocketErrno &')
DEBUG:pybindgen.typehandlers:try to lookup type handler for 'ns3::Socket::SocketErrno &' => success ((<class 'pybindgen.enum.Enum.set_module.<locals>.ThisEnumRefParameter'>, None, <pybindgen.typehandlers.ctypeparser.TypeTraits object at 0x7fca1c623550>))
DEBUG:pybindgen.typehandlers:TypeMatcher.lookup('void')
DEBUG:pybindgen.typehandlers:try to lookup type handler for 'void' => success ((<class 'pybindgen.typehandlers.voidtype.VoidReturn'>, None, <pybindgen.typehandlers.ctypeparser.TypeTraits object at 0x7fca1c623898>))
DEBUG:pybindgen.typehandlers:TypeMatcher.lookup('ns3::Ptr< ns3::Ipv4 >')
DEBUG:pybindgen.typehandlers:try to lookup type handler for 'ns3::Ptr< ns3::Ipv4 >' => failure
DEBUG:pybindgen.typehandlers:try to lookup type handler for 'ns3::Ipv4 *' => success ((<class 'pybindgen.cppclass.MemoryPolicy.register_ptr_parameter_and_return.<locals>.ThisClassPtrParameter'>, <ns3modulegen_core_customizations.SmartPointerTransformation object at 0x7fca1d6d7048>, <pybindgen.typehandlers.ctypeparser.TypeTraits object at 0x7fca1c623c18>))
DEBUG:pybindgen.typehandlers:TypeMatcher.lookup('void')
DEBUG:pybindgen.typehandlers:try to lookup type handler for 'void' => success ((<class 'pybindgen.typehandlers.voidtype.VoidReturn'>, None, <pybindgen.typehandlers.ctypeparser.TypeTraits object at 0x7fca1c623e48>))
DEBUG:pybindgen.typehandlers:TypeMatcher.lookup('void')
DEBUG:pybindgen.typehandlers:try to lookup type handler for 'void' => success ((<class 'pybindgen.typehandlers.voidtype.VoidReturn'>, None, <pybindgen.typehandlers.ctypeparser.TypeTraits object at 0x7fca1c62b208>))
DEBUG:pybindgen.typehandlers:TypeMatcher.lookup('ns3::Hash::Implementation const &')
DEBUG:pybindgen.typehandlers:try to lookup type handler for 'ns3::Hash::Implementation const &' => success ((<class 'pybindgen.cppclass.CppClass.__init__.<locals>.ThisClassRefParameter'>, None, <pybindgen.typehandlers.ctypeparser.TypeTraits object at 0x7fca1c62b5c0>))
DEBUG:pybindgen.typehandlers:TypeMatcher.lookup('uint32_t')
DEBUG:pybindgen.typehandlers:try to lookup type handler for 'uint32_t' => success ((<class 'pybindgen.typehandlers.inttype.UnsignedIntReturn'>, None, <pybindgen.typehandlers.ctypeparser.TypeTraits object at 0x7fca1c62bbe0>))
DEBUG:pybindgen.typehandlers:TypeMatcher.lookup('char const *')
DEBUG:pybindgen.typehandlers:try to lookup type handler for 'char const *' => success ((<class 'pybindgen.typehandlers.stringtype.CStringParam'>, None, <pybindgen.typehandlers.ctypeparser.TypeTraits object at 0x7fca1c62bcf8>))
DEBUG:pybindgen.typehandlers:TypeMatcher.lookup('std::size_t const')
DEBUG:pybindgen.typehandlers:try to lookup type handler for 'std::size_t const' => success ((<class 'pybindgen.typehandlers.inttype.SizeTParam'>, None, <pybindgen.typehandlers.ctypeparser.TypeTraits object at 0x7fca1c62beb8>))
DEBUG:pybindgen.typehandlers:TypeMatcher.lookup('uint64_t')
DEBUG:pybindgen.typehandlers:try to lookup type handler for 'uint64_t' => success ((<class 'pybindgen.typehandlers.inttype.UnsignedLongLongReturn'>, None, <pybindgen.typehandlers.ctypeparser.TypeTraits object at 0x7fca1c6332b0>))
DEBUG:pybindgen.typehandlers:TypeMatcher.lookup('char const *')
DEBUG:pybindgen.typehandlers:try to lookup type handler for 'char const *' => success ((<class 'pybindgen.typehandlers.stringtype.CStringParam'>, None, <pybindgen.typehandlers.ctypeparser.TypeTraits object at 0x7fca1c6333c8>))
DEBUG:pybindgen.typehandlers:TypeMatcher.lookup('std::size_t const')
DEBUG:pybindgen.typehandlers:try to lookup type handler for 'std::size_t const' => success ((<class 'pybindgen.typehandlers.inttype.SizeTParam'>, None, <pybindgen.typehandlers.ctypeparser.TypeTraits object at 0x7fca1c633588>))
DEBUG:pybindgen.typehandlers:TypeMatcher.lookup('void')
DEBUG:pybindgen.typehandlers:try to lookup type handler for 'void' => success ((<class 'pybindgen.typehandlers.voidtype.VoidReturn'>, None, <pybindgen.typehandlers.ctypeparser.TypeTraits object at 0x7fca1c633940>))
DEBUG:pybindgen.typehandlers:TypeMatcher.lookup('ns3::Hash::Function::Fnv1a const &')
DEBUG:pybindgen.typehandlers:try to lookup type handler for 'ns3::Hash::Function::Fnv1a const &' => success ((<class 'pybindgen.cppclass.CppClass.__init__.<locals>.ThisClassRefParameter'>, None, <pybindgen.typehandlers.ctypeparser.TypeTraits object at 0x7fca1c633d30>))
DEBUG:pybindgen.typehandlers:TypeMatcher.lookup('uint32_t')
DEBUG:pybindgen.typehandlers:try to lookup type handler for 'uint32_t' => success ((<class 'pybindgen.typehandlers.inttype.UnsignedIntReturn'>, None, <pybindgen.typehandlers.ctypeparser.TypeTraits object at 0x7fca1c637390>))
DEBUG:pybindgen.typehandlers:TypeMatcher.lookup('char const *')
DEBUG:pybindgen.typehandlers:try to lookup type handler for 'char const *' => success ((<class 'pybindgen.typehandlers.stringtype.CStringParam'>, None, <pybindgen.typehandlers.ctypeparser.TypeTraits object at 0x7fca1c6374a8>))
DEBUG:pybindgen.typehandlers:TypeMatcher.lookup('size_t const')
DEBUG:pybindgen.typehandlers:try to lookup type handler for 'size_t const' => success ((<class 'pybindgen.typehandlers.inttype.SizeTParam'>, None, <pybindgen.typehandlers.ctypeparser.TypeTraits object at 0x7fca1c637668>))
DEBUG:pybindgen.typehandlers:TypeMatcher.lookup('uint64_t')
DEBUG:pybindgen.typehandlers:try to lookup type handler for 'uint64_t' => success ((<class 'pybindgen.typehandlers.inttype.UnsignedLongLongReturn'>, None, <pybindgen.typehandlers.ctypeparser.TypeTraits object at 0x7fca1c637a58>))
DEBUG:pybindgen.typehandlers:TypeMatcher.lookup('char const *')
DEBUG:pybindgen.typehandlers:try to lookup type handler for 'char const *' => success ((<class 'pybindgen.typehandlers.stringtype.CStringParam'>, None, <pybindgen.typehandlers.ctypeparser.TypeTraits object at 0x7fca1c637b70>))
DEBUG:pybindgen.typehandlers:TypeMatcher.lookup('size_t const')
DEBUG:pybindgen.typehandlers:try to lookup type handler for 'size_t const' => success ((<class 'pybindgen.typehandlers.inttype.SizeTParam'>, None, <pybindgen.typehandlers.ctypeparser.TypeTraits object at 0x7fca1c637d30>))
DEBUG:pybindgen.typehandlers:TypeMatcher.lookup('void')
DEBUG:pybindgen.typehandlers:try to lookup type handler for 'void' => success ((<class 'pybindgen.typehandlers.voidtype.VoidReturn'>, None, <pybindgen.typehandlers.ctypeparser.TypeTraits object at 0x7fca1c63f160>))
DEBUG:pybindgen.typehandlers:TypeMatcher.lookup('ns3::Hash::Function::Hash32 const &')
DEBUG:pybindgen.typehandlers:try to lookup type handler for 'ns3::Hash::Function::Hash32 const &' => success ((<class 'pybindgen.cppclass.CppClass.__init__.<locals>.ThisClassRefParameter'>, None, <pybindgen.typehandlers.ctypeparser.TypeTraits object at 0x7fca1c63f550>))
DEBUG:pybindgen.typehandlers:TypeMatcher.lookup('ns3::Hash::Hash32Function_ptr')
DEBUG:pybindgen.typehandlers:try to lookup type handler for 'ns3::Hash::Hash32Function_ptr' => failure
'ns3::Hash::Hash32Function_ptr' did not match
/home/imran/ns-allinone-3.36.1/ns-3.36.1/src/dsdv/bindings/modulegen__gcc_LP64.py:7544: Warning: exception TypeLookupError(['ns3::Hash::Hash32Function_ptr'],) in wrapper <pybindgen.cppmethod.CppConstructor object at 0x7fca1c63f8d0>
  cls.add_constructor([param('ns3::Hash::Hash32Function_ptr', 'hp')])
DEBUG:pybindgen.typehandlers:TypeMatcher.lookup('uint32_t')
DEBUG:pybindgen.typehandlers:try to lookup type handler for 'uint32_t' => success ((<class 'pybindgen.typehandlers.inttype.UnsignedIntReturn'>, None, <pybindgen.typehandlers.ctypeparser.TypeTraits object at 0x7fca1c63fa20>))
DEBUG:pybindgen.typehandlers:TypeMatcher.lookup('char const *')
DEBUG:pybindgen.typehandlers:try to lookup type handler for 'char const *' => success ((<class 'pybindgen.typehandlers.stringtype.CStringParam'>, None, <pybindgen.typehandlers.ctypeparser.TypeTraits object at 0x7fca1c63fb00>))
DEBUG:pybindgen.typehandlers:TypeMatcher.lookup('std::size_t const')
DEBUG:pybindgen.typehandlers:try to lookup type handler for 'std::size_t const' => success ((<class 'pybindgen.typehandlers.inttype.SizeTParam'>, None, <pybindgen.typehandlers.ctypeparser.TypeTraits object at 0x7fca1c63fcc0>))
DEBUG:pybindgen.typehandlers:TypeMatcher.lookup('void')
DEBUG:pybindgen.typehandlers:try to lookup type handler for 'void' => success ((<class 'pybindgen.typehandlers.voidtype.VoidReturn'>, None, <pybindgen.typehandlers.ctypeparser.TypeTraits object at 0x7fca1c6460b8>))
DEBUG:pybindgen.typehandlers:TypeMatcher.lookup('ns3::Hash::Function::Hash64 const &')
DEBUG:pybindgen.typehandlers:try to lookup type handler for 'ns3::Hash::Function::Hash64 const &' => success ((<class 'pybindgen.cppclass.CppClass.__init__.<locals>.ThisClassRefParameter'>, None, <pybindgen.typehandlers.ctypeparser.TypeTraits object at 0x7fca1c6464a8>))
DEBUG:pybindgen.typehandlers:TypeMatcher.lookup('ns3::Hash::Hash64Function_ptr')
DEBUG:pybindgen.typehandlers:try to lookup type handler for 'ns3::Hash::Hash64Function_ptr' => failure
'ns3::Hash::Hash64Function_ptr' did not match
/home/imran/ns-allinone-3.36.1/ns-3.36.1/src/dsdv/bindings/modulegen__gcc_LP64.py:7561: Warning: exception TypeLookupError(['ns3::Hash::Hash64Function_ptr'],) in wrapper <pybindgen.cppmethod.CppConstructor object at 0x7fca1c646828>
  cls.add_constructor([param('ns3::Hash::Hash64Function_ptr', 'hp')])
DEBUG:pybindgen.typehandlers:TypeMatcher.lookup('uint32_t')
DEBUG:pybindgen.typehandlers:try to lookup type handler for 'uint32_t' => success ((<class 'pybindgen.typehandlers.inttype.UnsignedIntReturn'>, None, <pybindgen.typehandlers.ctypeparser.TypeTraits object at 0x7fca1c646978>))
DEBUG:pybindgen.typehandlers:TypeMatcher.lookup('char const *')
DEBUG:pybindgen.typehandlers:try to lookup type handler for 'char const *' => success ((<class 'pybindgen.typehandlers.stringtype.CStringParam'>, None, <pybindgen.typehandlers.ctypeparser.TypeTraits object at 0x7fca1c646a58>))
DEBUG:pybindgen.typehandlers:TypeMatcher.lookup('std::size_t const')
DEBUG:pybindgen.typehandlers:try to lookup type handler for 'std::size_t const' => success ((<class 'pybindgen.typehandlers.inttype.SizeTParam'>, None, <pybindgen.typehandlers.ctypeparser.TypeTraits object at 0x7fca1c646c18>))
DEBUG:pybindgen.typehandlers:TypeMatcher.lookup('uint64_t')
DEBUG:pybindgen.typehandlers:try to lookup type handler for 'uint64_t' => success ((<class 'pybindgen.typehandlers.inttype.UnsignedLongLongReturn'>, None, <pybindgen.typehandlers.ctypeparser.TypeTraits object at 0x7fca1c646fd0>))
DEBUG:pybindgen.typehandlers:TypeMatcher.lookup('char const *')
DEBUG:pybindgen.typehandlers:try to lookup type handler for 'char const *' => success ((<class 'pybindgen.typehandlers.stringtype.CStringParam'>, None, <pybindgen.typehandlers.ctypeparser.TypeTraits object at 0x7fca1c646860>))
DEBUG:pybindgen.typehandlers:TypeMatcher.lookup('std::size_t const')
DEBUG:pybindgen.typehandlers:try to lookup type handler for 'std::size_t const' => success ((<class 'pybindgen.typehandlers.inttype.SizeTParam'>, None, <pybindgen.typehandlers.ctypeparser.TypeTraits object at 0x7fca1c64f128>))
DEBUG:pybindgen.typehandlers:TypeMatcher.lookup('void')
DEBUG:pybindgen.typehandlers:try to lookup type handler for 'void' => success ((<class 'pybindgen.typehandlers.voidtype.VoidReturn'>, None, <pybindgen.typehandlers.ctypeparser.TypeTraits object at 0x7fca1c64f4e0>))
DEBUG:pybindgen.typehandlers:TypeMatcher.lookup('ns3::Hash::Function::Murmur3 const &')
DEBUG:pybindgen.typehandlers:try to lookup type handler for 'ns3::Hash::Function::Murmur3 const &' => success ((<class 'pybindgen.cppclass.CppClass.__init__.<locals>.ThisClassRefParameter'>, None, <pybindgen.typehandlers.ctypeparser.TypeTraits object at 0x7fca1c64f8d0>))
DEBUG:pybindgen.typehandlers:TypeMatcher.lookup('uint32_t')
DEBUG:pybindgen.typehandlers:try to lookup type handler for 'uint32_t' => success ((<class 'pybindgen.typehandlers.inttype.UnsignedIntReturn'>, None, <pybindgen.typehandlers.ctypeparser.TypeTraits object at 0x7fca1c64fef0>))
DEBUG:pybindgen.typehandlers:TypeMatcher.lookup('char const *')
DEBUG:pybindgen.typehandlers:try to lookup type handler for 'char const *' => success ((<class 'pybindgen.typehandlers.stringtype.CStringParam'>, None, <pybindgen.typehandlers.ctypeparser.TypeTraits object at 0x7fca1c654048>))
DEBUG:pybindgen.typehandlers:TypeMatcher.lookup('std::size_t const')
DEBUG:pybindgen.typehandlers:try to lookup type handler for 'std::size_t const' => success ((<class 'pybindgen.typehandlers.inttype.SizeTParam'>, None, <pybindgen.typehandlers.ctypeparser.TypeTraits object at 0x7fca1c654208>))
DEBUG:pybindgen.typehandlers:TypeMatcher.lookup('uint64_t')
DEBUG:pybindgen.typehandlers:try to lookup type handler for 'uint64_t' => success ((<class 'pybindgen.typehandlers.inttype.UnsignedLongLongReturn'>, None, <pybindgen.typehandlers.ctypeparser.TypeTraits object at 0x7fca1c6545c0>))
DEBUG:pybindgen.typehandlers:TypeMatcher.lookup('char const *')
DEBUG:pybindgen.typehandlers:try to lookup type handler for 'char const *' => success ((<class 'pybindgen.typehandlers.stringtype.CStringParam'>, None, <pybindgen.typehandlers.ctypeparser.TypeTraits object at 0x7fca1c6546d8>))
DEBUG:pybindgen.typehandlers:TypeMatcher.lookup('std::size_t const')
DEBUG:pybindgen.typehandlers:try to lookup type handler for 'std::size_t const' => success ((<class 'pybindgen.typehandlers.inttype.SizeTParam'>, None, <pybindgen.typehandlers.ctypeparser.TypeTraits object at 0x7fca1c654898>))
DEBUG:pybindgen.typehandlers:TypeMatcher.lookup('void')
DEBUG:pybindgen.typehandlers:try to lookup type handler for 'void' => success ((<class 'pybindgen.typehandlers.voidtype.VoidReturn'>, None, <pybindgen.typehandlers.ctypeparser.TypeTraits object at 0x7fca1c654c50>))
DEBUG:pybindgen.typehandlers:TypeMatcher.lookup('ns3::dsdv::DsdvHeader const &')
DEBUG:pybindgen.typehandlers:try to lookup type handler for 'ns3::dsdv::DsdvHeader const &' => success ((<class 'pybindgen.cppclass.CppClass.__init__.<locals>.ThisClassRefParameter'>, None, <pybindgen.typehandlers.ctypeparser.TypeTraits object at 0x7fca1c659080>))
DEBUG:pybindgen.typehandlers:TypeMatcher.lookup('ns3::Ipv4Address')
DEBUG:pybindgen.typehandlers:try to lookup type handler for 'ns3::Ipv4Address' => success ((<class 'pybindgen.cppclass.CppClass.__init__.<locals>.ThisClassParameter'>, None, <pybindgen.typehandlers.ctypeparser.TypeTraits object at 0x7fca1c659470>))
DEBUG:pybindgen.typehandlers:TypeMatcher.lookup('uint32_t')
DEBUG:pybindgen.typehandlers:try to lookup type handler for 'uint32_t' => success ((<class 'pybindgen.typehandlers.inttype.UnsignedIntParam'>, None, <pybindgen.typehandlers.ctypeparser.TypeTraits object at 0x7fca1c659518>))
DEBUG:pybindgen.typehandlers:TypeMatcher.lookup('uint32_t')
DEBUG:pybindgen.typehandlers:try to lookup type handler for 'uint32_t' => success ((<class 'pybindgen.typehandlers.inttype.UnsignedIntParam'>, None, <pybindgen.typehandlers.ctypeparser.TypeTraits object at 0x7fca1c6595f8>))
DEBUG:pybindgen.typehandlers:TypeMatcher.lookup('uint32_t')
DEBUG:pybindgen.typehandlers:try to lookup type handler for 'uint32_t' => success ((<class 'pybindgen.typehandlers.inttype.UnsignedIntReturn'>, None, <pybindgen.typehandlers.ctypeparser.TypeTraits object at 0x7fca1c659940>))
DEBUG:pybindgen.typehandlers:TypeMatcher.lookup('ns3::Buffer::Iterator')
DEBUG:pybindgen.typehandlers:try to lookup type handler for 'ns3::Buffer::Iterator' => success ((<class 'pybindgen.cppclass.CppClass.__init__.<locals>.ThisClassParameter'>, None, <pybindgen.typehandlers.ctypeparser.TypeTraits object at 0x7fca1c659a58>))
DEBUG:pybindgen.typehandlers:TypeMatcher.lookup('ns3::Ipv4Address')
DEBUG:pybindgen.typehandlers:try to lookup type handler for 'ns3::Ipv4Address' => success ((<class 'pybindgen.cppclass.CppClass.__init__.<locals>.ThisClassReturn'>, None, <pybindgen.typehandlers.ctypeparser.TypeTraits object at 0x7fca1c659da0>))
DEBUG:pybindgen.typehandlers:TypeMatcher.lookup('uint32_t')
DEBUG:pybindgen.typehandlers:try to lookup type handler for 'uint32_t' => success ((<class 'pybindgen.typehandlers.inttype.UnsignedIntReturn'>, None, <pybindgen.typehandlers.ctypeparser.TypeTraits object at 0x7fca1c5e2160>))
DEBUG:pybindgen.typehandlers:TypeMatcher.lookup('uint32_t')
DEBUG:pybindgen.typehandlers:try to lookup type handler for 'uint32_t' => success ((<class 'pybindgen.typehandlers.inttype.UnsignedIntReturn'>, None, <pybindgen.typehandlers.ctypeparser.TypeTraits object at 0x7fca1c5e24e0>))
DEBUG:pybindgen.typehandlers:TypeMatcher.lookup('ns3::TypeId')
DEBUG:pybindgen.typehandlers:try to lookup type handler for 'ns3::TypeId' => success ((<class 'pybindgen.cppclass.CppClass.__init__.<locals>.ThisClassReturn'>, None, <pybindgen.typehandlers.ctypeparser.TypeTraits object at 0x7fca1c5e2860>))
DEBUG:pybindgen.typehandlers:TypeMatcher.lookup('uint32_t')
DEBUG:pybindgen.typehandlers:try to lookup type handler for 'uint32_t' => success ((<class 'pybindgen.typehandlers.inttype.UnsignedIntReturn'>, None, <pybindgen.typehandlers.ctypeparser.TypeTraits object at 0x7fca1c5e2be0>))
DEBUG:pybindgen.typehandlers:TypeMatcher.lookup('ns3::TypeId')
DEBUG:pybindgen.typehandlers:try to lookup type handler for 'ns3::TypeId' => success ((<class 'pybindgen.cppclass.CppClass.__init__.<locals>.ThisClassReturn'>, None, <pybindgen.typehandlers.ctypeparser.TypeTraits object at 0x7fca1c5e2f60>))
DEBUG:pybindgen.typehandlers:TypeMatcher.lookup('void')
DEBUG:pybindgen.typehandlers:try to lookup type handler for 'void' => success ((<class 'pybindgen.typehandlers.voidtype.VoidReturn'>, None, <pybindgen.typehandlers.ctypeparser.TypeTraits object at 0x7fca1c5ea320>))
DEBUG:pybindgen.typehandlers:TypeMatcher.lookup('std::ostream &')
DEBUG:pybindgen.typehandlers:try to lookup type handler for 'std::ostream &' => failure
'std::ostream &' did not match
/home/imran/ns-allinone-3.36.1/ns-3.36.1/src/dsdv/bindings/modulegen__gcc_LP64.py:7646: Warning: exception TypeLookupError(['std::ostream &'],) in wrapper public: virtual retval? ???::Print (params?) const;
  is_const=True, is_virtual=True)
DEBUG:pybindgen.typehandlers:TypeMatcher.lookup('void')
DEBUG:pybindgen.typehandlers:try to lookup type handler for 'void' => success ((<class 'pybindgen.typehandlers.voidtype.VoidReturn'>, None, <pybindgen.typehandlers.ctypeparser.TypeTraits object at 0x7fca1c5ea9e8>))
DEBUG:pybindgen.typehandlers:TypeMatcher.lookup('ns3::Buffer::Iterator')
DEBUG:pybindgen.typehandlers:try to lookup type handler for 'ns3::Buffer::Iterator' => success ((<class 'pybindgen.cppclass.CppClass.__init__.<locals>.ThisClassParameter'>, None, <pybindgen.typehandlers.ctypeparser.TypeTraits object at 0x7fca1c5eab38>))
DEBUG:pybindgen.typehandlers:TypeMatcher.lookup('void')
DEBUG:pybindgen.typehandlers:try to lookup type handler for 'void' => success ((<class 'pybindgen.typehandlers.voidtype.VoidReturn'>, None, <pybindgen.typehandlers.ctypeparser.TypeTraits object at 0x7fca1c5eae80>))
DEBUG:pybindgen.typehandlers:TypeMatcher.lookup('ns3::Ipv4Address')
DEBUG:pybindgen.typehandlers:try to lookup type handler for 'ns3::Ipv4Address' => success ((<class 'pybindgen.cppclass.CppClass.__init__.<locals>.ThisClassParameter'>, None, <pybindgen.typehandlers.ctypeparser.TypeTraits object at 0x7fca1c5ea4a8>))
DEBUG:pybindgen.typehandlers:TypeMatcher.lookup('void')
DEBUG:pybindgen.typehandlers:try to lookup type handler for 'void' => success ((<class 'pybindgen.typehandlers.voidtype.VoidReturn'>, None, <pybindgen.typehandlers.ctypeparser.TypeTraits object at 0x7fca1c5f1128>))
DEBUG:pybindgen.typehandlers:TypeMatcher.lookup('uint32_t')
DEBUG:pybindgen.typehandlers:try to lookup type handler for 'uint32_t' => success ((<class 'pybindgen.typehandlers.inttype.UnsignedIntParam'>, None, <pybindgen.typehandlers.ctypeparser.TypeTraits object at 0x7fca1c5f1278>))
DEBUG:pybindgen.typehandlers:TypeMatcher.lookup('void')
DEBUG:pybindgen.typehandlers:try to lookup type handler for 'void' => success ((<class 'pybindgen.typehandlers.voidtype.VoidReturn'>, None, <pybindgen.typehandlers.ctypeparser.TypeTraits object at 0x7fca1c5f15c0>))
DEBUG:pybindgen.typehandlers:TypeMatcher.lookup('uint32_t')
DEBUG:pybindgen.typehandlers:try to lookup type handler for 'uint32_t' => success ((<class 'pybindgen.typehandlers.inttype.UnsignedIntParam'>, None, <pybindgen.typehandlers.ctypeparser.TypeTraits object at 0x7fca1c5f1710>))
DEBUG:pybindgen.typehandlers:TypeMatcher.lookup('ns3::dsdv::PacketQueue const &')
DEBUG:pybindgen.typehandlers:try to lookup type handler for 'ns3::dsdv::PacketQueue const &' => success ((<class 'pybindgen.cppclass.CppClass.__init__.<locals>.ThisClassRefParameter'>, None, <pybindgen.typehandlers.ctypeparser.TypeTraits object at 0x7fca1c5f1a90>))
DEBUG:pybindgen.typehandlers:TypeMatcher.lookup('bool')
DEBUG:pybindgen.typehandlers:try to lookup type handler for 'bool' => success ((<class 'pybindgen.typehandlers.booltype.BoolReturn'>, None, <pybindgen.typehandlers.ctypeparser.TypeTraits object at 0x7fca1c5fa0f0>))
DEBUG:pybindgen.typehandlers:TypeMatcher.lookup('ns3::Ipv4Address')
DEBUG:pybindgen.typehandlers:try to lookup type handler for 'ns3::Ipv4Address' => success ((<class 'pybindgen.cppclass.CppClass.__init__.<locals>.ThisClassParameter'>, None, <pybindgen.typehandlers.ctypeparser.TypeTraits object at 0x7fca1c5fa240>))
DEBUG:pybindgen.typehandlers:TypeMatcher.lookup('ns3::dsdv::QueueEntry &')
DEBUG:pybindgen.typehandlers:try to lookup type handler for 'ns3::dsdv::QueueEntry &' => success ((<class 'pybindgen.cppclass.CppClass.__init__.<locals>.ThisClassRefParameter'>, None, <pybindgen.typehandlers.ctypeparser.TypeTraits object at 0x7fca1c5fa2e8>))
DEBUG:pybindgen.typehandlers:TypeMatcher.lookup('void')
DEBUG:pybindgen.typehandlers:try to lookup type handler for 'void' => success ((<class 'pybindgen.typehandlers.voidtype.VoidReturn'>, None, <pybindgen.typehandlers.ctypeparser.TypeTraits object at 0x7fca1c5fa6a0>))
DEBUG:pybindgen.typehandlers:TypeMatcher.lookup('ns3::Ipv4Address')
DEBUG:pybindgen.typehandlers:try to lookup type handler for 'ns3::Ipv4Address' => success ((<class 'pybindgen.cppclass.CppClass.__init__.<locals>.ThisClassParameter'>, None, <pybindgen.typehandlers.ctypeparser.TypeTraits object at 0x7fca1c5fa7f0>))
DEBUG:pybindgen.typehandlers:TypeMatcher.lookup('bool')
DEBUG:pybindgen.typehandlers:try to lookup type handler for 'bool' => success ((<class 'pybindgen.typehandlers.booltype.BoolReturn'>, None, <pybindgen.typehandlers.ctypeparser.TypeTraits object at 0x7fca1c5fab38>))
DEBUG:pybindgen.typehandlers:TypeMatcher.lookup('ns3::dsdv::QueueEntry &')
DEBUG:pybindgen.typehandlers:try to lookup type handler for 'ns3::dsdv::QueueEntry &' => success ((<class 'pybindgen.cppclass.CppClass.__init__.<locals>.ThisClassRefParameter'>, None, <pybindgen.typehandlers.ctypeparser.TypeTraits object at 0x7fca1c5fac88>))
DEBUG:pybindgen.typehandlers:TypeMatcher.lookup('bool')
DEBUG:pybindgen.typehandlers:try to lookup type handler for 'bool' => success ((<class 'pybindgen.typehandlers.booltype.BoolReturn'>, None, <pybindgen.typehandlers.ctypeparser.TypeTraits object at 0x7fca1c602048>))
DEBUG:pybindgen.typehandlers:TypeMatcher.lookup('ns3::Ipv4Address')
DEBUG:pybindgen.typehandlers:try to lookup type handler for 'ns3::Ipv4Address' => success ((<class 'pybindgen.cppclass.CppClass.__init__.<locals>.ThisClassParameter'>, None, <pybindgen.typehandlers.ctypeparser.TypeTraits object at 0x7fca1c602198>))
DEBUG:pybindgen.typehandlers:TypeMatcher.lookup('uint32_t')
DEBUG:pybindgen.typehandlers:try to lookup type handler for 'uint32_t' => success ((<class 'pybindgen.typehandlers.inttype.UnsignedIntReturn'>, None, <pybindgen.typehandlers.ctypeparser.TypeTraits object at 0x7fca1c6024e0>))
DEBUG:pybindgen.typehandlers:TypeMatcher.lookup('ns3::Ipv4Address')
DEBUG:pybindgen.typehandlers:try to lookup type handler for 'ns3::Ipv4Address' => success ((<class 'pybindgen.cppclass.CppClass.__init__.<locals>.ThisClassParameter'>, None, <pybindgen.typehandlers.ctypeparser.TypeTraits object at 0x7fca1c6025f8>))
DEBUG:pybindgen.typehandlers:TypeMatcher.lookup('uint32_t')
DEBUG:pybindgen.typehandlers:try to lookup type handler for 'uint32_t' => success ((<class 'pybindgen.typehandlers.inttype.UnsignedIntReturn'>, None, <pybindgen.typehandlers.ctypeparser.TypeTraits object at 0x7fca1c602940>))
DEBUG:pybindgen.typehandlers:TypeMatcher.lookup('uint32_t')
DEBUG:pybindgen.typehandlers:try to lookup type handler for 'uint32_t' => success ((<class 'pybindgen.typehandlers.inttype.UnsignedIntReturn'>, None, <pybindgen.typehandlers.ctypeparser.TypeTraits object at 0x7fca1c602cc0>))
DEBUG:pybindgen.typehandlers:TypeMatcher.lookup('ns3::Time')
DEBUG:pybindgen.typehandlers:try to lookup type handler for 'ns3::Time' => success ((<class 'pybindgen.cppclass.CppClass.__init__.<locals>.ThisClassReturn'>, None, <pybindgen.typehandlers.ctypeparser.TypeTraits object at 0x7fca1c608080>))
DEBUG:pybindgen.typehandlers:TypeMatcher.lookup('uint32_t')
DEBUG:pybindgen.typehandlers:try to lookup type handler for 'uint32_t' => success ((<class 'pybindgen.typehandlers.inttype.UnsignedIntReturn'>, None, <pybindgen.typehandlers.ctypeparser.TypeTraits object at 0x7fca1c608400>))
DEBUG:pybindgen.typehandlers:TypeMatcher.lookup('void')
DEBUG:pybindgen.typehandlers:try to lookup type handler for 'void' => success ((<class 'pybindgen.typehandlers.voidtype.VoidReturn'>, None, <pybindgen.typehandlers.ctypeparser.TypeTraits object at 0x7fca1c6087b8>))
DEBUG:pybindgen.typehandlers:TypeMatcher.lookup('uint32_t')
DEBUG:pybindgen.typehandlers:try to lookup type handler for 'uint32_t' => success ((<class 'pybindgen.typehandlers.inttype.UnsignedIntParam'>, None, <pybindgen.typehandlers.ctypeparser.TypeTraits object at 0x7fca1c608908>))
DEBUG:pybindgen.typehandlers:TypeMatcher.lookup('void')
DEBUG:pybindgen.typehandlers:try to lookup type handler for 'void' => success ((<class 'pybindgen.typehandlers.voidtype.VoidReturn'>, None, <pybindgen.typehandlers.ctypeparser.TypeTraits object at 0x7fca1c608c50>))
DEBUG:pybindgen.typehandlers:TypeMatcher.lookup('uint32_t')
DEBUG:pybindgen.typehandlers:try to lookup type handler for 'uint32_t' => success ((<class 'pybindgen.typehandlers.inttype.UnsignedIntParam'>, None, <pybindgen.typehandlers.ctypeparser.TypeTraits object at 0x7fca1c608da0>))
DEBUG:pybindgen.typehandlers:TypeMatcher.lookup('void')
DEBUG:pybindgen.typehandlers:try to lookup type handler for 'void' => success ((<class 'pybindgen.typehandlers.voidtype.VoidReturn'>, None, <pybindgen.typehandlers.ctypeparser.TypeTraits object at 0x7fca1c60f128>))
DEBUG:pybindgen.typehandlers:TypeMatcher.lookup('ns3::Time')
DEBUG:pybindgen.typehandlers:try to lookup type handler for 'ns3::Time' => success ((<class 'pybindgen.cppclass.CppClass.__init__.<locals>.ThisClassParameter'>, None, <pybindgen.typehandlers.ctypeparser.TypeTraits object at 0x7fca1c60f278>))
DEBUG:pybindgen.typehandlers:TypeMatcher.lookup('ns3::dsdv::QueueEntry const &')
DEBUG:pybindgen.typehandlers:try to lookup type handler for 'ns3::dsdv::QueueEntry const &' => success ((<class 'pybindgen.cppclass.CppClass.__init__.<locals>.ThisClassRefParameter'>, None, <pybindgen.typehandlers.ctypeparser.TypeTraits object at 0x7fca1c60f5f8>))
DEBUG:pybindgen.typehandlers:TypeMatcher.lookup('ns3::Ptr< ns3::Packet const >')
DEBUG:pybindgen.typehandlers:try to lookup type handler for 'ns3::Ptr< ns3::Packet const >' => failure
DEBUG:pybindgen.typehandlers:try to lookup type handler for 'ns3::Packet *' => success ((<class 'pybindgen.cppclass.MemoryPolicy.register_ptr_parameter_and_return.<locals>.ThisClassPtrParameter'>, <ns3modulegen_core_customizations.SmartPointerTransformation object at 0x7fca1d6d7048>, <pybindgen.typehandlers.ctypeparser.TypeTraits object at 0x7fca1c60fc50>))
DEBUG:pybindgen.typehandlers:TypeMatcher.lookup('ns3::Ipv4Header const &')
DEBUG:pybindgen.typehandlers:try to lookup type handler for 'ns3::Ipv4Header const &' => success ((<class 'pybindgen.cppclass.CppClass.__init__.<locals>.ThisClassRefParameter'>, None, <pybindgen.typehandlers.ctypeparser.TypeTraits object at 0x7fca1c60fc50>))
DEBUG:pybindgen.typehandlers:TypeMatcher.lookup('ns3::dsdv::QueueEntry::UnicastForwardCallback')
DEBUG:pybindgen.typehandlers:try to lookup type handler for 'ns3::dsdv::QueueEntry::UnicastForwardCallback' => success ((<class 'ns3modulegen_core_customizations.register_callback_classes.<locals>.PythonCallbackParameter'>, None, <pybindgen.typehandlers.ctypeparser.TypeTraits object at 0x7fca1c60fe10>))
DEBUG:pybindgen.typehandlers:TypeMatcher.lookup('ns3::dsdv::QueueEntry::ErrorCallback')
DEBUG:pybindgen.typehandlers:try to lookup type handler for 'ns3::dsdv::QueueEntry::ErrorCallback' => success ((<class 'ns3modulegen_core_customizations.register_callback_classes.<locals>.PythonCallbackParameter'>, None, <pybindgen.typehandlers.ctypeparser.TypeTraits object at 0x7fca1c695978>))
DEBUG:pybindgen.typehandlers:TypeMatcher.lookup('ns3::dsdv::QueueEntry::ErrorCallback')
DEBUG:pybindgen.typehandlers:try to lookup type handler for 'ns3::dsdv::QueueEntry::ErrorCallback' => failure
'ns3::dsdv::QueueEntry::ErrorCallback' did not match
/home/imran/ns-allinone-3.36.1/ns-3.36.1/src/dsdv/bindings/modulegen__gcc_LP64.py:7734: Warning: exception TypeLookupError(['ns3::dsdv::QueueEntry::ErrorCallback'],) in wrapper public: retval? ???::GetErrorCallback (params?) const;
  is_const=True)
DEBUG:pybindgen.typehandlers:TypeMatcher.lookup('ns3::Time')
DEBUG:pybindgen.typehandlers:try to lookup type handler for 'ns3::Time' => success ((<class 'pybindgen.cppclass.CppClass.__init__.<locals>.ThisClassReturn'>, None, <pybindgen.typehandlers.ctypeparser.TypeTraits object at 0x7fca1c695e10>))
DEBUG:pybindgen.typehandlers:TypeMatcher.lookup('ns3::Ipv4Header')
DEBUG:pybindgen.typehandlers:try to lookup type handler for 'ns3::Ipv4Header' => success ((<class 'pybindgen.cppclass.CppClass.__init__.<locals>.ThisClassReturn'>, None, <pybindgen.typehandlers.ctypeparser.TypeTraits object at 0x7fca1c690a58>))
DEBUG:pybindgen.typehandlers:TypeMatcher.lookup('ns3::Ptr< ns3::Packet const >')
DEBUG:pybindgen.typehandlers:try to lookup type handler for 'ns3::Ptr< ns3::Packet const >' => failure
DEBUG:pybindgen.typehandlers:try to lookup type handler for 'ns3::Packet *' => success ((<class 'pybindgen.cppclass.MemoryPolicy.register_ptr_parameter_and_return.<locals>.ThisClassPtrReturn'>, <ns3modulegen_core_customizations.SmartPointerTransformation object at 0x7fca1d6d7048>, <pybindgen.typehandlers.ctypeparser.TypeTraits object at 0x7fca1c6182b0>))
DEBUG:pybindgen.typehandlers:TypeMatcher.lookup('ns3::dsdv::QueueEntry::UnicastForwardCallback')
DEBUG:pybindgen.typehandlers:try to lookup type handler for 'ns3::dsdv::QueueEntry::UnicastForwardCallback' => failure
'ns3::dsdv::QueueEntry::UnicastForwardCallback' did not match
/home/imran/ns-allinone-3.36.1/ns-3.36.1/src/dsdv/bindings/modulegen__gcc_LP64.py:7754: Warning: exception TypeLookupError(['ns3::dsdv::QueueEntry::UnicastForwardCallback'],) in wrapper public: retval? ???::GetUnicastForwardCallback (params?) const;
  is_const=True)
DEBUG:pybindgen.typehandlers:TypeMatcher.lookup('void')
DEBUG:pybindgen.typehandlers:try to lookup type handler for 'void' => success ((<class 'pybindgen.typehandlers.voidtype.VoidReturn'>, None, <pybindgen.typehandlers.ctypeparser.TypeTraits object at 0x7fca1c618630>))
DEBUG:pybindgen.typehandlers:TypeMatcher.lookup('ns3::Ipv4RoutingProtocol::ErrorCallback')
DEBUG:pybindgen.typehandlers:try to lookup type handler for 'ns3::Ipv4RoutingProtocol::ErrorCallback' => success ((<class 'ns3modulegen_core_customizations.register_callback_classes.<locals>.PythonCallbackParameter'>, None, <pybindgen.typehandlers.ctypeparser.TypeTraits object at 0x7fca1c618748>))
DEBUG:pybindgen.typehandlers:TypeMatcher.lookup('void')
DEBUG:pybindgen.typehandlers:try to lookup type handler for 'void' => success ((<class 'pybindgen.typehandlers.voidtype.VoidReturn'>, None, <pybindgen.typehandlers.ctypeparser.TypeTraits object at 0x7fca1c618a90>))
DEBUG:pybindgen.typehandlers:TypeMatcher.lookup('ns3::Time')
DEBUG:pybindgen.typehandlers:try to lookup type handler for 'ns3::Time' => success ((<class 'pybindgen.cppclass.CppClass.__init__.<locals>.ThisClassParameter'>, None, <pybindgen.typehandlers.ctypeparser.TypeTraits object at 0x7fca1c618be0>))
DEBUG:pybindgen.typehandlers:TypeMatcher.lookup('void')
DEBUG:pybindgen.typehandlers:try to lookup type handler for 'void' => success ((<class 'pybindgen.typehandlers.voidtype.VoidReturn'>, None, <pybindgen.typehandlers.ctypeparser.TypeTraits object at 0x7fca1c618f28>))
DEBUG:pybindgen.typehandlers:TypeMatcher.lookup('ns3::Ipv4Header')
DEBUG:pybindgen.typehandlers:try to lookup type handler for 'ns3::Ipv4Header' => success ((<class 'pybindgen.cppclass.CppClass.__init__.<locals>.ThisClassParameter'>, None, <pybindgen.typehandlers.ctypeparser.TypeTraits object at 0x7fca1c5a00b8>))
DEBUG:pybindgen.typehandlers:TypeMatcher.lookup('void')
DEBUG:pybindgen.typehandlers:try to lookup type handler for 'void' => success ((<class 'pybindgen.typehandlers.voidtype.VoidReturn'>, None, <pybindgen.typehandlers.ctypeparser.TypeTraits object at 0x7fca1c5a0400>))
DEBUG:pybindgen.typehandlers:TypeMatcher.lookup('ns3::Ptr< ns3::Packet const >')
DEBUG:pybindgen.typehandlers:try to lookup type handler for 'ns3::Ptr< ns3::Packet const >' => failure
DEBUG:pybindgen.typehandlers:try to lookup type handler for 'ns3::Packet *' => success ((<class 'pybindgen.cppclass.MemoryPolicy.register_ptr_parameter_and_return.<locals>.ThisClassPtrParameter'>, <ns3modulegen_core_customizations.SmartPointerTransformation object at 0x7fca1d6d7048>, <pybindgen.typehandlers.ctypeparser.TypeTraits object at 0x7fca1c5a07b8>))
DEBUG:pybindgen.typehandlers:TypeMatcher.lookup('void')
DEBUG:pybindgen.typehandlers:try to lookup type handler for 'void' => success ((<class 'pybindgen.typehandlers.voidtype.VoidReturn'>, None, <pybindgen.typehandlers.ctypeparser.TypeTraits object at 0x7fca1c5a0a20>))
DEBUG:pybindgen.typehandlers:TypeMatcher.lookup('ns3::Ipv4RoutingProtocol::UnicastForwardCallback')
DEBUG:pybindgen.typehandlers:try to lookup type handler for 'ns3::Ipv4RoutingProtocol::UnicastForwardCallback' => success ((<class 'ns3modulegen_core_customizations.register_callback_classes.<locals>.PythonCallbackParameter'>, None, <pybindgen.typehandlers.ctypeparser.TypeTraits object at 0x7fca1c5a0b70>))
DEBUG:pybindgen.typehandlers:TypeMatcher.lookup('ns3::dsdv::RoutingProtocol const &')
DEBUG:pybindgen.typehandlers:try to lookup type handler for 'ns3::dsdv::RoutingProtocol const &' => success ((<class 'pybindgen.cppclass.CppClass.__init__.<locals>.ThisClassRefParameter'>, None, <pybindgen.typehandlers.ctypeparser.TypeTraits object at 0x7fca1c6185c0>))
DEBUG:pybindgen.typehandlers:TypeMatcher.lookup('int64_t')
DEBUG:pybindgen.typehandlers:try to lookup type handler for 'int64_t' => success ((<class 'pybindgen.typehandlers.inttype.LongLongReturn'>, None, <pybindgen.typehandlers.ctypeparser.TypeTraits object at 0x7fca1c5a8400>))
DEBUG:pybindgen.typehandlers:TypeMatcher.lookup('int64_t')
DEBUG:pybindgen.typehandlers:try to lookup type handler for 'int64_t' => success ((<class 'pybindgen.typehandlers.inttype.LongLongParam'>, None, <pybindgen.typehandlers.ctypeparser.TypeTraits object at 0x7fca1c5a8550>))
DEBUG:pybindgen.typehandlers:TypeMatcher.lookup('void')
DEBUG:pybindgen.typehandlers:try to lookup type handler for 'void' => success ((<class 'pybindgen.typehandlers.voidtype.VoidReturn'>, None, <pybindgen.typehandlers.ctypeparser.TypeTraits object at 0x7fca1c5a88d0>))
DEBUG:pybindgen.typehandlers:TypeMatcher.lookup('bool')
DEBUG:pybindgen.typehandlers:try to lookup type handler for 'bool' => success ((<class 'pybindgen.typehandlers.booltype.BoolReturn'>, None, <pybindgen.typehandlers.ctypeparser.TypeTraits object at 0x7fca1c5a8c88>))
DEBUG:pybindgen.typehandlers:TypeMatcher.lookup('bool')
DEBUG:pybindgen.typehandlers:try to lookup type handler for 'bool' => success ((<class 'pybindgen.typehandlers.booltype.BoolReturn'>, None, <pybindgen.typehandlers.ctypeparser.TypeTraits object at 0x7fca1c5b0080>))
DEBUG:pybindgen.typehandlers:TypeMatcher.lookup('ns3::TypeId')
DEBUG:pybindgen.typehandlers:try to lookup type handler for 'ns3::TypeId' => success ((<class 'pybindgen.cppclass.CppClass.__init__.<locals>.ThisClassReturn'>, None, <pybindgen.typehandlers.ctypeparser.TypeTraits object at 0x7fca1c5b0438>))
DEBUG:pybindgen.typehandlers:TypeMatcher.lookup('bool')
DEBUG:pybindgen.typehandlers:try to lookup type handler for 'bool' => success ((<class 'pybindgen.typehandlers.booltype.BoolReturn'>, None, <pybindgen.typehandlers.ctypeparser.TypeTraits object at 0x7fca1c5b07b8>))
DEBUG:pybindgen.typehandlers:TypeMatcher.lookup('void')
DEBUG:pybindgen.typehandlers:try to lookup type handler for 'void' => success ((<class 'pybindgen.typehandlers.voidtype.VoidReturn'>, None, <pybindgen.typehandlers.ctypeparser.TypeTraits object at 0x7fca1c5b0b70>))
DEBUG:pybindgen.typehandlers:TypeMatcher.lookup('uint32_t')
DEBUG:pybindgen.typehandlers:try to lookup type handler for 'uint32_t' => success ((<class 'pybindgen.typehandlers.inttype.UnsignedIntParam'>, None, <pybindgen.typehandlers.ctypeparser.TypeTraits object at 0x7fca1c5b0cc0>))
DEBUG:pybindgen.typehandlers:TypeMatcher.lookup('ns3::Ipv4InterfaceAddress')
DEBUG:pybindgen.typehandlers:try to lookup type handler for 'ns3::Ipv4InterfaceAddress' => success ((<class 'pybindgen.cppclass.CppClass.__init__.<locals>.ThisClassParameter'>, None, <pybindgen.typehandlers.ctypeparser.TypeTraits object at 0x7fca1c5b0d68>))
DEBUG:pybindgen.typehandlers:TypeMatcher.lookup('void')
DEBUG:pybindgen.typehandlers:try to lookup type handler for 'void' => success ((<class 'pybindgen.typehandlers.voidtype.VoidReturn'>, None, <pybindgen.typehandlers.ctypeparser.TypeTraits object at 0x7fca1c5b6128>))
DEBUG:pybindgen.typehandlers:TypeMatcher.lookup('uint32_t')
DEBUG:pybindgen.typehandlers:try to lookup type handler for 'uint32_t' => success ((<class 'pybindgen.typehandlers.inttype.UnsignedIntParam'>, None, <pybindgen.typehandlers.ctypeparser.TypeTraits object at 0x7fca1c5b6278>))
DEBUG:pybindgen.typehandlers:TypeMatcher.lookup('void')
DEBUG:pybindgen.typehandlers:try to lookup type handler for 'void' => success ((<class 'pybindgen.typehandlers.voidtype.VoidReturn'>, None, <pybindgen.typehandlers.ctypeparser.TypeTraits object at 0x7fca1c5b65c0>))
DEBUG:pybindgen.typehandlers:TypeMatcher.lookup('uint32_t')
DEBUG:pybindgen.typehandlers:try to lookup type handler for 'uint32_t' => success ((<class 'pybindgen.typehandlers.inttype.UnsignedIntParam'>, None, <pybindgen.typehandlers.ctypeparser.TypeTraits object at 0x7fca1c5b6710>))
DEBUG:pybindgen.typehandlers:TypeMatcher.lookup('void')
DEBUG:pybindgen.typehandlers:try to lookup type handler for 'void' => success ((<class 'pybindgen.typehandlers.voidtype.VoidReturn'>, None, <pybindgen.typehandlers.ctypeparser.TypeTraits object at 0x7fca1c5b6a58>))
DEBUG:pybindgen.typehandlers:TypeMatcher.lookup('uint32_t')
DEBUG:pybindgen.typehandlers:try to lookup type handler for 'uint32_t' => success ((<class 'pybindgen.typehandlers.inttype.UnsignedIntParam'>, None, <pybindgen.typehandlers.ctypeparser.TypeTraits object at 0x7fca1c5b6ba8>))
DEBUG:pybindgen.typehandlers:TypeMatcher.lookup('ns3::Ipv4InterfaceAddress')
DEBUG:pybindgen.typehandlers:try to lookup type handler for 'ns3::Ipv4InterfaceAddress' => success ((<class 'pybindgen.cppclass.CppClass.__init__.<locals>.ThisClassParameter'>, None, <pybindgen.typehandlers.ctypeparser.TypeTraits object at 0x7fca1c5b6c50>))
DEBUG:pybindgen.typehandlers:TypeMatcher.lookup('void')
DEBUG:pybindgen.typehandlers:try to lookup type handler for 'void' => success ((<class 'pybindgen.typehandlers.voidtype.VoidReturn'>, None, <pybindgen.typehandlers.ctypeparser.TypeTraits object at 0x7fca1c5b6fd0>))
DEBUG:pybindgen.typehandlers:TypeMatcher.lookup('ns3::Ptr< ns3::OutputStreamWrapper >')
DEBUG:pybindgen.typehandlers:try to lookup type handler for 'ns3::Ptr< ns3::OutputStreamWrapper >' => failure
DEBUG:pybindgen.typehandlers:try to lookup type handler for 'ns3::OutputStreamWrapper *' => success ((<class 'pybindgen.cppclass.MemoryPolicy.register_ptr_parameter_and_return.<locals>.ThisClassPtrParameter'>, <ns3modulegen_core_customizations.SmartPointerTransformation object at 0x7fca1d6d7048>, <pybindgen.typehandlers.ctypeparser.TypeTraits object at 0x7fca1c5be390>))
DEBUG:pybindgen.typehandlers:TypeMatcher.lookup('ns3::Time::Unit')
DEBUG:pybindgen.typehandlers:try to lookup type handler for 'ns3::Time::Unit' => success ((<class 'pybindgen.enum.Enum.set_module.<locals>.ThisEnumParameter'>, None, <pybindgen.typehandlers.ctypeparser.TypeTraits object at 0x7fca1c5be390>))
DEBUG:pybindgen.typehandlers:TypeMatcher.lookup('bool')
DEBUG:pybindgen.typehandlers:try to lookup type handler for 'bool' => success ((<class 'pybindgen.typehandlers.booltype.BoolReturn'>, None, <pybindgen.typehandlers.ctypeparser.TypeTraits object at 0x7fca1c5be6d8>))
DEBUG:pybindgen.typehandlers:TypeMatcher.lookup('ns3::Ptr< ns3::Packet const >')
DEBUG:pybindgen.typehandlers:try to lookup type handler for 'ns3::Ptr< ns3::Packet const >' => failure
DEBUG:pybindgen.typehandlers:try to lookup type handler for 'ns3::Packet *' => success ((<class 'pybindgen.cppclass.MemoryPolicy.register_ptr_parameter_and_return.<locals>.ThisClassPtrParameter'>, <ns3modulegen_core_customizations.SmartPointerTransformation object at 0x7fca1d6d7048>, <pybindgen.typehandlers.ctypeparser.TypeTraits object at 0x7fca1c5bea90>))
DEBUG:pybindgen.typehandlers:TypeMatcher.lookup('ns3::Ipv4Header const &')
DEBUG:pybindgen.typehandlers:try to lookup type handler for 'ns3::Ipv4Header const &' => success ((<class 'pybindgen.cppclass.CppClass.__init__.<locals>.ThisClassRefParameter'>, None, <pybindgen.typehandlers.ctypeparser.TypeTraits object at 0x7fca1c5bea90>))
DEBUG:pybindgen.typehandlers:TypeMatcher.lookup('ns3::Ptr< ns3::NetDevice const >')
DEBUG:pybindgen.typehandlers:try to lookup type handler for 'ns3::Ptr< ns3::NetDevice const >' => failure
DEBUG:pybindgen.typehandlers:try to lookup type handler for 'ns3::NetDevice *' => success ((<class 'pybindgen.cppclass.MemoryPolicy.register_ptr_parameter_and_return.<locals>.ThisClassPtrParameter'>, <ns3modulegen_core_customizations.SmartPointerTransformation object at 0x7fca1d6d7048>, <pybindgen.typehandlers.ctypeparser.TypeTraits object at 0x7fca1c5bee80>))
DEBUG:pybindgen.typehandlers:TypeMatcher.lookup('ns3::Callback< void, ns3::Ptr< ns3::Ipv4Route >, ns3::Ptr< ns3::Packet const >, ns3::Ipv4Header const &, ns3::empty, ns3::empty, ns3::empty, ns3::empty, ns3::empty, ns3::empty >')
DEBUG:pybindgen.typehandlers:try to lookup type handler for 'ns3::Callback< void, ns3::Ptr< ns3::Ipv4Route >, ns3::Ptr< ns3::Packet const >, ns3::Ipv4Header const &, ns3::empty, ns3::empty, ns3::empty, ns3::empty, ns3::empty, ns3::empty >' => success ((<class 'ns3modulegen_core_customizations.register_callback_classes.<locals>.PythonCallbackParameter'>, None, <pybindgen.typehandlers.ctypeparser.TypeTraits object at 0x7fca1c5bee80>))
DEBUG:pybindgen.typehandlers:TypeMatcher.lookup('ns3::Callback< void, ns3::Ptr< ns3::Ipv4MulticastRoute >, ns3::Ptr< ns3::Packet const >, ns3::Ipv4Header const &, ns3::empty, ns3::empty, ns3::empty, ns3::empty, ns3::empty, ns3::empty >')
DEBUG:pybindgen.typehandlers:try to lookup type handler for 'ns3::Callback< void, ns3::Ptr< ns3::Ipv4MulticastRoute >, ns3::Ptr< ns3::Packet const >, ns3::Ipv4Header const &, ns3::empty, ns3::empty, ns3::empty, ns3::empty, ns3::empty, ns3::empty >' => failure
'ns3::Callback< void, ns3::Ptr< ns3::Ipv4MulticastRoute >, ns3::Ptr< ns3::Packet const >, ns3::Ipv4Header const &, ns3::empty, ns3::empty, ns3::empty, ns3::empty, ns3::empty, ns3::empty >' did not match
/home/imran/ns-allinone-3.36.1/ns-3.36.1/src/dsdv/bindings/modulegen__gcc_LP64.py:7840: Warning: exception TypeLookupError(['ns3::Callback< void, ns3::Ptr< ns3::Ipv4MulticastRoute >, ns3::Ptr< ns3::Packet const >, ns3::Ipv4Header const &, ns3::empty, ns3::empty, ns3::empty, ns3::empty, ns3::empty, ns3::empty >'],) in wrapper public: virtual retval? ???::RouteInput (params?);
  is_virtual=True)
DEBUG:pybindgen.typehandlers:TypeMatcher.lookup('ns3::Ptr< ns3::Ipv4Route >')
DEBUG:pybindgen.typehandlers:try to lookup type handler for 'ns3::Ptr< ns3::Ipv4Route >' => failure
DEBUG:pybindgen.typehandlers:try to lookup type handler for 'ns3::Ipv4Route *' => success ((<class 'pybindgen.cppclass.MemoryPolicy.register_ptr_parameter_and_return.<locals>.ThisClassPtrReturn'>, <ns3modulegen_core_customizations.SmartPointerTransformation object at 0x7fca1d6d7048>, <pybindgen.typehandlers.ctypeparser.TypeTraits object at 0x7fca1c5cdcc0>))
DEBUG:pybindgen.typehandlers:TypeMatcher.lookup('ns3::Ptr< ns3::Packet >')
DEBUG:pybindgen.typehandlers:try to lookup type handler for 'ns3::Ptr< ns3::Packet >' => failure
DEBUG:pybindgen.typehandlers:try to lookup type handler for 'ns3::Packet *' => success ((<class 'pybindgen.cppclass.MemoryPolicy.register_ptr_parameter_and_return.<locals>.ThisClassPtrParameter'>, <ns3modulegen_core_customizations.SmartPointerTransformation object at 0x7fca1d6d7048>, <pybindgen.typehandlers.ctypeparser.TypeTraits object at 0x7fca1c5cdef0>))
DEBUG:pybindgen.typehandlers:TypeMatcher.lookup('ns3::Ipv4Header const &')
DEBUG:pybindgen.typehandlers:try to lookup type handler for 'ns3::Ipv4Header const &' => success ((<class 'pybindgen.cppclass.CppClass.__init__.<locals>.ThisClassRefParameter'>, None, <pybindgen.typehandlers.ctypeparser.TypeTraits object at 0x7fca1c5cdef0>))
DEBUG:pybindgen.typehandlers:TypeMatcher.lookup('ns3::Ptr< ns3::NetDevice >')
DEBUG:pybindgen.typehandlers:try to lookup type handler for 'ns3::Ptr< ns3::NetDevice >' => failure
DEBUG:pybindgen.typehandlers:try to lookup type handler for 'ns3::NetDevice *' => success ((<class 'pybindgen.cppclass.MemoryPolicy.register_ptr_parameter_and_return.<locals>.ThisClassPtrParameter'>, <ns3modulegen_core_customizations.SmartPointerTransformation object at 0x7fca1d6d7048>, <pybindgen.typehandlers.ctypeparser.TypeTraits object at 0x7fca1c5d52b0>))
DEBUG:pybindgen.typehandlers:TypeMatcher.lookup('ns3::Socket::SocketErrno &')
DEBUG:pybindgen.typehandlers:try to lookup type handler for 'ns3::Socket::SocketErrno &' => success ((<class 'pybindgen.enum.Enum.set_module.<locals>.ThisEnumRefParameter'>, None, <pybindgen.typehandlers.ctypeparser.TypeTraits object at 0x7fca1c5d52b0>))
DEBUG:pybindgen.typehandlers:TypeMatcher.lookup('void')
DEBUG:pybindgen.typehandlers:try to lookup type handler for 'void' => success ((<class 'pybindgen.typehandlers.voidtype.VoidReturn'>, None, <pybindgen.typehandlers.ctypeparser.TypeTraits object at 0x7fca1c5d55f8>))
DEBUG:pybindgen.typehandlers:TypeMatcher.lookup('bool')
DEBUG:pybindgen.typehandlers:try to lookup type handler for 'bool' => success ((<class 'pybindgen.typehandlers.booltype.BoolParam'>, None, <pybindgen.typehandlers.ctypeparser.TypeTraits object at 0x7fca1c5d5748>))
DEBUG:pybindgen.typehandlers:TypeMatcher.lookup('void')
DEBUG:pybindgen.typehandlers:try to lookup type handler for 'void' => success ((<class 'pybindgen.typehandlers.voidtype.VoidReturn'>, None, <pybindgen.typehandlers.ctypeparser.TypeTraits object at 0x7fca1c5d5ac8>))
DEBUG:pybindgen.typehandlers:TypeMatcher.lookup('bool')
DEBUG:pybindgen.typehandlers:try to lookup type handler for 'bool' => success ((<class 'pybindgen.typehandlers.booltype.BoolParam'>, None, <pybindgen.typehandlers.ctypeparser.TypeTraits object at 0x7fca1c5d5c18>))
DEBUG:pybindgen.typehandlers:TypeMatcher.lookup('void')
DEBUG:pybindgen.typehandlers:try to lookup type handler for 'void' => success ((<class 'pybindgen.typehandlers.voidtype.VoidReturn'>, None, <pybindgen.typehandlers.ctypeparser.TypeTraits object at 0x7fca1c5d5f98>))
DEBUG:pybindgen.typehandlers:TypeMatcher.lookup('ns3::Ptr< ns3::Ipv4 >')
DEBUG:pybindgen.typehandlers:try to lookup type handler for 'ns3::Ptr< ns3::Ipv4 >' => failure
DEBUG:pybindgen.typehandlers:try to lookup type handler for 'ns3::Ipv4 *' => success ((<class 'pybindgen.cppclass.MemoryPolicy.register_ptr_parameter_and_return.<locals>.ThisClassPtrParameter'>, <ns3modulegen_core_customizations.SmartPointerTransformation object at 0x7fca1d6d7048>, <pybindgen.typehandlers.ctypeparser.TypeTraits object at 0x7fca1c5d9358>))
DEBUG:pybindgen.typehandlers:TypeMatcher.lookup('void')
DEBUG:pybindgen.typehandlers:try to lookup type handler for 'void' => success ((<class 'pybindgen.typehandlers.voidtype.VoidReturn'>, None, <pybindgen.typehandlers.ctypeparser.TypeTraits object at 0x7fca1c5d9588>))
DEBUG:pybindgen.typehandlers:TypeMatcher.lookup('bool')
DEBUG:pybindgen.typehandlers:try to lookup type handler for 'bool' => success ((<class 'pybindgen.typehandlers.booltype.BoolParam'>, None, <pybindgen.typehandlers.ctypeparser.TypeTraits object at 0x7fca1c5d96d8>))
DEBUG:pybindgen.typehandlers:TypeMatcher.lookup('uint32_t const')
DEBUG:pybindgen.typehandlers:try to lookup type handler for 'uint32_t const' => success ((<class 'pybindgen.typehandlers.inttype.UnsignedIntReturn'>, None, <pybindgen.typehandlers.ctypeparser.TypeTraits object at 0x7fca1c5d9a20>))
DEBUG:pybindgen.typehandlers:TypeMatcher.lookup('ns3::dsdv::RoutingTable const &')
DEBUG:pybindgen.typehandlers:try to lookup type handler for 'ns3::dsdv::RoutingTable const &' => success ((<class 'pybindgen.cppclass.CppClass.__init__.<locals>.ThisClassRefParameter'>, None, <pybindgen.typehandlers.ctypeparser.TypeTraits object at 0x7fca1c5d9e48>))
DEBUG:pybindgen.typehandlers:TypeMatcher.lookup('bool')
DEBUG:pybindgen.typehandlers:try to lookup type handler for 'bool' => success ((<class 'pybindgen.typehandlers.booltype.BoolReturn'>, None, <pybindgen.typehandlers.ctypeparser.TypeTraits object at 0x7fca1c5df4a8>))
DEBUG:pybindgen.typehandlers:TypeMatcher.lookup('ns3::Ipv4Address')
DEBUG:pybindgen.typehandlers:try to lookup type handler for 'ns3::Ipv4Address' => success ((<class 'pybindgen.cppclass.CppClass.__init__.<locals>.ThisClassParameter'>, None, <pybindgen.typehandlers.ctypeparser.TypeTraits object at 0x7fca1c5df5f8>))
DEBUG:pybindgen.typehandlers:TypeMatcher.lookup('ns3::EventId')
DEBUG:pybindgen.typehandlers:try to lookup type handler for 'ns3::EventId' => success ((<class 'pybindgen.cppclass.CppClass.__init__.<locals>.ThisClassParameter'>, None, <pybindgen.typehandlers.ctypeparser.TypeTraits object at 0x7fca1c5df6a0>))
DEBUG:pybindgen.typehandlers:TypeMatcher.lookup('bool')
DEBUG:pybindgen.typehandlers:try to lookup type handler for 'bool' => success ((<class 'pybindgen.typehandlers.booltype.BoolReturn'>, None, <pybindgen.typehandlers.ctypeparser.TypeTraits object at 0x7fca1c5dfa20>))
DEBUG:pybindgen.typehandlers:TypeMatcher.lookup('ns3::dsdv::RoutingTableEntry &')
DEBUG:pybindgen.typehandlers:try to lookup type handler for 'ns3::dsdv::RoutingTableEntry &' => success ((<class 'pybindgen.cppclass.CppClass.__init__.<locals>.ThisClassRefParameter'>, None, <pybindgen.typehandlers.ctypeparser.TypeTraits object at 0x7fca1c5dfb70>))
DEBUG:pybindgen.typehandlers:TypeMatcher.lookup('bool')
DEBUG:pybindgen.typehandlers:try to lookup type handler for 'bool' => success ((<class 'pybindgen.typehandlers.booltype.BoolReturn'>, None, <pybindgen.typehandlers.ctypeparser.TypeTraits object at 0x7fca1c5dfef0>))
DEBUG:pybindgen.typehandlers:TypeMatcher.lookup('ns3::Ipv4Address')
DEBUG:pybindgen.typehandlers:try to lookup type handler for 'ns3::Ipv4Address' => success ((<class 'pybindgen.cppclass.CppClass.__init__.<locals>.ThisClassParameter'>, None, <pybindgen.typehandlers.ctypeparser.TypeTraits object at 0x7fca1c567080>))
DEBUG:pybindgen.typehandlers:TypeMatcher.lookup('void')
DEBUG:pybindgen.typehandlers:try to lookup type handler for 'void' => success ((<class 'pybindgen.typehandlers.voidtype.VoidReturn'>, None, <pybindgen.typehandlers.ctypeparser.TypeTraits object at 0x7fca1c5673c8>))
DEBUG:pybindgen.typehandlers:TypeMatcher.lookup('void')
DEBUG:pybindgen.typehandlers:try to lookup type handler for 'void' => success ((<class 'pybindgen.typehandlers.voidtype.VoidReturn'>, None, <pybindgen.typehandlers.ctypeparser.TypeTraits object at 0x7fca1c5677b8>))
DEBUG:pybindgen.typehandlers:TypeMatcher.lookup('ns3::Ipv4InterfaceAddress')
DEBUG:pybindgen.typehandlers:try to lookup type handler for 'ns3::Ipv4InterfaceAddress' => success ((<class 'pybindgen.cppclass.CppClass.__init__.<locals>.ThisClassParameter'>, None, <pybindgen.typehandlers.ctypeparser.TypeTraits object at 0x7fca1c567908>))
DEBUG:pybindgen.typehandlers:TypeMatcher.lookup('bool')
DEBUG:pybindgen.typehandlers:try to lookup type handler for 'bool' => success ((<class 'pybindgen.typehandlers.booltype.BoolReturn'>, None, <pybindgen.typehandlers.ctypeparser.TypeTraits object at 0x7fca1c567c50>))
DEBUG:pybindgen.typehandlers:TypeMatcher.lookup('ns3::Ipv4Address')
DEBUG:pybindgen.typehandlers:try to lookup type handler for 'ns3::Ipv4Address' => success ((<class 'pybindgen.cppclass.CppClass.__init__.<locals>.ThisClassParameter'>, None, <pybindgen.typehandlers.ctypeparser.TypeTraits object at 0x7fca1c567da0>))
DEBUG:pybindgen.typehandlers:TypeMatcher.lookup('bool')
DEBUG:pybindgen.typehandlers:try to lookup type handler for 'bool' => success ((<class 'pybindgen.typehandlers.booltype.BoolReturn'>, None, <pybindgen.typehandlers.ctypeparser.TypeTraits object at 0x7fca1c56f128>))
DEBUG:pybindgen.typehandlers:TypeMatcher.lookup('ns3::Ipv4Address')
DEBUG:pybindgen.typehandlers:try to lookup type handler for 'ns3::Ipv4Address' => success ((<class 'pybindgen.cppclass.CppClass.__init__.<locals>.ThisClassParameter'>, None, <pybindgen.typehandlers.ctypeparser.TypeTraits object at 0x7fca1c56f278>))
DEBUG:pybindgen.typehandlers:TypeMatcher.lookup('bool')
DEBUG:pybindgen.typehandlers:try to lookup type handler for 'bool' => success ((<class 'pybindgen.typehandlers.booltype.BoolReturn'>, None, <pybindgen.typehandlers.ctypeparser.TypeTraits object at 0x7fca1c56f5c0>))
DEBUG:pybindgen.typehandlers:TypeMatcher.lookup('ns3::Ipv4Address')
DEBUG:pybindgen.typehandlers:try to lookup type handler for 'ns3::Ipv4Address' => success ((<class 'pybindgen.cppclass.CppClass.__init__.<locals>.ThisClassParameter'>, None, <pybindgen.typehandlers.ctypeparser.TypeTraits object at 0x7fca1c56f710>))
DEBUG:pybindgen.typehandlers:TypeMatcher.lookup('ns3::EventId')
DEBUG:pybindgen.typehandlers:try to lookup type handler for 'ns3::EventId' => success ((<class 'pybindgen.cppclass.CppClass.__init__.<locals>.ThisClassReturn'>, None, <pybindgen.typehandlers.ctypeparser.TypeTraits object at 0x7fca1c56fa58>))
DEBUG:pybindgen.typehandlers:TypeMatcher.lookup('ns3::Ipv4Address')
DEBUG:pybindgen.typehandlers:try to lookup type handler for 'ns3::Ipv4Address' => success ((<class 'pybindgen.cppclass.CppClass.__init__.<locals>.ThisClassParameter'>, None, <pybindgen.typehandlers.ctypeparser.TypeTraits object at 0x7fca1c56fb70>))
DEBUG:pybindgen.typehandlers:TypeMatcher.lookup('void')
DEBUG:pybindgen.typehandlers:try to lookup type handler for 'void' => success ((<class 'pybindgen.typehandlers.voidtype.VoidReturn'>, None, <pybindgen.typehandlers.ctypeparser.TypeTraits object at 0x7fca1c56feb8>))
DEBUG:pybindgen.typehandlers:TypeMatcher.lookup('std::map< ns3::Ipv4Address, ns3::dsdv::RoutingTableEntry > &')
DEBUG:pybindgen.typehandlers:try to lookup type handler for 'std::map< ns3::Ipv4Address, ns3::dsdv::RoutingTableEntry > &' => success ((<class 'pybindgen.container.Container.__init__.<locals>.ThisContainerRefParameter'>, None, <pybindgen.typehandlers.ctypeparser.TypeTraits object at 0x7fca1c579048>))
DEBUG:pybindgen.typehandlers:TypeMatcher.lookup('void')
DEBUG:pybindgen.typehandlers:try to lookup type handler for 'void' => success ((<class 'pybindgen.typehandlers.voidtype.VoidReturn'>, None, <pybindgen.typehandlers.ctypeparser.TypeTraits object at 0x7fca1c5794e0>))
DEBUG:pybindgen.typehandlers:TypeMatcher.lookup('ns3::Ipv4Address')
DEBUG:pybindgen.typehandlers:try to lookup type handler for 'ns3::Ipv4Address' => success ((<class 'pybindgen.cppclass.CppClass.__init__.<locals>.ThisClassParameter'>, None, <pybindgen.typehandlers.ctypeparser.TypeTraits object at 0x7fca1c579630>))
DEBUG:pybindgen.typehandlers:TypeMatcher.lookup('std::map< ns3::Ipv4Address, ns3::dsdv::RoutingTableEntry > &')
DEBUG:pybindgen.typehandlers:try to lookup type handler for 'std::map< ns3::Ipv4Address, ns3::dsdv::RoutingTableEntry > &' => success ((<class 'pybindgen.container.Container.__init__.<locals>.ThisContainerRefParameter'>, None, <pybindgen.typehandlers.ctypeparser.TypeTraits object at 0x7fca1c5796d8>))
DEBUG:pybindgen.typehandlers:TypeMatcher.lookup('ns3::Time')
DEBUG:pybindgen.typehandlers:try to lookup type handler for 'ns3::Time' => success ((<class 'pybindgen.cppclass.CppClass.__init__.<locals>.ThisClassReturn'>, None, <pybindgen.typehandlers.ctypeparser.TypeTraits object at 0x7fca1c579ba8>))
DEBUG:pybindgen.typehandlers:TypeMatcher.lookup('bool')
DEBUG:pybindgen.typehandlers:try to lookup type handler for 'bool' => success ((<class 'pybindgen.typehandlers.booltype.BoolReturn'>, None, <pybindgen.typehandlers.ctypeparser.TypeTraits object at 0x7fca1c579f28>))
DEBUG:pybindgen.typehandlers:TypeMatcher.lookup('ns3::Ipv4Address')
DEBUG:pybindgen.typehandlers:try to lookup type handler for 'ns3::Ipv4Address' => success ((<class 'pybindgen.cppclass.CppClass.__init__.<locals>.ThisClassParameter'>, None, <pybindgen.typehandlers.ctypeparser.TypeTraits object at 0x7fca1c57d0b8>))
DEBUG:pybindgen.typehandlers:TypeMatcher.lookup('ns3::dsdv::RoutingTableEntry &')
DEBUG:pybindgen.typehandlers:try to lookup type handler for 'ns3::dsdv::RoutingTableEntry &' => success ((<class 'pybindgen.cppclass.CppClass.__init__.<locals>.ThisClassRefParameter'>, None, <pybindgen.typehandlers.ctypeparser.TypeTraits object at 0x7fca1c57d160>))
DEBUG:pybindgen.typehandlers:TypeMatcher.lookup('bool')
DEBUG:pybindgen.typehandlers:try to lookup type handler for 'bool' => success ((<class 'pybindgen.typehandlers.booltype.BoolReturn'>, None, <pybindgen.typehandlers.ctypeparser.TypeTraits object at 0x7fca1c57d518>))
DEBUG:pybindgen.typehandlers:TypeMatcher.lookup('ns3::Ipv4Address')
DEBUG:pybindgen.typehandlers:try to lookup type handler for 'ns3::Ipv4Address' => success ((<class 'pybindgen.cppclass.CppClass.__init__.<locals>.ThisClassParameter'>, None, <pybindgen.typehandlers.ctypeparser.TypeTraits object at 0x7fca1c57d668>))
DEBUG:pybindgen.typehandlers:TypeMatcher.lookup('ns3::dsdv::RoutingTableEntry &')
DEBUG:pybindgen.typehandlers:try to lookup type handler for 'ns3::dsdv::RoutingTableEntry &' => success ((<class 'pybindgen.cppclass.CppClass.__init__.<locals>.ThisClassRefParameter'>, None, <pybindgen.typehandlers.ctypeparser.TypeTraits object at 0x7fca1c57d710>))
DEBUG:pybindgen.typehandlers:TypeMatcher.lookup('bool')
DEBUG:pybindgen.typehandlers:try to lookup type handler for 'bool' => success ((<class 'pybindgen.typehandlers.booltype.BoolParam'>, None, <pybindgen.typehandlers.ctypeparser.TypeTraits object at 0x7fca1c57d860>))
DEBUG:pybindgen.typehandlers:TypeMatcher.lookup('void')
DEBUG:pybindgen.typehandlers:try to lookup type handler for 'void' => success ((<class 'pybindgen.typehandlers.voidtype.VoidReturn'>, None, <pybindgen.typehandlers.ctypeparser.TypeTraits object at 0x7fca1c57dba8>))
DEBUG:pybindgen.typehandlers:TypeMatcher.lookup('ns3::Ptr< ns3::OutputStreamWrapper >')
DEBUG:pybindgen.typehandlers:try to lookup type handler for 'ns3::Ptr< ns3::OutputStreamWrapper >' => failure
DEBUG:pybindgen.typehandlers:try to lookup type handler for 'ns3::OutputStreamWrapper *' => success ((<class 'pybindgen.cppclass.MemoryPolicy.register_ptr_parameter_and_return.<locals>.ThisClassPtrParameter'>, <ns3modulegen_core_customizations.SmartPointerTransformation object at 0x7fca1d6d7048>, <pybindgen.typehandlers.ctypeparser.TypeTraits object at 0x7fca1c57df28>))
DEBUG:pybindgen.typehandlers:TypeMatcher.lookup('ns3::Time::Unit')
DEBUG:pybindgen.typehandlers:try to lookup type handler for 'ns3::Time::Unit' => success ((<class 'pybindgen.enum.Enum.set_module.<locals>.ThisEnumParameter'>, None, <pybindgen.typehandlers.ctypeparser.TypeTraits object at 0x7fca1c57df28>))
DEBUG:pybindgen.typehandlers:TypeMatcher.lookup('void')
DEBUG:pybindgen.typehandlers:try to lookup type handler for 'void' => success ((<class 'pybindgen.typehandlers.voidtype.VoidReturn'>, None, <pybindgen.typehandlers.ctypeparser.TypeTraits object at 0x7fca1c586278>))
DEBUG:pybindgen.typehandlers:TypeMatcher.lookup('std::map< ns3::Ipv4Address, ns3::dsdv::RoutingTableEntry > &')
DEBUG:pybindgen.typehandlers:try to lookup type handler for 'std::map< ns3::Ipv4Address, ns3::dsdv::RoutingTableEntry > &' => success ((<class 'pybindgen.container.Container.__init__.<locals>.ThisContainerRefParameter'>, None, <pybindgen.typehandlers.ctypeparser.TypeTraits object at 0x7fca1c5863c8>))
DEBUG:pybindgen.typehandlers:TypeMatcher.lookup('uint32_t')
DEBUG:pybindgen.typehandlers:try to lookup type handler for 'uint32_t' => success ((<class 'pybindgen.typehandlers.inttype.UnsignedIntReturn'>, None, <pybindgen.typehandlers.ctypeparser.TypeTraits object at 0x7fca1c586860>))
DEBUG:pybindgen.typehandlers:TypeMatcher.lookup('void')
DEBUG:pybindgen.typehandlers:try to lookup type handler for 'void' => success ((<class 'pybindgen.typehandlers.voidtype.VoidReturn'>, None, <pybindgen.typehandlers.ctypeparser.TypeTraits object at 0x7fca1c586c18>))
DEBUG:pybindgen.typehandlers:TypeMatcher.lookup('ns3::Time')
DEBUG:pybindgen.typehandlers:try to lookup type handler for 'ns3::Time' => success ((<class 'pybindgen.cppclass.CppClass.__init__.<locals>.ThisClassParameter'>, None, <pybindgen.typehandlers.ctypeparser.TypeTraits object at 0x7fca1c586d68>))
DEBUG:pybindgen.typehandlers:TypeMatcher.lookup('bool')
DEBUG:pybindgen.typehandlers:try to lookup type handler for 'bool' => success ((<class 'pybindgen.typehandlers.booltype.BoolReturn'>, None, <pybindgen.typehandlers.ctypeparser.TypeTraits object at 0x7fca1c58c0f0>))
DEBUG:pybindgen.typehandlers:TypeMatcher.lookup('ns3::dsdv::RoutingTableEntry &')
DEBUG:pybindgen.typehandlers:try to lookup type handler for 'ns3::dsdv::RoutingTableEntry &' => success ((<class 'pybindgen.cppclass.CppClass.__init__.<locals>.ThisClassRefParameter'>, None, <pybindgen.typehandlers.ctypeparser.TypeTraits object at 0x7fca1c58c240>))
DEBUG:pybindgen.typehandlers:TypeMatcher.lookup('ns3::dsdv::RoutingTableEntry const &')
DEBUG:pybindgen.typehandlers:try to lookup type handler for 'ns3::dsdv::RoutingTableEntry const &' => success ((<class 'pybindgen.cppclass.CppClass.__init__.<locals>.ThisClassRefParameter'>, None, <pybindgen.typehandlers.ctypeparser.TypeTraits object at 0x7fca1c58c5f8>))
DEBUG:pybindgen.typehandlers:TypeMatcher.lookup('ns3::Ptr< ns3::NetDevice >')
DEBUG:pybindgen.typehandlers:try to lookup type handler for 'ns3::Ptr< ns3::NetDevice >' => failure
DEBUG:pybindgen.typehandlers:try to lookup type handler for 'ns3::NetDevice *' => success ((<class 'pybindgen.cppclass.MemoryPolicy.register_ptr_parameter_and_return.<locals>.ThisClassPtrParameter'>, <ns3modulegen_core_customizations.SmartPointerTransformation object at 0x7fca1d6d7048>, <pybindgen.typehandlers.ctypeparser.TypeTraits object at 0x7fca1c58cc18>))
DEBUG:pybindgen.typehandlers:TypeMatcher.lookup('ns3::Ipv4Address')
DEBUG:pybindgen.typehandlers:try to lookup type handler for 'ns3::Ipv4Address' => success ((<class 'pybindgen.cppclass.CppClass.__init__.<locals>.ThisClassParameter'>, None, <pybindgen.typehandlers.ctypeparser.TypeTraits object at 0x7fca1c58cc18>))
DEBUG:pybindgen.typehandlers:TypeMatcher.lookup('uint32_t')
DEBUG:pybindgen.typehandlers:try to lookup type handler for 'uint32_t' => success ((<class 'pybindgen.typehandlers.inttype.UnsignedIntParam'>, None, <pybindgen.typehandlers.ctypeparser.TypeTraits object at 0x7fca1c58ccf8>))
DEBUG:pybindgen.typehandlers:TypeMatcher.lookup('ns3::Ipv4InterfaceAddress')
DEBUG:pybindgen.typehandlers:try to lookup type handler for 'ns3::Ipv4InterfaceAddress' => success ((<class 'pybindgen.cppclass.CppClass.__init__.<locals>.ThisClassParameter'>, None, <pybindgen.typehandlers.ctypeparser.TypeTraits object at 0x7fca1c58cd68>))
DEBUG:pybindgen.typehandlers:TypeMatcher.lookup('uint32_t')
DEBUG:pybindgen.typehandlers:try to lookup type handler for 'uint32_t' => success ((<class 'pybindgen.typehandlers.inttype.UnsignedIntParam'>, None, <pybindgen.typehandlers.ctypeparser.TypeTraits object at 0x7fca1c58ce48>))
DEBUG:pybindgen.typehandlers:TypeMatcher.lookup('ns3::Ipv4Address')
DEBUG:pybindgen.typehandlers:try to lookup type handler for 'ns3::Ipv4Address' => success ((<class 'pybindgen.cppclass.CppClass.__init__.<locals>.ThisClassParameter'>, None, <pybindgen.typehandlers.ctypeparser.TypeTraits object at 0x7fca1c58cf28>))
DEBUG:pybindgen.typehandlers:TypeMatcher.lookup('ns3::Time')
DEBUG:pybindgen.typehandlers:try to lookup type handler for 'ns3::Time' => success ((<class 'pybindgen.cppclass.CppClass.__init__.<locals>.ThisClassParameter'>, None, <pybindgen.typehandlers.ctypeparser.TypeTraits object at 0x7fca1c594048>))
DEBUG:pybindgen.typehandlers:TypeMatcher.lookup('ns3::Time')
DEBUG:pybindgen.typehandlers:try to lookup type handler for 'ns3::Time' => success ((<class 'pybindgen.cppclass.CppClass.__init__.<locals>.ThisClassParameter'>, None, <pybindgen.typehandlers.ctypeparser.TypeTraits object at 0x7fca1c594128>))
DEBUG:pybindgen.typehandlers:TypeMatcher.lookup('bool')
DEBUG:pybindgen.typehandlers:try to lookup type handler for 'bool' => success ((<class 'pybindgen.typehandlers.booltype.BoolParam'>, None, <pybindgen.typehandlers.ctypeparser.TypeTraits object at 0x7fca1c594208>))
DEBUG:pybindgen.typehandlers:TypeMatcher.lookup('ns3::Ipv4Address')
DEBUG:pybindgen.typehandlers:try to lookup type handler for 'ns3::Ipv4Address' => success ((<class 'pybindgen.cppclass.CppClass.__init__.<locals>.ThisClassReturn'>, None, <pybindgen.typehandlers.ctypeparser.TypeTraits object at 0x7fca1c594588>))
DEBUG:pybindgen.typehandlers:TypeMatcher.lookup('bool')
DEBUG:pybindgen.typehandlers:try to lookup type handler for 'bool' => success ((<class 'pybindgen.typehandlers.booltype.BoolReturn'>, None, <pybindgen.typehandlers.ctypeparser.TypeTraits object at 0x7fca1c594908>))
DEBUG:pybindgen.typehandlers:TypeMatcher.lookup('ns3::dsdv::RouteFlags')
DEBUG:pybindgen.typehandlers:try to lookup type handler for 'ns3::dsdv::RouteFlags' => success ((<class 'pybindgen.enum.Enum.set_module.<locals>.ThisEnumReturn'>, None, <pybindgen.typehandlers.ctypeparser.TypeTraits object at 0x7fca1c594cc0>))
DEBUG:pybindgen.typehandlers:TypeMatcher.lookup('uint32_t')
DEBUG:pybindgen.typehandlers:try to lookup type handler for 'uint32_t' => success ((<class 'pybindgen.typehandlers.inttype.UnsignedIntReturn'>, None, <pybindgen.typehandlers.ctypeparser.TypeTraits object at 0x7fca1c59b080>))
DEBUG:pybindgen.typehandlers:TypeMatcher.lookup('ns3::Ipv4InterfaceAddress')
DEBUG:pybindgen.typehandlers:try to lookup type handler for 'ns3::Ipv4InterfaceAddress' => success ((<class 'pybindgen.cppclass.CppClass.__init__.<locals>.ThisClassReturn'>, None, <pybindgen.typehandlers.ctypeparser.TypeTraits object at 0x7fca1c59b400>))
DEBUG:pybindgen.typehandlers:TypeMatcher.lookup('ns3::Time')
DEBUG:pybindgen.typehandlers:try to lookup type handler for 'ns3::Time' => success ((<class 'pybindgen.cppclass.CppClass.__init__.<locals>.ThisClassReturn'>, None, <pybindgen.typehandlers.ctypeparser.TypeTraits object at 0x7fca1c59b780>))
DEBUG:pybindgen.typehandlers:TypeMatcher.lookup('ns3::Ipv4Address')
DEBUG:pybindgen.typehandlers:try to lookup type handler for 'ns3::Ipv4Address' => success ((<class 'pybindgen.cppclass.CppClass.__init__.<locals>.ThisClassReturn'>, None, <pybindgen.typehandlers.ctypeparser.TypeTraits object at 0x7fca1c59bb00>))
DEBUG:pybindgen.typehandlers:TypeMatcher.lookup('ns3::Ptr< ns3::NetDevice >')
DEBUG:pybindgen.typehandlers:try to lookup type handler for 'ns3::Ptr< ns3::NetDevice >' => failure
DEBUG:pybindgen.typehandlers:try to lookup type handler for 'ns3::NetDevice *' => success ((<class 'pybindgen.cppclass.MemoryPolicy.register_ptr_parameter_and_return.<locals>.ThisClassPtrReturn'>, <ns3modulegen_core_customizations.SmartPointerTransformation object at 0x7fca1d6d7048>, <pybindgen.typehandlers.ctypeparser.TypeTraits object at 0x7fca1c5210f0>))
DEBUG:pybindgen.typehandlers:TypeMatcher.lookup('ns3::Ptr< ns3::Ipv4Route >')
DEBUG:pybindgen.typehandlers:try to lookup type handler for 'ns3::Ptr< ns3::Ipv4Route >' => failure
DEBUG:pybindgen.typehandlers:try to lookup type handler for 'ns3::Ipv4Route *' => success ((<class 'pybindgen.cppclass.MemoryPolicy.register_ptr_parameter_and_return.<locals>.ThisClassPtrReturn'>, <ns3modulegen_core_customizations.SmartPointerTransformation object at 0x7fca1d6d7048>, <pybindgen.typehandlers.ctypeparser.TypeTraits object at 0x7fca1c521588>))
DEBUG:pybindgen.typehandlers:TypeMatcher.lookup('uint32_t')
DEBUG:pybindgen.typehandlers:try to lookup type handler for 'uint32_t' => success ((<class 'pybindgen.typehandlers.inttype.UnsignedIntReturn'>, None, <pybindgen.typehandlers.ctypeparser.TypeTraits object at 0x7fca1c5217f0>))
DEBUG:pybindgen.typehandlers:TypeMatcher.lookup('ns3::Time')
DEBUG:pybindgen.typehandlers:try to lookup type handler for 'ns3::Time' => success ((<class 'pybindgen.cppclass.CppClass.__init__.<locals>.ThisClassReturn'>, None, <pybindgen.typehandlers.ctypeparser.TypeTraits object at 0x7fca1c521b70>))
DEBUG:pybindgen.typehandlers:TypeMatcher.lookup('void')
DEBUG:pybindgen.typehandlers:try to lookup type handler for 'void' => success ((<class 'pybindgen.typehandlers.voidtype.VoidReturn'>, None, <pybindgen.typehandlers.ctypeparser.TypeTraits object at 0x7fca1c521ef0>))
DEBUG:pybindgen.typehandlers:TypeMatcher.lookup('ns3::Ptr< ns3::OutputStreamWrapper >')
DEBUG:pybindgen.typehandlers:try to lookup type handler for 'ns3::Ptr< ns3::OutputStreamWrapper >' => failure
DEBUG:pybindgen.typehandlers:try to lookup type handler for 'ns3::OutputStreamWrapper *' => success ((<class 'pybindgen.cppclass.MemoryPolicy.register_ptr_parameter_and_return.<locals>.ThisClassPtrParameter'>, <ns3modulegen_core_customizations.SmartPointerTransformation object at 0x7fca1d6d7048>, <pybindgen.typehandlers.ctypeparser.TypeTraits object at 0x7fca1c52b2b0>))
DEBUG:pybindgen.typehandlers:TypeMatcher.lookup('ns3::Time::Unit')
DEBUG:pybindgen.typehandlers:try to lookup type handler for 'ns3::Time::Unit' => success ((<class 'pybindgen.enum.Enum.set_module.<locals>.ThisEnumParameter'>, None, <pybindgen.typehandlers.ctypeparser.TypeTraits object at 0x7fca1c52b2b0>))
DEBUG:pybindgen.typehandlers:TypeMatcher.lookup('void')
DEBUG:pybindgen.typehandlers:try to lookup type handler for 'void' => success ((<class 'pybindgen.typehandlers.voidtype.VoidReturn'>, None, <pybindgen.typehandlers.ctypeparser.TypeTraits object at 0x7fca1c52b5c0>))
DEBUG:pybindgen.typehandlers:TypeMatcher.lookup('bool')
DEBUG:pybindgen.typehandlers:try to lookup type handler for 'bool' => success ((<class 'pybindgen.typehandlers.booltype.BoolParam'>, None, <pybindgen.typehandlers.ctypeparser.TypeTraits object at 0x7fca1c52b710>))
DEBUG:pybindgen.typehandlers:TypeMatcher.lookup('void')
DEBUG:pybindgen.typehandlers:try to lookup type handler for 'void' => success ((<class 'pybindgen.typehandlers.voidtype.VoidReturn'>, None, <pybindgen.typehandlers.ctypeparser.TypeTraits object at 0x7fca1c52ba90>))
DEBUG:pybindgen.typehandlers:TypeMatcher.lookup('ns3::dsdv::RouteFlags')
DEBUG:pybindgen.typehandlers:try to lookup type handler for 'ns3::dsdv::RouteFlags' => success ((<class 'pybindgen.enum.Enum.set_module.<locals>.ThisEnumParameter'>, None, <pybindgen.typehandlers.ctypeparser.TypeTraits object at 0x7fca1c52bbe0>))
DEBUG:pybindgen.typehandlers:TypeMatcher.lookup('void')
DEBUG:pybindgen.typehandlers:try to lookup type handler for 'void' => success ((<class 'pybindgen.typehandlers.voidtype.VoidReturn'>, None, <pybindgen.typehandlers.ctypeparser.TypeTraits object at 0x7fca1c52bf28>))
DEBUG:pybindgen.typehandlers:TypeMatcher.lookup('uint32_t')
DEBUG:pybindgen.typehandlers:try to lookup type handler for 'uint32_t' => success ((<class 'pybindgen.typehandlers.inttype.UnsignedIntParam'>, None, <pybindgen.typehandlers.ctypeparser.TypeTraits object at 0x7fca1c5310b8>))
DEBUG:pybindgen.typehandlers:TypeMatcher.lookup('void')
DEBUG:pybindgen.typehandlers:try to lookup type handler for 'void' => success ((<class 'pybindgen.typehandlers.voidtype.VoidReturn'>, None, <pybindgen.typehandlers.ctypeparser.TypeTraits object at 0x7fca1c531400>))
DEBUG:pybindgen.typehandlers:TypeMatcher.lookup('ns3::Ipv4InterfaceAddress')
DEBUG:pybindgen.typehandlers:try to lookup type handler for 'ns3::Ipv4InterfaceAddress' => success ((<class 'pybindgen.cppclass.CppClass.__init__.<locals>.ThisClassParameter'>, None, <pybindgen.typehandlers.ctypeparser.TypeTraits object at 0x7fca1c531550>))
DEBUG:pybindgen.typehandlers:TypeMatcher.lookup('void')
DEBUG:pybindgen.typehandlers:try to lookup type handler for 'void' => success ((<class 'pybindgen.typehandlers.voidtype.VoidReturn'>, None, <pybindgen.typehandlers.ctypeparser.TypeTraits object at 0x7fca1c531898>))
DEBUG:pybindgen.typehandlers:TypeMatcher.lookup('ns3::Time')
DEBUG:pybindgen.typehandlers:try to lookup type handler for 'ns3::Time' => success ((<class 'pybindgen.cppclass.CppClass.__init__.<locals>.ThisClassParameter'>, None, <pybindgen.typehandlers.ctypeparser.TypeTraits object at 0x7fca1c5319e8>))
DEBUG:pybindgen.typehandlers:TypeMatcher.lookup('void')
DEBUG:pybindgen.typehandlers:try to lookup type handler for 'void' => success ((<class 'pybindgen.typehandlers.voidtype.VoidReturn'>, None, <pybindgen.typehandlers.ctypeparser.TypeTraits object at 0x7fca1c531d30>))
DEBUG:pybindgen.typehandlers:TypeMatcher.lookup('ns3::Ipv4Address')
DEBUG:pybindgen.typehandlers:try to lookup type handler for 'ns3::Ipv4Address' => success ((<class 'pybindgen.cppclass.CppClass.__init__.<locals>.ThisClassParameter'>, None, <pybindgen.typehandlers.ctypeparser.TypeTraits object at 0x7fca1c531e80>))
DEBUG:pybindgen.typehandlers:TypeMatcher.lookup('void')
DEBUG:pybindgen.typehandlers:try to lookup type handler for 'void' => success ((<class 'pybindgen.typehandlers.voidtype.VoidReturn'>, None, <pybindgen.typehandlers.ctypeparser.TypeTraits object at 0x7fca1c538208>))
DEBUG:pybindgen.typehandlers:TypeMatcher.lookup('ns3::Ptr< ns3::NetDevice >')
DEBUG:pybindgen.typehandlers:try to lookup type handler for 'ns3::Ptr< ns3::NetDevice >' => failure
DEBUG:pybindgen.typehandlers:try to lookup type handler for 'ns3::NetDevice *' => success ((<class 'pybindgen.cppclass.MemoryPolicy.register_ptr_parameter_and_return.<locals>.ThisClassPtrParameter'>, <ns3modulegen_core_customizations.SmartPointerTransformation object at 0x7fca1d6d7048>, <pybindgen.typehandlers.ctypeparser.TypeTraits object at 0x7fca1c538588>))
DEBUG:pybindgen.typehandlers:TypeMatcher.lookup('void')
DEBUG:pybindgen.typehandlers:try to lookup type handler for 'void' => success ((<class 'pybindgen.typehandlers.voidtype.VoidReturn'>, None, <pybindgen.typehandlers.ctypeparser.TypeTraits object at 0x7fca1c5387b8>))
DEBUG:pybindgen.typehandlers:TypeMatcher.lookup('ns3::Ptr< ns3::Ipv4Route >')
DEBUG:pybindgen.typehandlers:try to lookup type handler for 'ns3::Ptr< ns3::Ipv4Route >' => failure
DEBUG:pybindgen.typehandlers:try to lookup type handler for 'ns3::Ipv4Route *' => success ((<class 'pybindgen.cppclass.MemoryPolicy.register_ptr_parameter_and_return.<locals>.ThisClassPtrParameter'>, <ns3modulegen_core_customizations.SmartPointerTransformation object at 0x7fca1d6d7048>, <pybindgen.typehandlers.ctypeparser.TypeTraits object at 0x7fca1c538b38>))
DEBUG:pybindgen.typehandlers:TypeMatcher.lookup('void')
DEBUG:pybindgen.typehandlers:try to lookup type handler for 'void' => success ((<class 'pybindgen.typehandlers.voidtype.VoidReturn'>, None, <pybindgen.typehandlers.ctypeparser.TypeTraits object at 0x7fca1c538d68>))
DEBUG:pybindgen.typehandlers:TypeMatcher.lookup('uint32_t')
DEBUG:pybindgen.typehandlers:try to lookup type handler for 'uint32_t' => success ((<class 'pybindgen.typehandlers.inttype.UnsignedIntParam'>, None, <pybindgen.typehandlers.ctypeparser.TypeTraits object at 0x7fca1c538eb8>))
DEBUG:pybindgen.typehandlers:TypeMatcher.lookup('void')
DEBUG:pybindgen.typehandlers:try to lookup type handler for 'void' => success ((<class 'pybindgen.typehandlers.voidtype.VoidReturn'>, None, <pybindgen.typehandlers.ctypeparser.TypeTraits object at 0x7fca1c53d240>))
DEBUG:pybindgen.typehandlers:TypeMatcher.lookup('ns3::Time')
DEBUG:pybindgen.typehandlers:try to lookup type handler for 'ns3::Time' => success ((<class 'pybindgen.cppclass.CppClass.__init__.<locals>.ThisClassParameter'>, None, <pybindgen.typehandlers.ctypeparser.TypeTraits object at 0x7fca1c53d390>))
DEBUG:pybindgen.typehandlers:TypeMatcher.lookup('ns3::ObjectBase *')
DEBUG:pybindgen.typehandlers:try to lookup type handler for 'ns3::ObjectBase *' => success ((<class 'pybindgen.cppclass.CppClass.__init__.<locals>.ThisClassPtrReturn'>, None, <pybindgen.typehandlers.ctypeparser.TypeTraits object at 0x7fca1c53d940>))
/home/imran/ns-allinone-3.36.1/pybindgen-0.22.1/pybindgen/cppclass.py:3844: UserWarning: Returning shared pointers is dangerous!  The C++ API should be redesigned to avoid this situation.
  warnings.warn("Returning shared pointers is dangerous!"
Flushing to  <pybindgen.typehandlers.codesink.MemoryCodeSink object at 0x7fca1d3b8828>
DEBUG:pybindgen.typehandlers:TypeMatcher.lookup('void')
DEBUG:pybindgen.typehandlers:try to lookup type handler for 'void' => success ((<class 'pybindgen.typehandlers.voidtype.VoidReturn'>, None, <pybindgen.typehandlers.ctypeparser.TypeTraits object at 0x7fca1c53d898>))
DEBUG:pybindgen.typehandlers:TypeMatcher.lookup('ns3::Ptr< ns3::NetDevice >')
DEBUG:pybindgen.typehandlers:try to lookup type handler for 'ns3::Ptr< ns3::NetDevice >' => failure
DEBUG:pybindgen.typehandlers:try to lookup type handler for 'ns3::NetDevice *' => success ((<class 'pybindgen.cppclass.MemoryPolicy.register_ptr_parameter_and_return.<locals>.ThisClassPtrParameter'>, <ns3modulegen_core_customizations.SmartPointerTransformation object at 0x7fca1d6d7048>, <pybindgen.typehandlers.ctypeparser.TypeTraits object at 0x7fca1c545320>))
DEBUG:pybindgen.typehandlers:TypeMatcher.lookup('ns3::Ptr< ns3::Packet const >')
DEBUG:pybindgen.typehandlers:try to lookup type handler for 'ns3::Ptr< ns3::Packet const >' => failure
DEBUG:pybindgen.typehandlers:try to lookup type handler for 'ns3::Packet *' => success ((<class 'pybindgen.cppclass.MemoryPolicy.register_ptr_parameter_and_return.<locals>.ThisClassPtrParameter'>, <ns3modulegen_core_customizations.SmartPointerTransformation object at 0x7fca1d6d7048>, <pybindgen.typehandlers.ctypeparser.TypeTraits object at 0x7fca1c5455f8>))
DEBUG:pybindgen.typehandlers:TypeMatcher.lookup('unsigned short')
DEBUG:pybindgen.typehandlers:try to lookup type handler for 'unsigned short' => success ((<class 'pybindgen.typehandlers.inttype.UInt16Param'>, None, <pybindgen.typehandlers.ctypeparser.TypeTraits object at 0x7fca1c545358>))
DEBUG:pybindgen.typehandlers:TypeMatcher.lookup('ns3::Address &')
DEBUG:pybindgen.typehandlers:try to lookup type handler for 'ns3::Address &' => success ((<class 'pybindgen.cppclass.CppClass.__init__.<locals>.ThisClassRefParameter'>, None, <pybindgen.typehandlers.ctypeparser.TypeTraits object at 0x7fca1c5456a0>))
DEBUG:pybindgen.typehandlers:TypeMatcher.lookup('ns3::Address &')
DEBUG:pybindgen.typehandlers:try to lookup type handler for 'ns3::Address &' => success ((<class 'pybindgen.cppclass.CppClass.__init__.<locals>.ThisClassRefParameter'>, None, <pybindgen.typehandlers.ctypeparser.TypeTraits object at 0x7fca1c5457b8>))
DEBUG:pybindgen.typehandlers:TypeMatcher.lookup('ns3::NetDevice::PacketType')
DEBUG:pybindgen.typehandlers:try to lookup type handler for 'ns3::NetDevice::PacketType' => success ((<class 'pybindgen.enum.Enum.set_module.<locals>.ThisEnumParameter'>, None, <pybindgen.typehandlers.ctypeparser.TypeTraits object at 0x7fca1c545908>))
Flushing to  <pybindgen.typehandlers.codesink.MemoryCodeSink object at 0x7fca1d3b8828>
DEBUG:pybindgen.typehandlers:TypeMatcher.lookup('void')
DEBUG:pybindgen.typehandlers:try to lookup type handler for 'void' => success ((<class 'pybindgen.typehandlers.voidtype.VoidReturn'>, None, <pybindgen.typehandlers.ctypeparser.TypeTraits object at 0x7fca1c53deb8>))
DEBUG:pybindgen.typehandlers:TypeMatcher.lookup('ns3::Ptr< ns3::NetDevice >')
DEBUG:pybindgen.typehandlers:try to lookup type handler for 'ns3::Ptr< ns3::NetDevice >' => failure
DEBUG:pybindgen.typehandlers:try to lookup type handler for 'ns3::NetDevice *' => success ((<class 'pybindgen.cppclass.MemoryPolicy.register_ptr_parameter_and_return.<locals>.ThisClassPtrParameter'>, <ns3modulegen_core_customizations.SmartPointerTransformation object at 0x7fca1d6d7048>, <pybindgen.typehandlers.ctypeparser.TypeTraits object at 0x7fca1c552128>))
Flushing to  <pybindgen.typehandlers.codesink.MemoryCodeSink object at 0x7fca1d3b8828>
DEBUG:pybindgen.typehandlers:TypeMatcher.lookup('void')
DEBUG:pybindgen.typehandlers:try to lookup type handler for 'void' => success ((<class 'pybindgen.typehandlers.voidtype.VoidReturn'>, None, <pybindgen.typehandlers.ctypeparser.TypeTraits object at 0x7fca1c545cf8>))
DEBUG:pybindgen.typehandlers:TypeMatcher.lookup('ns3::Ptr< ns3::Socket >')
DEBUG:pybindgen.typehandlers:try to lookup type handler for 'ns3::Ptr< ns3::Socket >' => failure
DEBUG:pybindgen.typehandlers:try to lookup type handler for 'ns3::Socket *' => success ((<class 'pybindgen.cppclass.MemoryPolicy.register_ptr_parameter_and_return.<locals>.ThisClassPtrParameter'>, <ns3modulegen_core_customizations.SmartPointerTransformation object at 0x7fca1d6d7048>, <pybindgen.typehandlers.ctypeparser.TypeTraits object at 0x7fca1c545550>))
Flushing to  <pybindgen.typehandlers.codesink.MemoryCodeSink object at 0x7fca1d3b8828>
DEBUG:pybindgen.typehandlers:TypeMatcher.lookup('bool')
DEBUG:pybindgen.typehandlers:try to lookup type handler for 'bool' => success ((<class 'pybindgen.typehandlers.booltype.BoolReturn'>, None, <pybindgen.typehandlers.ctypeparser.TypeTraits object at 0x7fca1c5450f0>))
DEBUG:pybindgen.typehandlers:TypeMatcher.lookup('ns3::Ptr< ns3::Socket >')
DEBUG:pybindgen.typehandlers:try to lookup type handler for 'ns3::Ptr< ns3::Socket >' => failure
DEBUG:pybindgen.typehandlers:try to lookup type handler for 'ns3::Socket *' => success ((<class 'pybindgen.cppclass.MemoryPolicy.register_ptr_parameter_and_return.<locals>.ThisClassPtrParameter'>, <ns3modulegen_core_customizations.SmartPointerTransformation object at 0x7fca1d6d7048>, <pybindgen.typehandlers.ctypeparser.TypeTraits object at 0x7fca1c545940>))
DEBUG:pybindgen.typehandlers:TypeMatcher.lookup('ns3::Address &')
DEBUG:pybindgen.typehandlers:try to lookup type handler for 'ns3::Address &' => success ((<class 'pybindgen.cppclass.CppClass.__init__.<locals>.ThisClassRefParameter'>, None, <pybindgen.typehandlers.ctypeparser.TypeTraits object at 0x7fca1c545710>))
Flushing to  <pybindgen.typehandlers.codesink.MemoryCodeSink object at 0x7fca1d3b8828>
DEBUG:pybindgen.typehandlers:TypeMatcher.lookup('void')
DEBUG:pybindgen.typehandlers:try to lookup type handler for 'void' => success ((<class 'pybindgen.typehandlers.voidtype.VoidReturn'>, None, <pybindgen.typehandlers.ctypeparser.TypeTraits object at 0x7fca1c545630>))
DEBUG:pybindgen.typehandlers:TypeMatcher.lookup('ns3::Ptr< ns3::Socket >')
DEBUG:pybindgen.typehandlers:try to lookup type handler for 'ns3::Ptr< ns3::Socket >' => failure
DEBUG:pybindgen.typehandlers:try to lookup type handler for 'ns3::Socket *' => success ((<class 'pybindgen.cppclass.MemoryPolicy.register_ptr_parameter_and_return.<locals>.ThisClassPtrParameter'>, <ns3modulegen_core_customizations.SmartPointerTransformation object at 0x7fca1d6d7048>, <pybindgen.typehandlers.ctypeparser.TypeTraits object at 0x7fca1c5580b8>))
DEBUG:pybindgen.typehandlers:TypeMatcher.lookup('ns3::Address &')
DEBUG:pybindgen.typehandlers:try to lookup type handler for 'ns3::Address &' => success ((<class 'pybindgen.cppclass.CppClass.__init__.<locals>.ThisClassRefParameter'>, None, <pybindgen.typehandlers.ctypeparser.TypeTraits object at 0x7fca1c545470>))
Flushing to  <pybindgen.typehandlers.codesink.MemoryCodeSink object at 0x7fca1d3b8828>
DEBUG:pybindgen.typehandlers:TypeMatcher.lookup('void')
DEBUG:pybindgen.typehandlers:try to lookup type handler for 'void' => success ((<class 'pybindgen.typehandlers.voidtype.VoidReturn'>, None, <pybindgen.typehandlers.ctypeparser.TypeTraits object at 0x7fca1c545400>))
DEBUG:pybindgen.typehandlers:TypeMatcher.lookup('ns3::Ptr< ns3::Socket >')
DEBUG:pybindgen.typehandlers:try to lookup type handler for 'ns3::Ptr< ns3::Socket >' => failure
DEBUG:pybindgen.typehandlers:try to lookup type handler for 'ns3::Socket *' => success ((<class 'pybindgen.cppclass.MemoryPolicy.register_ptr_parameter_and_return.<locals>.ThisClassPtrParameter'>, <ns3modulegen_core_customizations.SmartPointerTransformation object at 0x7fca1d6d7048>, <pybindgen.typehandlers.ctypeparser.TypeTraits object at 0x7fca1c545860>))
DEBUG:pybindgen.typehandlers:TypeMatcher.lookup('unsigned int')
DEBUG:pybindgen.typehandlers:try to lookup type handler for 'unsigned int' => success ((<class 'pybindgen.typehandlers.inttype.UnsignedIntParam'>, None, <pybindgen.typehandlers.ctypeparser.TypeTraits object at 0x7fca1c5457b8>))
Flushing to  <pybindgen.typehandlers.codesink.MemoryCodeSink object at 0x7fca1d3b8828>
DEBUG:pybindgen.typehandlers:TypeMatcher.lookup('void')
DEBUG:pybindgen.typehandlers:try to lookup type handler for 'void' => success ((<class 'pybindgen.typehandlers.voidtype.VoidReturn'>, None, <pybindgen.typehandlers.ctypeparser.TypeTraits object at 0x7fca1c545780>))
DEBUG:pybindgen.typehandlers:TypeMatcher.lookup('ns3::Ptr< ns3::Ipv4Route >')
DEBUG:pybindgen.typehandlers:try to lookup type handler for 'ns3::Ptr< ns3::Ipv4Route >' => failure
DEBUG:pybindgen.typehandlers:try to lookup type handler for 'ns3::Ipv4Route *' => success ((<class 'pybindgen.cppclass.MemoryPolicy.register_ptr_parameter_and_return.<locals>.ThisClassPtrParameter'>, <ns3modulegen_core_customizations.SmartPointerTransformation object at 0x7fca1d6d7048>, <pybindgen.typehandlers.ctypeparser.TypeTraits object at 0x7fca1c5580b8>))
DEBUG:pybindgen.typehandlers:TypeMatcher.lookup('ns3::Ptr< ns3::Packet const >')
DEBUG:pybindgen.typehandlers:try to lookup type handler for 'ns3::Ptr< ns3::Packet const >' => failure
DEBUG:pybindgen.typehandlers:try to lookup type handler for 'ns3::Packet *' => success ((<class 'pybindgen.cppclass.MemoryPolicy.register_ptr_parameter_and_return.<locals>.ThisClassPtrParameter'>, <ns3modulegen_core_customizations.SmartPointerTransformation object at 0x7fca1d6d7048>, <pybindgen.typehandlers.ctypeparser.TypeTraits object at 0x7fca1c5587b8>))
DEBUG:pybindgen.typehandlers:TypeMatcher.lookup('ns3::Ipv4Header &')
DEBUG:pybindgen.typehandlers:try to lookup type handler for 'ns3::Ipv4Header &' => success ((<class 'pybindgen.cppclass.CppClass.__init__.<locals>.ThisClassRefParameter'>, None, <pybindgen.typehandlers.ctypeparser.TypeTraits object at 0x7fca1c558198>))
Flushing to  <pybindgen.typehandlers.codesink.MemoryCodeSink object at 0x7fca1d3b8828>
DEBUG:pybindgen.typehandlers:TypeMatcher.lookup('void')
DEBUG:pybindgen.typehandlers:try to lookup type handler for 'void' => success ((<class 'pybindgen.typehandlers.voidtype.VoidReturn'>, None, <pybindgen.typehandlers.ctypeparser.TypeTraits object at 0x7fca1c5453c8>))
DEBUG:pybindgen.typehandlers:TypeMatcher.lookup('ns3::Ptr< ns3::Packet const >')
DEBUG:pybindgen.typehandlers:try to lookup type handler for 'ns3::Ptr< ns3::Packet const >' => failure
DEBUG:pybindgen.typehandlers:try to lookup type handler for 'ns3::Packet *' => success ((<class 'pybindgen.cppclass.MemoryPolicy.register_ptr_parameter_and_return.<locals>.ThisClassPtrParameter'>, <ns3modulegen_core_customizations.SmartPointerTransformation object at 0x7fca1d6d7048>, <pybindgen.typehandlers.ctypeparser.TypeTraits object at 0x7fca1c558a90>))
DEBUG:pybindgen.typehandlers:TypeMatcher.lookup('ns3::Ipv4Header &')
DEBUG:pybindgen.typehandlers:try to lookup type handler for 'ns3::Ipv4Header &' => success ((<class 'pybindgen.cppclass.CppClass.__init__.<locals>.ThisClassRefParameter'>, None, <pybindgen.typehandlers.ctypeparser.TypeTraits object at 0x7fca1c545400>))
DEBUG:pybindgen.typehandlers:TypeMatcher.lookup('ns3::Socket::SocketErrno')
DEBUG:pybindgen.typehandlers:try to lookup type handler for 'ns3::Socket::SocketErrno' => success ((<class 'pybindgen.enum.Enum.set_module.<locals>.ThisEnumParameter'>, None, <pybindgen.typehandlers.ctypeparser.TypeTraits object at 0x7fca1c558b38>))
Flushing to  <pybindgen.typehandlers.codesink.MemoryCodeSink object at 0x7fca1d3b8828>
DEBUG:pybindgen.typehandlers:TypeMatcher.lookup('void')
DEBUG:pybindgen.typehandlers:try to lookup type handler for 'void' => success ((<class 'pybindgen.typehandlers.voidtype.VoidReturn'>, None, <pybindgen.typehandlers.ctypeparser.TypeTraits object at 0x7fca1c5458d0>))
DEBUG:pybindgen.typehandlers:TypeMatcher.lookup('ns3::Ipv4Header &')
DEBUG:pybindgen.typehandlers:try to lookup type handler for 'ns3::Ipv4Header &' => success ((<class 'pybindgen.cppclass.CppClass.__init__.<locals>.ThisClassRefParameter'>, None, <pybindgen.typehandlers.ctypeparser.TypeTraits object at 0x7fca1c558240>))
DEBUG:pybindgen.typehandlers:TypeMatcher.lookup('ns3::Ptr< ns3::Packet const >')
DEBUG:pybindgen.typehandlers:try to lookup type handler for 'ns3::Ptr< ns3::Packet const >' => failure
DEBUG:pybindgen.typehandlers:try to lookup type handler for 'ns3::Packet *' => success ((<class 'pybindgen.cppclass.MemoryPolicy.register_ptr_parameter_and_return.<locals>.ThisClassPtrParameter'>, <ns3modulegen_core_customizations.SmartPointerTransformation object at 0x7fca1d6d7048>, <pybindgen.typehandlers.ctypeparser.TypeTraits object at 0x7fca1c5585c0>))
DEBUG:pybindgen.typehandlers:TypeMatcher.lookup('unsigned int')
DEBUG:pybindgen.typehandlers:try to lookup type handler for 'unsigned int' => success ((<class 'pybindgen.typehandlers.inttype.UnsignedIntParam'>, None, <pybindgen.typehandlers.ctypeparser.TypeTraits object at 0x7fca1c558898>))
Flushing to  <pybindgen.typehandlers.codesink.MemoryCodeSink object at 0x7fca1d3b8828>
DEBUG:pybindgen.typehandlers:TypeMatcher.lookup('void')
DEBUG:pybindgen.typehandlers:try to lookup type handler for 'void' => success ((<class 'pybindgen.typehandlers.voidtype.VoidReturn'>, None, <pybindgen.typehandlers.ctypeparser.TypeTraits object at 0x7fca1c5589e8>))
DEBUG:pybindgen.typehandlers:TypeMatcher.lookup('ns3::Ptr< ns3::Packet const >')
DEBUG:pybindgen.typehandlers:try to lookup type handler for 'ns3::Ptr< ns3::Packet const >' => failure
DEBUG:pybindgen.typehandlers:try to lookup type handler for 'ns3::Packet *' => success ((<class 'pybindgen.cppclass.MemoryPolicy.register_ptr_parameter_and_return.<locals>.ThisClassPtrParameter'>, <ns3modulegen_core_customizations.SmartPointerTransformation object at 0x7fca1d6d7048>, <pybindgen.typehandlers.ctypeparser.TypeTraits object at 0x7fca1c545400>))
DEBUG:pybindgen.typehandlers:TypeMatcher.lookup('ns3::Ptr< ns3::Ipv4 >')
DEBUG:pybindgen.typehandlers:try to lookup type handler for 'ns3::Ptr< ns3::Ipv4 >' => failure
DEBUG:pybindgen.typehandlers:try to lookup type handler for 'ns3::Ipv4 *' => success ((<class 'pybindgen.cppclass.MemoryPolicy.register_ptr_parameter_and_return.<locals>.ThisClassPtrParameter'>, <ns3modulegen_core_customizations.SmartPointerTransformation object at 0x7fca1d6d7048>, <pybindgen.typehandlers.ctypeparser.TypeTraits object at 0x7fca1c4e2080>))
DEBUG:pybindgen.typehandlers:TypeMatcher.lookup('unsigned int')
DEBUG:pybindgen.typehandlers:try to lookup type handler for 'unsigned int' => success ((<class 'pybindgen.typehandlers.inttype.UnsignedIntParam'>, None, <pybindgen.typehandlers.ctypeparser.TypeTraits object at 0x7fca1c5454e0>))
Flushing to  <pybindgen.typehandlers.codesink.MemoryCodeSink object at 0x7fca1d3b8828>
DEBUG:pybindgen.typehandlers:TypeMatcher.lookup('void')
DEBUG:pybindgen.typehandlers:try to lookup type handler for 'void' => success ((<class 'pybindgen.typehandlers.voidtype.VoidReturn'>, None, <pybindgen.typehandlers.ctypeparser.TypeTraits object at 0x7fca1c558860>))
DEBUG:pybindgen.typehandlers:TypeMatcher.lookup('ns3::Ipv4Header &')
DEBUG:pybindgen.typehandlers:try to lookup type handler for 'ns3::Ipv4Header &' => success ((<class 'pybindgen.cppclass.CppClass.__init__.<locals>.ThisClassRefParameter'>, None, <pybindgen.typehandlers.ctypeparser.TypeTraits object at 0x7fca1c558e48>))
DEBUG:pybindgen.typehandlers:TypeMatcher.lookup('ns3::Ptr< ns3::Packet const >')
DEBUG:pybindgen.typehandlers:try to lookup type handler for 'ns3::Ptr< ns3::Packet const >' => failure
DEBUG:pybindgen.typehandlers:try to lookup type handler for 'ns3::Packet *' => success ((<class 'pybindgen.cppclass.MemoryPolicy.register_ptr_parameter_and_return.<locals>.ThisClassPtrParameter'>, <ns3modulegen_core_customizations.SmartPointerTransformation object at 0x7fca1d6d7048>, <pybindgen.typehandlers.ctypeparser.TypeTraits object at 0x7fca1c4e2048>))
DEBUG:pybindgen.typehandlers:TypeMatcher.lookup('ns3::Ipv4L3Protocol::DropReason')
DEBUG:pybindgen.typehandlers:try to lookup type handler for 'ns3::Ipv4L3Protocol::DropReason' => success ((<class 'pybindgen.enum.Enum.set_module.<locals>.ThisEnumParameter'>, None, <pybindgen.typehandlers.ctypeparser.TypeTraits object at 0x7fca1c558128>))
DEBUG:pybindgen.typehandlers:TypeMatcher.lookup('ns3::Ptr< ns3::Ipv4 >')
DEBUG:pybindgen.typehandlers:try to lookup type handler for 'ns3::Ptr< ns3::Ipv4 >' => failure
DEBUG:pybindgen.typehandlers:try to lookup type handler for 'ns3::Ipv4 *' => success ((<class 'pybindgen.cppclass.MemoryPolicy.register_ptr_parameter_and_return.<locals>.ThisClassPtrParameter'>, <ns3modulegen_core_customizations.SmartPointerTransformation object at 0x7fca1d6d7048>, <pybindgen.typehandlers.ctypeparser.TypeTraits object at 0x7fca1c4e2630>))
DEBUG:pybindgen.typehandlers:TypeMatcher.lookup('unsigned int')
DEBUG:pybindgen.typehandlers:try to lookup type handler for 'unsigned int' => success ((<class 'pybindgen.typehandlers.inttype.UnsignedIntParam'>, None, <pybindgen.typehandlers.ctypeparser.TypeTraits object at 0x7fca1c558630>))
Flushing to  <pybindgen.typehandlers.codesink.MemoryCodeSink object at 0x7fca1d3b8828>
